pool,group,date,hours,weight_sum,MAE,RMSE,bias,mean_under,mean_over,under_fraction,over_fraction,under_when_present,over_when_present,absolute_error_sum,mean_actual,negative_prediction_hours
common,A,2021-07-01,24,24.0,7.285669414331118,9.80654205522405,-3.9344320698747857,5.610050742102952,1.6756186722281665,0.7083333333333334,0.2916666666666667,7.920071635910049,5.744978304782285,174.85606594394685,149.16666666666666,0
common,A,2021-07-02,24,24.0,6.900684086451439,8.906107475883863,-0.00044547187554518547,3.4505647791634924,3.450119307287947,0.4166666666666667,0.5833333333333334,8.28135546999238,5.914490241065052,165.61641807483454,141.70833333333334,0
common,A,2021-07-03,24,24.0,2.9049942976328462,3.937551584857283,0.2345328838055664,1.3352307069136398,1.5697635907192062,0.4166666666666667,0.5833333333333334,3.2045536965927353,2.6910232983757822,69.7198631431883,49.708333333333336,0
common,A,2021-07-04,24,24.0,2.9874498750770404,5.547105308637663,1.7864014711399394,0.6005242019685507,2.38692567310849,0.3333333333333333,0.6666666666666666,1.801572605905652,3.5803885096627353,71.69879700184897,24.625,0
common,A,2021-07-05,24,24.0,6.970152563718482,9.86375112480107,0.5121057054787929,3.2290234291198447,3.7411291345986375,0.5833333333333334,0.4166666666666667,5.535468735634019,8.97870992303673,167.28366152924357,115.33333333333333,0
common,A,2021-07-06,24,24.0,6.382502581205465,8.752956774204838,-0.9400486938331625,3.6612756375193136,2.721226943686151,0.4166666666666667,0.5833333333333334,8.787061530046353,4.664960474890544,153.18006194893115,142.29166666666666,0
common,A,2021-07-07,24,24.0,7.091187120730834,9.851038307048015,-3.2486244051257835,5.169905762928309,1.9212813578025252,0.5,0.5,10.339811525856618,3.8425627156050504,170.18849089754002,145.45833333333334,0
common,A,2021-07-08,24,24.0,6.396357403116581,8.056607223772223,-2.635299351445249,4.515828377280915,1.880529025835666,0.625,0.375,7.225325403649464,5.014744068895109,153.51257767479794,146.33333333333334,0
common,A,2021-07-09,24,24.0,7.2016603803293675,9.330446035113662,-0.6412425795418866,3.921451479935627,3.2802089003937405,0.5,0.5,7.842902959871254,6.560417800787481,172.8398491279048,140.66666666666666,0
common,A,2021-07-10,24,24.0,5.084074914142074,10.058803717591196,1.1507643590831969,1.9666552775294381,3.117419636612636,0.625,0.375,3.146648444047101,8.313119030967027,122.01779793940977,50.083333333333336,0
common,A,2021-07-11,24,24.0,3.620607292214199,6.849706245172313,2.3093107720157175,0.6556482600992409,2.964959032114958,0.375,0.625,1.7483953602646425,4.743934451383934,86.89457501314078,24.625,0
common,A,2021-07-12,24,24.0,7.496693785630934,11.729227588260125,-3.7651824179401934,5.6309381017855635,1.8657556838453704,0.5416666666666666,0.4583333333333333,10.395578034065656,4.070739673844444,179.9206508551424,122.83333333333333,0
common,A,2021-07-17,24,24.0,2.3371298075839277,3.061041632021674,1.0968301937917628,0.6201498068960826,1.7169800006878455,0.20833333333333334,0.7916666666666666,2.9767190731011963,2.168816842974121,56.091115382014266,49.083333333333336,0
common,A,2021-07-18,24,24.0,3.600276774409051,6.479318744503722,2.119256599306762,0.7405100875511447,2.8597666868579066,0.3333333333333333,0.6666666666666666,2.221530262653434,4.28965003028686,86.40664258581722,24.708333333333332,0
common,A,2021-07-19,24,24.0,9.750931713571447,14.079036286709579,-6.58368926481752,8.167310489194483,1.5836212243769632,0.5833333333333334,0.4166666666666667,14.001103695761973,3.8006909385047116,234.02236112571472,127.16666666666667,0
common,A,2021-07-21,24,24.0,10.9198174774917,13.726085403246634,-6.39147320497372,8.65564534123271,2.2641721362589897,0.6666666666666666,0.3333333333333333,12.983468011849064,6.792516408776969,262.0756194598008,152.125,0
common,A,2021-07-23,24,24.0,8.153286293340054,11.453275109527999,-3.809778765218036,5.981532529279046,2.1717537640610094,0.5833333333333334,0.4166666666666667,10.254055764478364,5.212209033746423,195.6788710401613,146.58333333333334,0
common,A,2021-07-24,24,24.0,3.946490601780258,5.578653477309028,1.9196103133927558,1.013440144193751,2.933050457586507,0.3333333333333333,0.6666666666666666,3.040320432581253,4.399575686379761,94.71577444272619,48.333333333333336,0
common,A,2021-07-25,24,24.0,3.5309497448511244,5.6366173469565135,1.032728797295804,1.2491104737776602,2.2818392710734643,0.5,0.5,2.4982209475553203,4.563678542146929,84.74279387642699,25.541666666666668,0
common,A,2021-07-26,24,24.0,12.081305971420251,17.39018747314481,-4.748557156330854,8.414931563875554,3.6663744075446996,0.5416666666666666,0.4583333333333333,15.535258271770251,7.99936234373389,289.95134331408605,123.29166666666667,0
common,A,2021-07-27,24,24.0,11.3246167243175,14.092222462715945,-9.540084929159148,10.432350826738324,0.8922658975791761,0.875,0.125,11.922686659129514,7.138127180633409,271.79080138362,155.45833333333334,0
common,A,2021-07-28,24,24.0,10.820645261689672,13.429338878957555,-8.5707804776927,9.695712869691185,1.1249323919984853,0.8333333333333334,0.16666666666666666,11.634855443629425,6.749594351990911,259.69548628055213,157.0,0
common,A,2021-07-29,24,24.0,9.043466198884113,11.480368611402108,-5.928167808745861,7.4858170038149865,1.557649195069126,0.625,0.375,11.977307206103978,4.153731186851003,217.0431887732187,153.91666666666666,0
common,A,2021-07-30,24,24.0,11.090229957048857,13.663326070508946,-8.7179239432648,9.90407695015683,1.1861530068920285,0.7916666666666666,0.20833333333333334,12.510412989671783,5.693534433081737,266.1655189691726,157.0,0
common,A,2021-07-31,24,24.0,4.120272639506514,9.37731341071582,3.209572106802312,0.4553502663521014,3.6649223731544134,0.2916666666666667,0.7083333333333334,1.5612009132072049,5.1740080562179935,98.88654334815635,22.416666666666668,0
common,A,2021-08-01,24,24.0,1.5661607054354072,1.9971045596283565,-0.020984425805936773,0.7935725656206719,0.7725881398147352,0.4583333333333333,0.5416666666666666,1.7314310522632843,1.4263165658118189,37.587856930449774,22.833333333333332,0
common,A,2021-08-02,24,24.0,17.224297233514516,23.31676471612443,16.630060909676086,0.2971181619192147,16.927179071595305,0.16666666666666666,0.8333333333333334,1.7827089715152882,20.312614885914364,413.3831336043484,22.708333333333332,0
common,A,2021-08-03,24,24.0,2.542492330722147,3.3781557658668215,1.3656573725914118,0.5884174790653675,1.9540748516567794,0.375,0.625,1.5691132775076464,3.1265197626508465,61.01981593733153,22.833333333333332,0
common,A,2021-08-04,24,24.0,2.9189537509128343,4.750288814570634,1.796719134970964,0.5611173079709353,2.3578364429418994,0.375,0.625,1.4963128212558274,3.7725383087070385,70.05489002190802,22.583333333333332,0
common,A,2021-08-05,24,24.0,2.9516017051516488,4.560598143400242,2.3827740718622024,0.2844138166447232,2.667187888506925,0.3333333333333333,0.6666666666666666,0.8532414499341696,4.000781832760389,70.83844092363957,22.75,0
common,A,2021-08-06,24,24.0,2.7302246436166517,3.87067500464193,1.8635456766071201,0.43333948350476587,2.296885160111886,0.3333333333333333,0.6666666666666666,1.3000184505142975,3.445327740167829,65.52539144679965,22.75,0
common,A,2021-08-07,24,24.0,2.557293010888002,3.920187538369218,1.7692644727830729,0.3940142690524646,2.1632787418355375,0.25,0.75,1.5760570762098585,2.8843716557807166,61.37503226131205,22.666666666666668,0
common,A,2021-08-08,24,24.0,1.3384996840155192,1.7087156628789864,0.37523549720904087,0.4816320934032392,0.8568675906122801,0.4166666666666667,0.5833333333333334,1.155917024167774,1.4689158696210516,32.12399241637246,22.375,0
common,A,2021-08-09,24,24.0,12.327076583553412,20.383303846140304,-0.5288640120153504,6.427970297784381,5.899106285769032,0.5833333333333334,0.4166666666666667,11.019377653344653,14.157855085845677,295.84983800528187,116.75,0
common,A,2021-08-10,24,24.0,6.187107910003779,8.010033087566127,-1.1662627747549672,3.6766853423793737,2.5104225676244063,0.5416666666666666,0.4583333333333333,6.787726785931151,5.477285602089614,148.4905898400907,142.33333333333334,0
common,A,2021-08-11,24,24.0,10.182084643437811,13.407298692572342,-5.277401203229432,7.729742923333622,2.4523417201041897,0.625,0.375,12.367588677333796,6.539577920277839,244.37003144250747,150.79166666666666,0
common,A,2021-08-12,24,24.0,7.757539356568951,9.474712508275543,-3.5130748544318453,5.635307105500398,2.122232251068553,0.625,0.375,9.016491368800637,5.659286002849474,186.1809445576548,148.29166666666666,0
common,A,2021-08-13,24,24.0,7.757886236175525,10.218480036146874,-5.158207886466665,6.458047061321095,1.29983917485443,0.6666666666666666,0.3333333333333333,9.687070591981643,3.89951752456329,186.1892696682126,151.625,0
common,A,2021-08-14,24,24.0,4.915381828854813,7.6537573338268,3.807124605116144,0.5541286118693347,4.361253216985479,0.375,0.625,1.477676298318226,6.978005147176765,117.96916389251552,46.25,0
common,A,2021-08-15,24,24.0,2.12817089129295,3.7322478602674134,0.43053685580136075,0.8488170177457945,1.2793538735471552,0.625,0.375,1.3581072283932714,3.411610329459081,51.0761013910308,23.166666666666668,0
common,A,2021-08-16,24,24.0,14.504707754289974,20.716369253667015,6.9861944924556285,3.759256630917172,10.745451123372803,0.2916666666666667,0.7083333333333334,12.888879877430304,15.170048644761604,348.1129861029594,98.95833333333333,0
common,A,2021-08-17,24,24.0,6.363166588676772,8.503843059046064,1.132316129736339,2.615425229470216,3.747741359206555,0.4166666666666667,0.5833333333333334,6.277020550728518,6.424699472925523,152.71599812824252,133.41666666666666,0
common,A,2021-08-18,24,24.0,6.1337762521227335,7.6843099232404715,-1.981888741537799,4.057832496830266,2.0759437552924673,0.625,0.375,6.492531994928426,5.5358500141132465,147.2106300509456,141.16666666666666,0
common,A,2021-08-19,24,24.0,5.917681740642358,6.931140376377305,-0.7329173117243494,3.325299526183354,2.5923822144590045,0.5833333333333334,0.4166666666666667,5.700513473457178,6.221717314701611,142.0243617754166,143.08333333333334,0
common,A,2021-08-20,24,24.0,5.148198422608375,7.01616349467585,0.0739668492015119,2.5371157867034313,2.611082635904943,0.375,0.625,6.7656420978758165,4.177732217447909,123.55676214260099,140.66666666666666,0
common,A,2021-08-21,24,24.0,2.5916309570536,3.3668646269820544,0.3452238240972944,1.1232035664781528,1.468427390575447,0.4583333333333333,0.5416666666666666,2.4506259632250607,2.710942874908518,62.1991429692864,48.416666666666664,0
common,A,2021-08-22,24,24.0,3.668485057793337,6.568256841437931,1.6894571133750766,0.9895139722091302,2.678971085584207,0.5,0.5,1.9790279444182604,5.357942171168414,88.04364138704008,23.916666666666668,0
common,A,2021-08-23,24,24.0,6.936596091142765,9.256754279435551,-0.8758042374161485,3.9062001642794564,3.0303959268633083,0.5,0.5,7.812400328558913,6.0607918537266166,166.47830618742637,118.20833333333333,0
common,A,2021-08-24,24,24.0,7.303880742867672,9.822407129801094,-1.4558820541602346,4.379881398513953,2.9239993443537187,0.6666666666666666,0.3333333333333333,6.569822097770929,8.771998033061156,175.29313782882411,145.25,0
common,A,2021-08-25,24,24.0,6.304109479751003,9.45278590749489,-3.3929496751722703,4.848529577461637,1.4555799022893663,0.625,0.375,7.7576473239386186,3.881546406104977,151.29862751402408,144.20833333333334,0
common,A,2021-08-26,24,24.0,8.473796825618253,10.188203902140767,-2.4391029371398822,5.456449881379068,3.017346944239185,0.5416666666666666,0.4583333333333333,10.073445934853662,6.583302423794586,203.37112381483806,147.83333333333334,0
common,A,2021-08-27,24,24.0,5.380630923623387,6.9252294183584375,-0.5585452471424972,2.969588085382942,2.4110428382404447,0.625,0.375,4.751340936612707,6.429447568641186,129.1351421669613,138.16666666666666,0
common,A,2021-08-28,24,24.0,15.126568960405463,18.122910250962057,7.664314636537693,3.7311271619338853,11.395441798471575,0.4166666666666667,0.5833333333333334,8.954705188641324,19.535043083094134,363.0376550497311,51.416666666666664,0
common,A,2021-08-29,24,24.0,12.668650544568388,16.759499984745933,10.879013660882217,0.8948184418430851,11.773832102725303,0.16666666666666666,0.8333333333333334,5.368910651058511,14.128598523270364,304.04761306964133,12.791666666666666,0
common,A,2021-08-30,24,24.0,5.281041157604491,6.657045843831744,-1.7180160787530163,3.4995286181787537,1.7815125394257374,0.5,0.5,6.999057236357507,3.563025078851475,126.74498778250779,117.0,0
common,A,2021-08-31,24,24.0,6.310872891195899,8.978164300153484,-2.021792192477363,4.16633254183663,2.144540349359268,0.625,0.375,6.6661320669386095,5.718774264958047,151.46094938870158,144.79166666666666,0
common,B,2021-07-01,24,24.0,7.321065067047112,9.596290732249876,-2.2561142548921103,4.788589660969611,2.5324754060775008,0.625,0.375,7.661743457551378,6.753267749540003,175.70556160913068,149.16666666666666,0
common,B,2021-07-02,24,24.0,6.9921969987521235,8.868468904479377,-1.1264512473825696,4.059324123067347,2.9328728756847773,0.5416666666666666,0.4583333333333333,7.4941368425858705,6.398995365130423,167.81272797005096,141.70833333333334,0
common,B,2021-07-03,24,24.0,2.8114590013372864,3.6649180657591214,0.648205980701236,1.0816265103180254,1.7298324910192615,0.4166666666666667,0.5833333333333334,2.5959036247632605,2.9654271274615907,67.47501603209487,49.708333333333336,0
common,B,2021-07-04,24,24.0,3.2825862706280895,5.6855644671049665,1.7622902094236175,0.7601480306022359,2.5224382400258536,0.5416666666666666,0.4583333333333333,1.4033502103425894,5.503501614601863,78.78207049507415,24.625,0
common,B,2021-07-05,24,24.0,7.512281809805468,9.486189464122294,0.40502592256368325,3.553627943620892,3.958653866184575,0.4166666666666667,0.5833333333333334,8.528707064690142,6.786263770602129,180.29476343533122,115.33333333333333,0
common,B,2021-07-06,24,24.0,6.540356790868061,9.039630775896072,-1.2253003664437496,3.8828285786559054,2.657528212212156,0.4166666666666667,0.5833333333333334,9.318788588774172,4.555762649506553,156.96856298083347,142.29166666666666,0
common,B,2021-07-07,24,24.0,6.617336992972095,9.089526491421864,-3.1848690397909247,4.9011030163815095,1.7162339765905852,0.5416666666666666,0.4583333333333333,9.048190184088941,3.7445104943794587,158.81608783133026,145.45833333333334,0
common,B,2021-07-08,24,24.0,6.339198185987617,8.107793321890512,-2.889069349943304,4.614133767965461,1.7250644180221564,0.625,0.375,7.3826140287447375,4.600171781392417,152.14075646370281,146.33333333333334,0
common,B,2021-07-09,24,24.0,7.400306718046497,9.71545286299504,-0.8977926885989191,4.149049703322708,3.251257014723789,0.5833333333333334,0.4166666666666667,7.1126566342675,7.803016835337094,177.60736123311594,140.66666666666666,0
common,B,2021-07-10,24,24.0,3.2181086778799872,4.31021716820899,-0.05927905225279032,1.638693865066389,1.5794148128135985,0.4583333333333333,0.5416666666666666,3.5753320692357575,2.915842731348181,77.23460826911969,50.083333333333336,0
common,B,2021-07-11,24,24.0,3.597378698619289,6.97234075409233,1.917059594369249,0.8401595521250198,2.757219146494269,0.4583333333333333,0.5416666666666666,1.8330753864545886,5.090250731989419,86.33708876686293,24.625,0
common,B,2021-07-12,24,24.0,8.445184103080345,13.084514493675638,-4.529834092454486,6.487509097767416,1.95767500531293,0.5416666666666666,0.4583333333333333,11.976939872801383,4.271290920682756,202.6844184739283,122.83333333333333,0
common,B,2021-07-17,24,24.0,2.743781342082558,4.068611090105679,1.244646596787884,0.7495673726473372,1.994213969435221,0.3333333333333333,0.6666666666666666,2.2487021179420115,2.991320954152832,65.8507522099814,49.083333333333336,0
common,B,2021-07-18,24,24.0,3.667738769091109,7.266076542209824,2.5180800128128857,0.5748293781391117,3.092909390951997,0.3333333333333333,0.6666666666666666,1.724488134417335,4.639364086427996,88.02573045818662,24.708333333333332,0
common,B,2021-07-19,24,24.0,10.943728397128877,15.157209109341164,-6.769691339969257,8.856709868549068,2.0870185285798097,0.5833333333333334,0.4166666666666667,15.182931203226973,5.008844468591543,262.64948153109304,127.16666666666667,0
common,B,2021-07-21,24,24.0,10.879346442549215,13.341732134794533,-5.813883997298679,8.346615219923947,2.532731222625268,0.6666666666666666,0.3333333333333333,12.519922829885921,7.598193667875805,261.1043146211812,152.125,0
common,B,2021-07-23,24,24.0,7.77493365662593,10.493985191882315,-4.168237684474577,5.971585670550255,1.8033479860756767,0.625,0.375,9.554537072880406,4.808927962868471,186.59840775902234,146.58333333333334,0
common,B,2021-07-24,24,24.0,4.138173120330527,5.427695936013098,1.832763665273031,1.1527047275287479,2.985468392801779,0.4166666666666667,0.5833333333333334,2.766491346068995,5.11794581623162,99.31615488793264,48.333333333333336,0
common,B,2021-07-25,24,24.0,3.065165836543675,4.952006311177261,0.18131473646119675,1.441925550041239,1.6232402865024358,0.5833333333333334,0.4166666666666667,2.4718723714992668,3.8957766876058457,73.5639800770482,25.541666666666668,0
common,B,2021-07-26,24,24.0,12.547859655825489,19.041038824113976,-5.838518899549894,9.193189277687692,3.3546703781377976,0.5,0.5,18.386378555375384,6.709340756275594,301.1486317398117,123.29166666666667,0
common,B,2021-07-27,24,24.0,9.698894737213367,12.346693021057314,-6.943429936085779,8.321162336649573,1.3777324005637943,0.7916666666666666,0.20833333333333334,10.510941898925777,6.613115522706212,232.77347369312082,155.45833333333334,0
common,B,2021-07-28,24,24.0,11.527531326394728,14.474164874486208,-9.181867872230384,10.354699599312555,1.1728317270821715,0.7916666666666666,0.20833333333333334,13.07962054650007,5.629592289994423,276.66075183347346,157.0,0
common,B,2021-07-29,24,24.0,9.387343903472148,11.799650871346184,-5.090892257678795,7.23911808057547,2.1482258228966757,0.6666666666666666,0.3333333333333333,10.858677120863206,6.444677468690028,225.29625368333154,153.91666666666666,0
common,B,2021-07-30,24,24.0,11.674856636532295,14.584481128857398,-9.502374691721139,10.588615664126715,1.0862409724055777,0.7916666666666666,0.20833333333333334,13.375093470475854,5.213956667546773,280.1965592767751,157.0,0
common,B,2021-07-31,24,24.0,4.2037524752392,8.568280170795981,2.962381114356951,0.6206856804411248,3.5830667947980754,0.3333333333333333,0.6666666666666666,1.8620570413233746,5.374600192197113,100.8900594057408,22.416666666666668,0
common,B,2021-08-01,24,24.0,2.015165517915454,3.166117795903549,0.5430912196528509,0.7360371491313017,1.2791283687841526,0.4583333333333333,0.5416666666666666,1.6058992344682947,2.3614677577553587,48.3639724299709,22.833333333333332,0
common,B,2021-08-02,24,24.0,15.247320410048866,19.867220534984632,15.073516213733518,0.08690209815767425,15.160418311891192,0.08333333333333333,0.9166666666666666,1.042825177892091,16.53863815842675,365.9356898411728,22.708333333333332,0
common,B,2021-08-03,24,24.0,2.4567956805455675,3.8585563764551694,0.9077046064217646,0.7745455370619013,1.6822501434836659,0.4583333333333333,0.5416666666666666,1.6899175354077847,3.10569257258523,58.96309633309362,22.833333333333332,0
common,B,2021-08-04,24,24.0,2.9868115154332258,5.096296443683677,1.3038342418275382,0.8414886368028437,2.1453228786303815,0.4166666666666667,0.5833333333333334,2.0195727283268248,3.677696363366369,71.68347637039741,22.583333333333332,0
common,B,2021-08-05,24,24.0,5.26733122254466,7.788838787678993,4.386675451725999,0.4403278854093304,4.82700333713533,0.3333333333333333,0.6666666666666666,1.320983656227991,7.240505005702994,126.41594934107184,22.75,0
common,B,2021-08-06,24,24.0,2.8756918638366584,5.359284556578157,1.659974722274762,0.607858570780948,2.2678332930557104,0.3333333333333333,0.6666666666666666,1.8235757123428438,3.401749939583565,69.0166047320798,22.75,0
common,B,2021-08-07,24,24.0,2.5800133521541757,3.9392379887238542,1.4585813695023822,0.5607159913258969,2.019297360828279,0.2916666666666667,0.7083333333333334,1.9224548274030748,2.850772744698747,61.92032045170022,22.666666666666668,0
common,B,2021-08-08,24,24.0,2.1604506261152028,3.181211457542075,1.1235771048730716,0.5184367606210655,1.6420138654941372,0.3333333333333333,0.6666666666666666,1.5553102818631963,2.463020798241206,51.85081502676486,22.375,0
common,B,2021-08-09,24,24.0,12.540544679859332,19.86952880110028,-1.8658311914199899,7.2031879356396615,5.337356744219671,0.5,0.5,14.406375871279318,10.674713488439343,300.973072316624,116.75,0
common,B,2021-08-10,24,24.0,6.210578575370119,7.665045595729461,-0.6026047887878985,3.406591682079009,2.8039868932911105,0.5,0.5,6.813183364158018,5.607973786582221,149.05388580888285,142.33333333333334,0
common,B,2021-08-11,24,24.0,9.965743033568733,12.943511846264494,-5.442448978220152,7.704096005894442,2.2616470276742913,0.625,0.375,12.326553609431107,6.031058740464776,239.1778328056496,150.79166666666666,0
common,B,2021-08-12,24,24.0,7.7250675644430915,9.463917474754194,-3.4947316933150643,5.609899628879077,2.1151679355640134,0.625,0.375,8.975839406206523,5.640447828170703,185.4016215466342,148.29166666666666,0
common,B,2021-08-13,24,24.0,7.835582893560553,10.423836769405108,-5.32349622127334,6.579539557416946,1.2560433361436065,0.7083333333333334,0.2916666666666667,9.288761728118041,4.306434295349509,188.05398944545328,151.625,0
common,B,2021-08-14,24,24.0,3.9289330894325314,6.40109847265588,2.5272362608066437,0.7008484143129441,3.2280846751195873,0.2916666666666667,0.7083333333333334,2.402908849072951,4.557296011933535,94.29439414638075,46.25,0
common,B,2021-08-15,24,24.0,2.012831813706961,4.0046301515008,0.6154115624709674,0.6987101256179967,1.3141216880889641,0.4583333333333333,0.5416666666666666,1.524458455893811,2.426070808779626,48.307963528967065,23.166666666666668,0
common,B,2021-08-16,24,24.0,13.97038092671698,19.743168763321673,7.435586206544255,3.267397360086362,10.70298356663062,0.20833333333333334,0.7916666666666666,15.683507328414539,13.51955818942815,335.2891422412075,98.95833333333333,0
common,B,2021-08-17,24,24.0,6.89930358208412,8.59236234076735,1.2391085635308958,2.8300975092766123,4.069206072807508,0.4583333333333333,0.5416666666666666,6.174758202058063,7.512380442106169,165.5832859700189,133.41666666666666,0
common,B,2021-08-18,24,24.0,5.458127394629912,6.960370741067525,-2.138165850886726,3.798146622758319,1.6599807718715933,0.5833333333333334,0.4166666666666667,6.511108496157119,3.983953852491824,130.9950574711179,141.16666666666666,0
common,B,2021-08-19,24,24.0,5.765421989930648,6.63699148713396,-0.7546397041260882,3.260030847028368,2.5053911429022797,0.5416666666666666,0.4583333333333333,6.018518486821602,5.466307948150429,138.37012775833554,143.08333333333334,0
common,B,2021-08-20,24,24.0,5.45351946213913,7.237474342637732,-0.1256241575984435,2.7895718098687863,2.663947652270343,0.5,0.5,5.579143619737573,5.327895304540686,130.8844670913391,140.66666666666666,0
common,B,2021-08-21,24,24.0,3.307021001472742,4.315932123469356,1.2742693517237582,1.016375824874492,2.2906451765982503,0.375,0.625,2.710335532998646,3.6650322825572,79.36850403534581,48.416666666666664,0
common,B,2021-08-22,24,24.0,3.4644933113713035,6.823321106895211,1.733876715320591,0.8653082980253562,2.5991850133459473,0.5416666666666666,0.4583333333333333,1.59749224250835,5.6709491200275215,83.14783947291129,23.916666666666668,0
common,B,2021-08-23,24,24.0,6.508239719459532,8.326796909980223,-0.42427575711936666,3.4662577382894493,3.0419819811700823,0.4583333333333333,0.5416666666666666,7.562744156267889,5.615966734467845,156.19775326702876,118.20833333333333,0
common,B,2021-08-24,24,24.0,6.994631576937086,9.486438370655726,-0.6327282063190474,3.8136798916280665,3.180951685309019,0.5833333333333334,0.4166666666666667,6.537736957076686,7.634284044741646,167.87115784649006,145.25,0
common,B,2021-08-25,24,24.0,5.966041914413665,7.882082327300195,-2.584622022791519,4.275331968602592,1.6907099458110733,0.6666666666666666,0.3333333333333333,6.412997952903888,5.07212983743322,143.18500594592797,144.20833333333334,0
common,B,2021-08-26,24,24.0,7.568940852575423,9.079187249823748,-2.492684401805127,5.030812627190275,2.538128225385148,0.5833333333333334,0.4166666666666667,8.624250218040471,6.091507740924355,181.65458046181016,147.83333333333334,0
common,B,2021-08-27,24,24.0,4.212586022062379,5.638294475956666,-1.0905882297529021,2.651587125907641,1.5609988961547387,0.5416666666666666,0.4583333333333333,4.895237770906414,3.4058157734285213,101.10206452949711,138.16666666666666,0
common,B,2021-08-28,24,24.0,13.908139512856105,16.345870974298492,-1.0827576788846518,7.495448595870378,6.412690916985725,0.5833333333333334,0.4166666666666667,12.849340450063506,15.39045820076574,333.7953483085465,51.416666666666664,0
common,B,2021-08-29,24,24.0,12.824239489610818,17.10936637427985,10.998518159736491,0.9128606649371641,11.911378824673655,0.16666666666666666,0.8333333333333334,5.4771639896229845,14.293654589608385,307.78174775065963,12.791666666666666,0
common,B,2021-08-30,24,24.0,4.283594788940541,5.426642972489167,0.020035280554686914,2.131779754192927,2.151815034747614,0.4583333333333333,0.5416666666666666,4.651155827330023,3.97258160261098,102.806274934573,117.0,0
common,B,2021-08-31,24,24.0,6.0649346300444575,7.812599387351336,-2.769661946393539,4.417298288218999,1.6476363418254596,0.75,0.25,5.889731050958664,6.590545367301838,145.55843112106697,144.79166666666666,0
common,G_aux,2021-07-01,24,24.0,7.321065067047112,9.596290732249876,-2.2561142548921103,4.788589660969611,2.5324754060775008,0.625,0.375,7.661743457551378,6.753267749540003,175.70556160913068,149.16666666666666,0
common,G_aux,2021-07-02,24,24.0,6.9921969987521235,8.868468904479377,-1.1264512473825696,4.059324123067347,2.9328728756847773,0.5416666666666666,0.4583333333333333,7.4941368425858705,6.398995365130423,167.81272797005096,141.70833333333334,0
common,G_aux,2021-07-03,24,24.0,2.8114590013372864,3.6649180657591214,0.648205980701236,1.0816265103180254,1.7298324910192615,0.4166666666666667,0.5833333333333334,2.5959036247632605,2.9654271274615907,67.47501603209487,49.708333333333336,0
common,G_aux,2021-07-04,24,24.0,3.2825862706280895,5.6855644671049665,1.7622902094236175,0.7601480306022359,2.5224382400258536,0.5416666666666666,0.4583333333333333,1.4033502103425894,5.503501614601863,78.78207049507415,24.625,0
common,G_aux,2021-07-05,24,24.0,7.337703423753614,9.111702934386289,0.5796043086155378,3.379049557569038,3.958653866184575,0.4166666666666667,0.5833333333333334,8.10971893816569,6.786263770602129,176.10488217008674,115.33333333333333,0
common,G_aux,2021-07-06,24,24.0,6.540356790868061,9.039630775896072,-1.2253003664437496,3.8828285786559054,2.657528212212156,0.4166666666666667,0.5833333333333334,9.318788588774172,4.555762649506553,156.96856298083347,142.29166666666666,0
common,G_aux,2021-07-07,24,24.0,6.617336992972095,9.089526491421864,-3.1848690397909247,4.9011030163815095,1.7162339765905852,0.5416666666666666,0.4583333333333333,9.048190184088941,3.7445104943794587,158.81608783133026,145.45833333333334,0
common,G_aux,2021-07-08,24,24.0,6.339198185987617,8.107793321890512,-2.889069349943304,4.614133767965461,1.7250644180221564,0.625,0.375,7.3826140287447375,4.600171781392417,152.14075646370281,146.33333333333334,0
common,G_aux,2021-07-09,24,24.0,7.400306718046497,9.71545286299504,-0.8977926885989191,4.149049703322708,3.251257014723789,0.5833333333333334,0.4166666666666667,7.1126566342675,7.803016835337094,177.60736123311594,140.66666666666666,0
common,G_aux,2021-07-10,24,24.0,3.2181086778799872,4.31021716820899,-0.05927905225279032,1.638693865066389,1.5794148128135985,0.4583333333333333,0.5416666666666666,3.5753320692357575,2.915842731348181,77.23460826911969,50.083333333333336,0
common,G_aux,2021-07-11,24,24.0,3.597378698619289,6.97234075409233,1.917059594369249,0.8401595521250198,2.757219146494269,0.4583333333333333,0.5416666666666666,1.8330753864545886,5.090250731989419,86.33708876686293,24.625,0
common,G_aux,2021-07-12,24,24.0,7.9537705403103685,11.653739260472179,-4.038420529684509,5.99609553499744,1.95767500531293,0.5416666666666666,0.4583333333333333,11.069714833841424,4.271290920682756,190.89049296744884,122.83333333333333,0
common,G_aux,2021-07-17,24,24.0,2.743781342082558,4.068611090105679,1.244646596787884,0.7495673726473372,1.994213969435221,0.3333333333333333,0.6666666666666666,2.2487021179420115,2.991320954152832,65.8507522099814,49.083333333333336,0
common,G_aux,2021-07-18,24,24.0,3.667738769091109,7.266076542209824,2.5180800128128857,0.5748293781391117,3.092909390951997,0.3333333333333333,0.6666666666666666,1.724488134417335,4.639364086427996,88.02573045818662,24.708333333333332,0
common,G_aux,2021-07-19,24,24.0,10.550467821949132,14.360604990804267,-6.376430764789512,8.463449293369322,2.0870185285798097,0.5833333333333334,0.4166666666666667,14.508770217204553,5.008844468591543,253.21122772677916,127.16666666666667,0
common,G_aux,2021-07-21,24,24.0,10.879346442549215,13.341732134794533,-5.813883997298679,8.346615219923947,2.532731222625268,0.6666666666666666,0.3333333333333333,12.519922829885921,7.598193667875805,261.1043146211812,152.125,0
common,G_aux,2021-07-23,24,24.0,7.77493365662593,10.493985191882315,-4.168237684474577,5.971585670550255,1.8033479860756767,0.625,0.375,9.554537072880406,4.808927962868471,186.59840775902234,146.58333333333334,0
common,G_aux,2021-07-24,24,24.0,4.138173120330527,5.427695936013098,1.832763665273031,1.1527047275287479,2.985468392801779,0.4166666666666667,0.5833333333333334,2.766491346068995,5.11794581623162,99.31615488793264,48.333333333333336,0
common,G_aux,2021-07-25,24,24.0,3.065165836543675,4.952006311177261,0.18131473646119675,1.441925550041239,1.6232402865024358,0.5833333333333334,0.4166666666666667,2.4718723714992668,3.8957766876058457,73.5639800770482,25.541666666666668,0
common,G_aux,2021-07-26,24,24.0,11.79302060151727,17.139389400642617,-5.0836798452416785,8.438350223379475,3.3546703781377976,0.5,0.5,16.87670044675895,6.709340756275594,283.0324944364145,123.29166666666667,0
common,G_aux,2021-07-27,24,24.0,9.698894737213367,12.346693021057314,-6.943429936085779,8.321162336649573,1.3777324005637943,0.7916666666666666,0.20833333333333334,10.510941898925777,6.613115522706212,232.77347369312082,155.45833333333334,0
common,G_aux,2021-07-28,24,24.0,11.527531326394728,14.474164874486208,-9.181867872230384,10.354699599312555,1.1728317270821715,0.7916666666666666,0.20833333333333334,13.07962054650007,5.629592289994423,276.66075183347346,157.0,0
common,G_aux,2021-07-29,24,24.0,9.387343903472148,11.799650871346184,-5.090892257678795,7.23911808057547,2.1482258228966757,0.6666666666666666,0.3333333333333333,10.858677120863206,6.444677468690028,225.29625368333154,153.91666666666666,0
common,G_aux,2021-07-30,24,24.0,11.674856636532295,14.584481128857398,-9.502374691721139,10.588615664126715,1.0862409724055777,0.7916666666666666,0.20833333333333334,13.375093470475854,5.213956667546773,280.1965592767751,157.0,0
common,G_aux,2021-07-31,24,24.0,4.2037524752392,8.568280170795981,2.962381114356951,0.6206856804411248,3.5830667947980754,0.3333333333333333,0.6666666666666666,1.8620570413233746,5.374600192197113,100.8900594057408,22.416666666666668,0
common,G_aux,2021-08-01,24,24.0,2.015165517915454,3.166117795903549,0.5430912196528509,0.7360371491313017,1.2791283687841526,0.4583333333333333,0.5416666666666666,1.6058992344682947,2.3614677577553587,48.3639724299709,22.833333333333332,0
common,G_aux,2021-08-02,24,24.0,15.884384007326629,21.309978292725205,15.71057981101128,0.08690209815767425,15.797481909168956,0.08333333333333333,0.9166666666666666,1.042825177892091,17.23361662818431,381.2252161758391,22.708333333333332,0
common,G_aux,2021-08-03,24,24.0,2.4567956805455675,3.8585563764551694,0.9077046064217646,0.7745455370619013,1.6822501434836659,0.4583333333333333,0.5416666666666666,1.6899175354077847,3.10569257258523,58.96309633309362,22.833333333333332,0
common,G_aux,2021-08-04,24,24.0,2.9868115154332258,5.096296443683677,1.3038342418275382,0.8414886368028437,2.1453228786303815,0.4166666666666667,0.5833333333333334,2.0195727283268248,3.677696363366369,71.68347637039741,22.583333333333332,0
common,G_aux,2021-08-05,24,24.0,5.26733122254466,7.788838787678993,4.386675451725999,0.4403278854093304,4.82700333713533,0.3333333333333333,0.6666666666666666,1.320983656227991,7.240505005702994,126.41594934107184,22.75,0
common,G_aux,2021-08-06,24,24.0,2.8756918638366584,5.359284556578157,1.659974722274762,0.607858570780948,2.2678332930557104,0.3333333333333333,0.6666666666666666,1.8235757123428438,3.401749939583565,69.0166047320798,22.75,0
common,G_aux,2021-08-07,24,24.0,2.5800133521541757,3.9392379887238542,1.4585813695023822,0.5607159913258969,2.019297360828279,0.2916666666666667,0.7083333333333334,1.9224548274030748,2.850772744698747,61.92032045170022,22.666666666666668,0
common,G_aux,2021-08-08,24,24.0,2.1604506261152028,3.181211457542075,1.1235771048730716,0.5184367606210655,1.6420138654941372,0.3333333333333333,0.6666666666666666,1.5553102818631963,2.463020798241206,51.85081502676486,22.375,0
common,G_aux,2021-08-09,24,24.0,12.558120404964479,19.910559850549618,-1.8834069165251381,7.220763660744809,5.337356744219671,0.5,0.5,14.441527321489616,10.674713488439343,301.3948897191475,116.75,0
common,G_aux,2021-08-10,24,24.0,6.210578575370119,7.665045595729461,-0.6026047887878985,3.406591682079009,2.8039868932911105,0.5,0.5,6.813183364158018,5.607973786582221,149.05388580888285,142.33333333333334,0
common,G_aux,2021-08-11,24,24.0,9.965743033568733,12.943511846264494,-5.442448978220152,7.704096005894442,2.2616470276742913,0.625,0.375,12.326553609431107,6.031058740464776,239.1778328056496,150.79166666666666,0
common,G_aux,2021-08-12,24,24.0,7.7250675644430915,9.463917474754194,-3.4947316933150643,5.609899628879077,2.1151679355640134,0.625,0.375,8.975839406206523,5.640447828170703,185.4016215466342,148.29166666666666,0
common,G_aux,2021-08-13,24,24.0,7.835582893560553,10.423836769405108,-5.32349622127334,6.579539557416946,1.2560433361436065,0.7083333333333334,0.2916666666666667,9.288761728118041,4.306434295349509,188.05398944545328,151.625,0
common,G_aux,2021-08-14,24,24.0,3.9289330894325314,6.40109847265588,2.5272362608066437,0.7008484143129441,3.2280846751195873,0.2916666666666667,0.7083333333333334,2.402908849072951,4.557296011933535,94.29439414638075,46.25,0
common,G_aux,2021-08-15,24,24.0,2.012831813706961,4.0046301515008,0.6154115624709674,0.6987101256179967,1.3141216880889641,0.4583333333333333,0.5416666666666666,1.524458455893811,2.426070808779626,48.307963528967065,23.166666666666668,0
common,G_aux,2021-08-16,24,24.0,14.030683274567584,19.906895112689043,7.375283858693655,3.3276997079369637,10.70298356663062,0.20833333333333334,0.7916666666666666,15.972958598097426,13.51955818942815,336.736398589622,98.95833333333333,0
common,G_aux,2021-08-17,24,24.0,6.89930358208412,8.59236234076735,1.2391085635308958,2.8300975092766123,4.069206072807508,0.4583333333333333,0.5416666666666666,6.174758202058063,7.512380442106169,165.5832859700189,133.41666666666666,0
common,G_aux,2021-08-18,24,24.0,5.458127394629912,6.960370741067525,-2.138165850886726,3.798146622758319,1.6599807718715933,0.5833333333333334,0.4166666666666667,6.511108496157119,3.983953852491824,130.9950574711179,141.16666666666666,0
common,G_aux,2021-08-19,24,24.0,5.765421989930648,6.63699148713396,-0.7546397041260882,3.260030847028368,2.5053911429022797,0.5416666666666666,0.4583333333333333,6.018518486821602,5.466307948150429,138.37012775833554,143.08333333333334,0
common,G_aux,2021-08-20,24,24.0,5.45351946213913,7.237474342637732,-0.1256241575984435,2.7895718098687863,2.663947652270343,0.5,0.5,5.579143619737573,5.327895304540686,130.8844670913391,140.66666666666666,0
common,G_aux,2021-08-21,24,24.0,3.307021001472742,4.315932123469356,1.2742693517237582,1.016375824874492,2.2906451765982503,0.375,0.625,2.710335532998646,3.6650322825572,79.36850403534581,48.416666666666664,0
common,G_aux,2021-08-22,24,24.0,3.4644933113713035,6.823321106895211,1.733876715320591,0.8653082980253562,2.5991850133459473,0.5416666666666666,0.4583333333333333,1.59749224250835,5.6709491200275215,83.14783947291129,23.916666666666668,0
common,G_aux,2021-08-23,24,24.0,5.973769325503906,7.161462066753732,0.1101946368362577,2.931787344333825,3.0419819811700823,0.4583333333333333,0.5416666666666666,6.396626933091981,5.615966734467845,143.37046381209376,118.20833333333333,0
common,G_aux,2021-08-24,24,24.0,6.994631576937086,9.486438370655726,-0.6327282063190474,3.8136798916280665,3.180951685309019,0.5833333333333334,0.4166666666666667,6.537736957076686,7.634284044741646,167.87115784649006,145.25,0
common,G_aux,2021-08-25,24,24.0,5.966041914413665,7.882082327300195,-2.584622022791519,4.275331968602592,1.6907099458110733,0.6666666666666666,0.3333333333333333,6.412997952903888,5.07212983743322,143.18500594592797,144.20833333333334,0
common,G_aux,2021-08-26,24,24.0,7.568940852575423,9.079187249823748,-2.492684401805127,5.030812627190275,2.538128225385148,0.5833333333333334,0.4166666666666667,8.624250218040471,6.091507740924355,181.65458046181016,147.83333333333334,0
common,G_aux,2021-08-27,24,24.0,4.212586022062379,5.638294475956666,-1.0905882297529021,2.651587125907641,1.5609988961547387,0.5416666666666666,0.4583333333333333,4.895237770906414,3.4058157734285213,101.10206452949711,138.16666666666666,0
common,G_aux,2021-08-28,24,24.0,13.908139512856105,16.345870974298492,-1.0827576788846518,7.495448595870378,6.412690916985725,0.5833333333333334,0.4166666666666667,12.849340450063506,15.39045820076574,333.7953483085465,51.416666666666664,0
common,G_aux,2021-08-29,24,24.0,12.824239489610818,17.10936637427985,10.998518159736491,0.9128606649371641,11.911378824673655,0.16666666666666666,0.8333333333333334,5.4771639896229845,14.293654589608385,307.78174775065963,12.791666666666666,0
common,G_aux,2021-08-30,24,24.0,4.217960009774655,5.293326155530792,0.085670059720573,2.0661449750270413,2.151815034747614,0.4583333333333333,0.5416666666666666,4.5079526727862715,3.97258160261098,101.23104023459172,117.0,0
common,G_aux,2021-08-31,24,24.0,6.0649346300444575,7.812599387351336,-2.769661946393539,4.417298288218999,1.6476363418254596,0.75,0.25,5.889731050958664,6.590545367301838,145.55843112106697,144.79166666666666,0
common,lag1,2021-07-01,24,24.0,20.25,31.695162617240715,-0.16666666666666666,10.208333333333334,10.041666666666666,0.5416666666666666,0.4583333333333333,18.846153846153847,21.90909090909091,486.0,149.16666666666666,0
common,lag1,2021-07-02,24,24.0,19.208333333333332,26.999228384035966,0.875,9.166666666666666,10.041666666666666,0.4583333333333333,0.5416666666666666,20.0,18.53846153846154,461.0,141.70833333333334,0
common,lag1,2021-07-03,24,24.0,8.333333333333334,16.077935190813527,3.3333333333333335,2.5,5.833333333333333,0.4583333333333333,0.4166666666666667,5.454545454545454,14.0,200.0,49.708333333333336,0
common,lag1,2021-07-04,24,24.0,2.6666666666666665,3.3291640592396967,0.0,1.3333333333333333,1.3333333333333333,0.3333333333333333,0.4166666666666667,4.0,3.2,64.0,24.625,0
common,lag1,2021-07-05,24,24.0,19.541666666666668,32.13318637587419,-3.875,11.708333333333334,7.833333333333333,0.4166666666666667,0.4583333333333333,28.1,17.09090909090909,469.0,115.33333333333333,0
common,lag1,2021-07-06,24,24.0,17.833333333333332,24.462556421328223,0.08333333333333333,8.875,8.958333333333334,0.375,0.625,23.666666666666668,14.333333333333334,428.0,142.29166666666666,0
common,lag1,2021-07-07,24,24.0,16.166666666666668,24.298491036825038,0.16666666666666666,8.0,8.166666666666666,0.2916666666666667,0.6666666666666666,27.428571428571427,12.25,388.0,145.45833333333334,0
common,lag1,2021-07-08,24,24.0,16.708333333333332,25.181838693788823,-0.375,8.541666666666666,8.166666666666666,0.4166666666666667,0.5416666666666666,20.5,15.076923076923077,401.0,146.33333333333334,0
common,lag1,2021-07-09,24,24.0,18.708333333333332,26.906473818271568,0.5416666666666666,9.083333333333334,9.625,0.4166666666666667,0.5416666666666666,21.8,17.76923076923077,449.0,140.66666666666666,0
common,lag1,2021-07-10,24,24.0,8.791666666666666,19.06458321950242,3.4583333333333335,2.6666666666666665,6.125,0.4166666666666667,0.4583333333333333,6.4,13.363636363636363,211.0,50.083333333333336,0
common,lag1,2021-07-11,24,24.0,2.5,3.2015621187164243,0.0,1.25,1.25,0.375,0.3333333333333333,3.3333333333333335,3.75,60.0,24.625,0
common,lag1,2021-07-12,24,24.0,17.083333333333332,30.557323181195045,-3.8333333333333335,10.458333333333334,6.625,0.375,0.5416666666666666,27.88888888888889,12.23076923076923,410.0,122.83333333333333,0
common,lag1,2021-07-17,24,24.0,9.416666666666666,19.094065395649334,3.9166666666666665,2.75,6.666666666666667,0.3333333333333333,0.5416666666666666,8.25,12.307692307692308,226.0,49.083333333333336,0
common,lag1,2021-07-18,24,24.0,2.625,3.2339346519887093,0.041666666666666664,1.2916666666666667,1.3333333333333333,0.3333333333333333,0.4583333333333333,3.875,2.909090909090909,63.0,24.708333333333332,0
common,lag1,2021-07-19,24,24.0,21.041666666666668,35.37831256575135,-4.041666666666667,12.541666666666666,8.5,0.4166666666666667,0.4583333333333333,30.1,18.545454545454547,505.0,127.16666666666667,0
common,lag1,2021-07-21,24,24.0,19.0,26.51886121235224,0.25,9.375,9.625,0.4166666666666667,0.5833333333333334,22.5,16.5,456.0,152.125,0
common,lag1,2021-07-23,24,24.0,18.791666666666668,28.782952130268594,0.125,9.333333333333334,9.458333333333334,0.3333333333333333,0.6666666666666666,28.0,14.1875,451.0,146.58333333333334,0
common,lag1,2021-07-24,24,24.0,8.375,15.512092057488571,3.625,2.375,6.0,0.2916666666666667,0.5416666666666666,8.142857142857142,11.076923076923077,201.0,48.333333333333336,0
common,lag1,2021-07-25,24,24.0,2.4166666666666665,3.095695936834452,-0.16666666666666666,1.2916666666666667,1.125,0.375,0.2916666666666667,3.4444444444444446,3.857142857142857,58.0,25.541666666666668,0
common,lag1,2021-07-26,24,24.0,22.791666666666668,37.55606919438366,-3.2916666666666665,13.041666666666666,9.75,0.375,0.4583333333333333,34.77777777777778,21.272727272727273,547.0,123.29166666666667,0
common,lag1,2021-07-27,24,24.0,20.583333333333332,30.997311711394158,-1.3333333333333333,10.958333333333334,9.625,0.5833333333333334,0.4166666666666667,18.785714285714285,23.1,494.0,155.45833333333334,0
common,lag1,2021-07-28,24,24.0,18.458333333333332,28.285007807435136,0.9583333333333334,8.75,9.708333333333334,0.4166666666666667,0.4583333333333333,21.0,21.181818181818183,443.0,157.0,0
common,lag1,2021-07-29,24,24.0,20.125,31.121402067816074,-0.4583333333333333,10.291666666666666,9.833333333333334,0.4166666666666667,0.5416666666666666,24.7,18.153846153846153,483.0,153.91666666666666,0
common,lag1,2021-07-30,24,24.0,17.958333333333332,27.532556486215853,0.4583333333333333,8.75,9.208333333333334,0.4166666666666667,0.4583333333333333,21.0,20.09090909090909,431.0,157.0,0
common,lag1,2021-07-31,24,24.0,6.208333333333333,19.06458321950242,3.9583333333333335,1.125,5.083333333333333,0.2916666666666667,0.375,3.857142857142857,13.555555555555555,149.0,22.416666666666668,0
common,lag1,2021-08-01,24,24.0,2.4583333333333335,3.1688588903052572,-0.125,1.2916666666666667,1.1666666666666667,0.4166666666666667,0.3333333333333333,3.1,3.5,59.0,22.833333333333332,0
common,lag1,2021-08-02,24,24.0,2.2083333333333335,2.8357832545289257,0.125,1.0416666666666667,1.1666666666666667,0.3333333333333333,0.375,3.125,3.111111111111111,53.0,22.708333333333332,0
common,lag1,2021-08-03,24,24.0,2.375,2.850438562747845,-0.20833333333333334,1.2916666666666667,1.0833333333333333,0.5,0.375,2.5833333333333335,2.888888888888889,57.0,22.833333333333332,0
common,lag1,2021-08-04,24,24.0,2.5833333333333335,3.24037034920393,0.16666666666666666,1.2083333333333333,1.375,0.3333333333333333,0.4166666666666667,3.625,3.3,62.0,22.583333333333332,0
common,lag1,2021-08-05,24,24.0,2.0833333333333335,2.598076211353316,-0.16666666666666666,1.125,0.9583333333333334,0.3333333333333333,0.4166666666666667,3.375,2.3,50.0,22.75,0
common,lag1,2021-08-06,24,24.0,2.125,2.8939592256975564,0.20833333333333334,0.9583333333333334,1.1666666666666667,0.25,0.375,3.8333333333333335,3.111111111111111,51.0,22.75,0
common,lag1,2021-08-07,24,24.0,2.25,2.8284271247461903,-0.16666666666666666,1.2083333333333333,1.0416666666666667,0.4166666666666667,0.3333333333333333,2.9,3.125,54.0,22.666666666666668,0
common,lag1,2021-08-08,24,24.0,2.1666666666666665,2.692582403567252,0.16666666666666666,1.0,1.1666666666666667,0.375,0.375,2.6666666666666665,3.111111111111111,52.0,22.375,0
common,lag1,2021-08-09,24,24.0,21.041666666666668,35.673869989111076,-3.625,12.333333333333334,8.708333333333334,0.4166666666666667,0.5416666666666666,29.6,16.076923076923077,505.0,116.75,0
common,lag1,2021-08-10,24,24.0,18.375,28.259953998547132,-0.041666666666666664,9.208333333333334,9.166666666666666,0.375,0.625,24.555555555555557,14.666666666666666,441.0,142.33333333333334,0
common,lag1,2021-08-11,24,24.0,21.083333333333332,29.35841730520681,0.0,10.541666666666666,10.541666666666666,0.5,0.4583333333333333,21.083333333333332,23.0,506.0,150.79166666666666,0
common,lag1,2021-08-12,24,24.0,19.458333333333332,27.220549835250083,-0.375,9.916666666666666,9.541666666666666,0.5,0.4583333333333333,19.833333333333332,20.818181818181817,467.0,148.29166666666666,0
common,lag1,2021-08-13,24,24.0,18.416666666666668,27.282473006187203,0.08333333333333333,9.166666666666666,9.25,0.4583333333333333,0.5416666666666666,20.0,17.076923076923077,442.0,151.625,0
common,lag1,2021-08-14,24,24.0,8.916666666666666,16.94353367315488,3.9166666666666665,2.5,6.416666666666667,0.4166666666666667,0.5,6.0,12.833333333333334,214.0,46.25,0
common,lag1,2021-08-15,24,24.0,2.375,2.908321394435858,-0.125,1.25,1.125,0.375,0.4583333333333333,3.3333333333333335,2.4545454545454546,57.0,23.166666666666668,0
common,lag1,2021-08-16,24,24.0,17.208333333333332,29.30088167046628,-3.2083333333333335,10.208333333333334,7.0,0.4583333333333333,0.4166666666666667,22.272727272727273,16.8,413.0,98.95833333333333,0
common,lag1,2021-08-17,24,24.0,13.916666666666666,19.578900207451216,-0.6666666666666666,7.291666666666667,6.625,0.375,0.5416666666666666,19.444444444444443,12.23076923076923,334.0,133.41666666666666,0
common,lag1,2021-08-18,24,24.0,16.666666666666668,25.60436160761157,0.25,8.208333333333334,8.458333333333334,0.4166666666666667,0.5416666666666666,19.7,15.615384615384615,400.0,141.16666666666666,0
common,lag1,2021-08-19,24,24.0,16.875,24.127266732889574,-0.20833333333333334,8.541666666666666,8.333333333333334,0.5,0.5,17.083333333333332,16.666666666666668,405.0,143.08333333333334,0
common,lag1,2021-08-20,24,24.0,15.541666666666666,22.06335574355512,0.4583333333333333,7.541666666666667,8.0,0.375,0.625,20.11111111111111,12.8,373.0,140.66666666666666,0
common,lag1,2021-08-21,24,24.0,9.625,18.388175548433292,3.4583333333333335,3.0833333333333335,6.541666666666667,0.4583333333333333,0.5,6.7272727272727275,13.083333333333334,231.0,48.416666666666664,0
common,lag1,2021-08-22,24,24.0,2.2083333333333335,2.8210518133017928,-0.125,1.1666666666666667,1.0416666666666667,0.4583333333333333,0.2916666666666667,2.5454545454545454,3.5714285714285716,53.0,23.916666666666668,0
common,lag1,2021-08-23,24,24.0,16.875,30.187607832795674,-3.375,10.125,6.75,0.3333333333333333,0.5,30.375,13.5,405.0,118.20833333333333,0
common,lag1,2021-08-24,24,24.0,18.666666666666668,26.19001081837628,0.0,9.333333333333334,9.333333333333334,0.4166666666666667,0.5416666666666666,22.4,17.23076923076923,448.0,145.25,0
common,lag1,2021-08-25,24,24.0,16.166666666666668,24.34988021873345,-0.5,8.333333333333334,7.833333333333333,0.5,0.5,16.666666666666668,15.666666666666666,388.0,144.20833333333334,0
common,lag1,2021-08-26,24,24.0,20.916666666666668,29.64652874565025,0.25,10.333333333333334,10.583333333333334,0.5416666666666666,0.4583333333333333,19.076923076923077,23.09090909090909,502.0,147.83333333333334,0
common,lag1,2021-08-27,24,24.0,17.0,24.586581706288495,0.0,8.5,8.5,0.4166666666666667,0.5833333333333334,20.4,14.571428571428571,408.0,138.16666666666666,0
common,lag1,2021-08-28,24,24.0,10.208333333333334,19.199609371026277,4.708333333333333,2.75,7.458333333333333,0.20833333333333334,0.4583333333333333,13.2,16.272727272727273,245.0,51.416666666666664,0
common,lag1,2021-08-29,24,24.0,3.5416666666666665,9.311730952585203,-0.875,2.2083333333333335,1.3333333333333333,0.25,0.2916666666666667,8.833333333333334,4.571428571428571,85.0,12.791666666666666,0
common,lag1,2021-08-30,24,24.0,14.583333333333334,28.19278867606632,-3.9166666666666665,9.25,5.333333333333333,0.375,0.5416666666666666,24.666666666666668,9.846153846153847,350.0,117.0,0
common,lag1,2021-08-31,24,24.0,16.458333333333332,22.95557303430549,-0.5416666666666666,8.5,7.958333333333333,0.5,0.4166666666666667,17.0,19.1,395.0,144.79166666666666,0
common,lag168,2021-07-01,24,24.0,9.916666666666666,11.979148550710939,-1.5833333333333333,5.75,4.166666666666667,0.4583333333333333,0.5416666666666666,12.545454545454545,7.6923076923076925,238.0,149.16666666666666,0
common,lag168,2021-07-02,24,24.0,9.875,12.084770029531661,4.541666666666667,2.6666666666666665,7.208333333333333,0.2916666666666667,0.6666666666666666,9.142857142857142,10.8125,237.0,141.70833333333334,0
common,lag168,2021-07-03,24,24.0,6.333333333333333,8.72257607208635,4.583333333333333,0.875,5.458333333333333,0.2916666666666667,0.7083333333333334,3.0,7.705882352941177,152.0,49.708333333333336,0
common,lag168,2021-07-04,24,24.0,2.375,3.088958832141773,0.625,0.875,1.5,0.2916666666666667,0.5,3.0,3.0,57.0,24.625,0
common,lag168,2021-07-05,24,24.0,9.541666666666666,13.217727994376846,6.458333333333333,1.5416666666666667,8.0,0.2916666666666667,0.6666666666666666,5.285714285714286,12.0,229.0,115.33333333333333,0
common,lag168,2021-07-06,24,24.0,8.125,11.563231958813823,6.041666666666667,1.0416666666666667,7.083333333333333,0.375,0.5833333333333334,2.7777777777777777,12.142857142857142,195.0,142.29166666666666,0
common,lag168,2021-07-07,24,24.0,9.0,11.604596790352806,-3.25,6.125,2.875,0.5416666666666666,0.375,11.307692307692308,7.666666666666667,216.0,145.45833333333334,0
common,lag168,2021-07-08,24,24.0,7.5,9.128709291752768,2.8333333333333335,2.3333333333333335,5.166666666666667,0.2916666666666667,0.6666666666666666,8.0,7.75,180.0,146.33333333333334,0
common,lag168,2021-07-09,24,24.0,10.208333333333334,11.706479687193186,1.0416666666666667,4.583333333333333,5.625,0.4166666666666667,0.5833333333333334,11.0,9.642857142857142,245.0,140.66666666666666,0
common,lag168,2021-07-10,24,24.0,3.875,6.261655798056401,-0.375,2.125,1.75,0.2916666666666667,0.4583333333333333,7.285714285714286,3.8181818181818183,93.0,50.083333333333336,0
common,lag168,2021-07-11,24,24.0,0.6666666666666666,1.1902380714238083,0.0,0.3333333333333333,0.3333333333333333,0.20833333333333334,0.25,1.6,1.3333333333333333,16.0,24.625,0
common,lag168,2021-07-12,24,24.0,8.333333333333334,12.230426539304888,-7.5,7.916666666666667,0.4166666666666667,0.7083333333333334,0.16666666666666666,11.176470588235293,2.5,200.0,122.83333333333333,0
common,lag168,2021-07-17,24,24.0,4.083333333333333,5.656854249492381,1.0,1.5416666666666667,2.5416666666666665,0.375,0.4583333333333333,4.111111111111111,5.545454545454546,98.0,49.083333333333336,0
common,lag168,2021-07-18,24,24.0,1.4166666666666667,2.140872096444188,-0.08333333333333333,0.75,0.6666666666666666,0.375,0.3333333333333333,2.0,2.0,34.0,24.708333333333332,0
common,lag168,2021-07-19,24,24.0,8.25,12.127791774817597,-4.333333333333333,6.291666666666667,1.9583333333333333,0.5416666666666666,0.2916666666666667,11.615384615384615,6.714285714285714,198.0,127.16666666666667,0
common,lag168,2021-07-21,24,24.0,14.75,20.544666785648612,-11.083333333333334,12.916666666666666,1.8333333333333333,0.625,0.375,20.666666666666668,4.888888888888889,354.0,152.125,0
common,lag168,2021-07-23,24,24.0,8.583333333333334,10.222524150130436,-2.6666666666666665,5.625,2.9583333333333335,0.5416666666666666,0.4166666666666667,10.384615384615385,7.1,206.0,146.58333333333334,0
common,lag168,2021-07-24,24,24.0,2.8333333333333335,4.752192476461084,0.75,1.0416666666666667,1.7916666666666667,0.4583333333333333,0.25,2.272727272727273,7.166666666666667,68.0,48.333333333333336,0
common,lag168,2021-07-25,24,24.0,2.8333333333333335,3.488074922742725,-0.8333333333333334,1.8333333333333333,1.0,0.5,0.375,3.6666666666666665,2.6666666666666665,68.0,25.541666666666668,0
common,lag168,2021-07-26,24,24.0,9.375,12.484990989183773,3.875,2.75,6.625,0.4166666666666667,0.5416666666666666,6.6,12.23076923076923,225.0,123.29166666666667,0
common,lag168,2021-07-27,24,24.0,9.666666666666666,11.622535581074095,-4.083333333333333,6.875,2.7916666666666665,0.625,0.3333333333333333,11.0,8.375,232.0,155.45833333333334,0
common,lag168,2021-07-28,24,24.0,11.291666666666666,14.555926628009637,-4.875,8.083333333333334,3.2083333333333335,0.5833333333333334,0.375,13.857142857142858,8.555555555555555,271.0,157.0,0
common,lag168,2021-07-29,24,24.0,10.583333333333334,12.196310917650468,-9.0,9.791666666666666,0.7916666666666666,0.7916666666666666,0.16666666666666666,12.368421052631579,4.75,254.0,153.91666666666666,0
common,lag168,2021-07-30,24,24.0,13.5,15.400216448695344,-10.416666666666666,11.958333333333334,1.5416666666666667,0.875,0.125,13.666666666666666,12.333333333333334,324.0,157.0,0
common,lag168,2021-07-31,24,24.0,26.0,41.71530494514773,25.916666666666668,0.041666666666666664,25.958333333333332,0.041666666666666664,0.9166666666666666,1.0,28.318181818181817,624.0,22.416666666666668,0
common,lag168,2021-08-01,24,24.0,3.2916666666666665,3.679900360969936,2.7083333333333335,0.2916666666666667,3.0,0.125,0.8333333333333334,2.3333333333333335,3.6,79.0,22.833333333333332,0
common,lag168,2021-08-02,24,24.0,100.58333333333333,122.67028980156523,100.58333333333333,0.0,100.58333333333333,0.0,1.0,0.0,100.58333333333333,2414.0,22.708333333333332,0
common,lag168,2021-08-03,24,24.0,132.625,138.57233369856579,132.625,0.0,132.625,0.0,1.0,0.0,132.625,3183.0,22.833333333333332,0
common,lag168,2021-08-04,24,24.0,134.41666666666666,139.7381479768499,134.41666666666666,0.0,134.41666666666666,0.0,1.0,0.0,134.41666666666666,3226.0,22.583333333333332,0
common,lag168,2021-08-05,24,24.0,131.16666666666666,136.70558388985677,131.16666666666666,0.0,131.16666666666666,0.0,1.0,0.0,131.16666666666666,3148.0,22.75,0
common,lag168,2021-08-06,24,24.0,134.25,139.5501701897923,134.25,0.0,134.25,0.0,1.0,0.0,134.25,3222.0,22.75,0
common,lag168,2021-08-07,24,24.0,2.6666666666666665,3.378855822118882,-0.25,1.4583333333333333,1.2083333333333333,0.375,0.3333333333333333,3.888888888888889,3.625,64.0,22.666666666666668,0
common,lag168,2021-08-08,24,24.0,2.9583333333333335,3.3973028517732513,0.4583333333333333,1.25,1.7083333333333333,0.375,0.5,3.3333333333333335,3.4166666666666665,71.0,22.375,0
common,lag168,2021-08-09,24,24.0,94.875,117.34759619750774,-94.04166666666667,94.45833333333333,0.4166666666666667,0.8333333333333334,0.125,113.35,3.3333333333333335,2277.0,116.75,0
common,lag168,2021-08-10,24,24.0,119.5,125.56206964419364,-119.5,119.5,0.0,1.0,0.0,119.5,0.0,2868.0,142.33333333333334,0
common,lag168,2021-08-11,24,24.0,128.20833333333334,134.14435632307953,-128.20833333333334,128.20833333333334,0.0,1.0,0.0,128.20833333333334,0.0,3077.0,150.79166666666666,0
common,lag168,2021-08-12,24,24.0,125.54166666666667,130.87732805952297,-125.54166666666667,125.54166666666667,0.0,1.0,0.0,125.54166666666667,0.0,3013.0,148.29166666666666,0
common,lag168,2021-08-13,24,24.0,128.875,134.64877150077035,-128.875,128.875,0.0,1.0,0.0,128.875,0.0,3093.0,151.625,0
common,lag168,2021-08-14,24,24.0,24.75,41.11569043564756,-23.583333333333332,24.166666666666668,0.5833333333333334,0.7083333333333334,0.20833333333333334,34.11764705882353,2.8,594.0,46.25,0
common,lag168,2021-08-15,24,24.0,2.875,3.3478849044334447,-0.7916666666666666,1.8333333333333333,1.0416666666666667,0.5416666666666666,0.375,3.3846153846153846,2.7777777777777777,69.0,23.166666666666668,0
common,lag168,2021-08-16,24,24.0,19.625,28.315926025236514,17.791666666666668,0.9166666666666666,18.708333333333332,0.16666666666666666,0.75,5.5,24.944444444444443,471.0,98.95833333333333,0
common,lag168,2021-08-17,24,24.0,12.583333333333334,15.036067748362047,8.916666666666666,1.8333333333333333,10.75,0.25,0.7083333333333334,7.333333333333333,15.176470588235293,302.0,133.41666666666666,0
common,lag168,2021-08-18,24,24.0,12.708333333333334,15.891559604603529,9.625,1.5416666666666667,11.166666666666666,0.25,0.75,6.166666666666667,14.88888888888889,305.0,141.16666666666666,0
common,lag168,2021-08-19,24,24.0,8.458333333333334,10.474174589595751,5.208333333333333,1.625,6.833333333333333,0.2916666666666667,0.7083333333333334,5.571428571428571,9.647058823529411,203.0,143.08333333333334,0
common,lag168,2021-08-20,24,24.0,11.541666666666666,14.495689014324224,10.958333333333334,0.2916666666666667,11.25,0.125,0.7916666666666666,2.3333333333333335,14.210526315789474,277.0,140.66666666666666,0
common,lag168,2021-08-21,24,24.0,3.9166666666666665,6.645800679125628,-2.1666666666666665,3.0416666666666665,0.875,0.4583333333333333,0.25,6.636363636363637,3.5,94.0,48.416666666666664,0
common,lag168,2021-08-22,24,24.0,1.6666666666666667,2.0816659994661326,-0.75,1.2083333333333333,0.4583333333333333,0.6666666666666666,0.16666666666666666,1.8125,2.75,40.0,23.916666666666668,0
common,lag168,2021-08-23,24,24.0,22.75,32.94566233461799,-19.25,21.0,1.75,0.6666666666666666,0.20833333333333334,31.5,8.4,546.0,118.20833333333333,0
common,lag168,2021-08-24,24,24.0,13.916666666666666,16.936154620613657,-11.833333333333334,12.875,1.0416666666666667,0.75,0.25,17.166666666666668,4.166666666666667,334.0,145.25,0
common,lag168,2021-08-25,24,24.0,7.208333333333333,8.701053576052347,-3.0416666666666665,5.125,2.0833333333333335,0.6666666666666666,0.2916666666666667,7.6875,7.142857142857143,173.0,144.20833333333334,0
common,lag168,2021-08-26,24,24.0,9.5,11.321071798494463,-4.75,7.125,2.375,0.7083333333333334,0.2916666666666667,10.058823529411764,8.142857142857142,228.0,147.83333333333334,0
common,lag168,2021-08-27,24,24.0,7.25,8.626509529738357,2.5,2.375,4.875,0.3333333333333333,0.625,7.125,7.8,174.0,138.16666666666666,0
common,lag168,2021-08-28,24,24.0,15.166666666666666,17.5,-3.0,9.083333333333334,6.083333333333333,0.5833333333333334,0.2916666666666667,15.571428571428571,20.857142857142858,364.0,51.416666666666664,0
common,lag168,2021-08-29,24,24.0,13.208333333333334,16.858479567663665,11.125,1.0416666666666667,12.166666666666666,0.125,0.8333333333333334,8.333333333333334,14.6,317.0,12.791666666666666,0
common,lag168,2021-08-30,24,24.0,8.208333333333334,10.561328830533906,1.2083333333333333,3.5,4.708333333333333,0.375,0.5833333333333334,9.333333333333334,8.071428571428571,197.0,117.0,0
common,lag168,2021-08-31,24,24.0,9.041666666666666,12.184347882974015,0.4583333333333333,4.291666666666667,4.75,0.4583333333333333,0.5,9.363636363636363,9.5,217.0,144.79166666666666,0
common,lag24,2021-07-01,24,24.0,10.958333333333334,15.428598985866042,-6.958333333333333,8.958333333333334,2.0,0.5833333333333334,0.375,15.357142857142858,5.333333333333333,263.0,149.16666666666666,0
common,lag24,2021-07-02,24,24.0,10.875,14.867470082924891,7.458333333333333,1.7083333333333333,9.166666666666666,0.3333333333333333,0.5833333333333334,5.125,15.714285714285714,261.0,141.70833333333334,0
common,lag24,2021-07-03,24,24.0,92.75,110.63528671570687,92.0,0.375,92.375,0.08333333333333333,0.9166666666666666,4.5,100.77272727272727,2226.0,49.708333333333336,0
common,lag24,2021-07-04,24,24.0,27.333333333333332,44.86832587323341,25.083333333333332,1.125,26.208333333333332,0.2916666666666667,0.5416666666666666,3.857142857142857,48.38461538461539,656.0,24.625,0
common,lag24,2021-07-05,24,24.0,91.45833333333333,110.24272462767479,-90.70833333333333,91.08333333333333,0.375,0.8333333333333334,0.125,109.3,3.0,2195.0,115.33333333333333,0
common,lag24,2021-07-06,24,24.0,30.041666666666668,45.46839561717567,-26.958333333333332,28.5,1.5416666666666667,0.7083333333333334,0.25,40.23529411764706,6.166666666666667,721.0,142.29166666666666,0
common,lag24,2021-07-07,24,24.0,7.083333333333333,10.287532908007309,-3.1666666666666665,5.125,1.9583333333333333,0.5416666666666666,0.375,9.461538461538462,5.222222222222222,170.0,145.45833333333334,0
common,lag24,2021-07-08,24,24.0,8.708333333333334,10.795446570969942,-0.875,4.791666666666667,3.9166666666666665,0.625,0.2916666666666667,7.666666666666667,13.428571428571429,209.0,146.33333333333334,0
common,lag24,2021-07-09,24,24.0,10.583333333333334,12.727922061357855,5.666666666666667,2.4583333333333335,8.125,0.3333333333333333,0.625,7.375,13.0,254.0,140.66666666666666,0
common,lag24,2021-07-10,24,24.0,90.58333333333333,109.1932537598668,90.58333333333333,0.0,90.58333333333333,0.0,0.9583333333333334,0.0,94.52173913043478,2174.0,50.083333333333336,0
common,lag24,2021-07-11,24,24.0,26.875,43.755475847791516,25.458333333333332,0.7083333333333334,26.166666666666668,0.16666666666666666,0.7083333333333334,4.25,36.94117647058823,645.0,24.625,0
common,lag24,2021-07-12,24,24.0,98.95833333333333,118.949043712003,-98.20833333333333,98.58333333333333,0.375,0.8333333333333334,0.125,118.3,3.0,2375.0,122.83333333333333,0
common,lag24,2021-07-17,24,24.0,95.91666666666667,115.28876788308564,94.83333333333333,0.5416666666666666,95.375,0.125,0.875,4.333333333333333,109.0,2302.0,49.083333333333336,0
common,lag24,2021-07-18,24,24.0,25.291666666666668,42.41216413561877,24.375,0.4583333333333333,24.833333333333332,0.125,0.75,3.6666666666666665,33.111111111111114,607.0,24.708333333333332,0
common,lag24,2021-07-19,24,24.0,102.875,125.23394774048555,-102.45833333333333,102.66666666666667,0.20833333333333334,0.7916666666666666,0.08333333333333333,129.68421052631578,2.5,2469.0,127.16666666666667,0
common,lag24,2021-07-21,24,24.0,7.25,8.751190395216717,-0.75,4.0,3.25,0.5416666666666666,0.375,7.384615384615385,8.666666666666666,174.0,152.125,0
common,lag24,2021-07-23,24,24.0,9.416666666666666,12.12435565298214,-1.6666666666666667,5.541666666666667,3.875,0.5,0.5,11.083333333333334,7.75,226.0,146.58333333333334,0
common,lag24,2021-07-24,24,24.0,98.25,118.84303373217408,98.25,0.0,98.25,0.0,1.0,0.0,98.25,2358.0,48.333333333333336,0
common,lag24,2021-07-25,24,24.0,24.291666666666668,39.62900873518455,22.791666666666668,0.75,23.541666666666668,0.20833333333333334,0.625,3.6,37.666666666666664,583.0,25.541666666666668,0
common,lag24,2021-07-26,24,24.0,98.41666666666667,120.50069156094776,-97.75,98.08333333333333,0.3333333333333333,0.7916666666666666,0.125,123.89473684210526,2.6666666666666665,2362.0,123.29166666666667,0
common,lag24,2021-07-27,24,24.0,34.583333333333336,47.33656092282159,-32.166666666666664,33.375,1.2083333333333333,0.7916666666666666,0.16666666666666666,42.1578947368421,7.25,830.0,155.45833333333334,0
common,lag24,2021-07-28,24,24.0,13.625,16.341409567924877,-1.5416666666666667,7.583333333333333,6.041666666666667,0.625,0.375,12.133333333333333,16.11111111111111,327.0,157.0,0
common,lag24,2021-07-29,24,24.0,10.0,13.335416503931677,3.0833333333333335,3.4583333333333335,6.541666666666667,0.3333333333333333,0.5833333333333334,10.375,11.214285714285714,240.0,153.91666666666666,0
common,lag24,2021-07-30,24,24.0,10.0,13.335416503931677,-3.0833333333333335,6.541666666666667,3.4583333333333335,0.5833333333333334,0.3333333333333333,11.214285714285714,10.375,240.0,157.0,0
common,lag24,2021-07-31,24,24.0,134.58333333333334,139.91306824834723,134.58333333333334,0.0,134.58333333333334,0.0,1.0,0.0,134.58333333333334,3230.0,22.416666666666668,0
common,lag24,2021-08-01,24,24.0,2.6666666666666665,3.415650255319866,-0.4166666666666667,1.5416666666666667,1.125,0.4166666666666667,0.3333333333333333,3.7,3.375,64.0,22.833333333333332,0
common,lag24,2021-08-02,24,24.0,3.0416666666666665,3.458082320207738,0.125,1.4583333333333333,1.5833333333333333,0.4583333333333333,0.4583333333333333,3.1818181818181817,3.4545454545454546,73.0,22.708333333333332,0
common,lag24,2021-08-03,24,24.0,2.875,3.2339346519887093,-0.125,1.5,1.375,0.375,0.5,4.0,2.75,69.0,22.833333333333332,0
common,lag24,2021-08-04,24,24.0,2.5,3.0276503540974917,0.25,1.125,1.375,0.2916666666666667,0.5,3.857142857142857,2.75,60.0,22.583333333333332,0
common,lag24,2021-08-05,24,24.0,2.25,2.7688746209726918,-0.16666666666666666,1.2083333333333333,1.0416666666666667,0.4583333333333333,0.375,2.6363636363636362,2.7777777777777777,54.0,22.75,0
common,lag24,2021-08-06,24,24.0,2.0833333333333335,2.7233557730613653,0.0,1.0416666666666667,1.0416666666666667,0.3333333333333333,0.375,3.125,2.7777777777777777,50.0,22.75,0
common,lag24,2021-08-07,24,24.0,2.9166666666666665,3.3416562759605704,0.08333333333333333,1.4166666666666667,1.5,0.4166666666666667,0.4166666666666667,3.4,3.6,70.0,22.666666666666668,0
common,lag24,2021-08-08,24,24.0,2.875,3.2210246816812815,0.2916666666666667,1.2916666666666667,1.5833333333333333,0.4166666666666667,0.4583333333333333,3.1,3.4545454545454546,69.0,22.375,0
common,lag24,2021-08-09,24,24.0,94.70833333333333,117.37599839830969,-94.375,94.54166666666667,0.16666666666666666,0.8333333333333334,0.08333333333333333,113.45,2.0,2273.0,116.75,0
common,lag24,2021-08-10,24,24.0,34.25,46.55462741053067,-25.583333333333332,29.916666666666668,4.333333333333333,0.5833333333333334,0.4166666666666667,51.285714285714285,10.4,822.0,142.33333333333334,0
common,lag24,2021-08-11,24,24.0,10.708333333333334,13.66107609231425,-8.458333333333334,9.583333333333334,1.125,0.7083333333333334,0.16666666666666666,13.529411764705882,6.75,257.0,150.79166666666666,0
common,lag24,2021-08-12,24,24.0,8.25,10.747092630102339,2.5,2.875,5.375,0.2916666666666667,0.6666666666666666,9.857142857142858,8.0625,198.0,148.29166666666666,0
common,lag24,2021-08-13,24,24.0,6.416666666666667,8.210765291169068,-3.3333333333333335,4.875,1.5416666666666667,0.625,0.3333333333333333,7.8,4.625,154.0,151.625,0
common,lag24,2021-08-14,24,24.0,105.45833333333333,124.09119630336392,105.375,0.041666666666666664,105.41666666666667,0.041666666666666664,0.9583333333333334,1.0,110.0,2531.0,46.25,0
common,lag24,2021-08-15,24,24.0,24.0,40.38357752024123,23.083333333333332,0.4583333333333333,23.541666666666668,0.20833333333333334,0.5833333333333334,2.2,40.357142857142854,576.0,23.166666666666668,0
common,lag24,2021-08-16,24,24.0,76.54166666666667,93.7907689132216,-75.79166666666667,76.16666666666667,0.375,0.7916666666666666,0.125,96.21052631578948,3.0,1837.0,98.95833333333333,0
common,lag24,2021-08-17,24,24.0,37.125,45.50686761358114,-34.458333333333336,35.791666666666664,1.3333333333333333,0.9166666666666666,0.08333333333333333,39.04545454545455,16.0,891.0,133.41666666666666,0
common,lag24,2021-08-18,24,24.0,10.583333333333334,15.275252316519467,-7.75,9.166666666666666,1.4166666666666667,0.75,0.20833333333333334,12.222222222222221,6.8,254.0,141.16666666666666,0
common,lag24,2021-08-19,24,24.0,8.166666666666666,10.778064142816495,-1.9166666666666667,5.041666666666667,3.125,0.5833333333333334,0.2916666666666667,8.642857142857142,10.714285714285714,196.0,143.08333333333334,0
common,lag24,2021-08-20,24,24.0,6.416666666666667,7.371114795831994,2.4166666666666665,2.0,4.416666666666667,0.2916666666666667,0.6666666666666666,6.857142857142857,6.625,154.0,140.66666666666666,0
common,lag24,2021-08-21,24,24.0,92.83333333333333,111.2931564233249,92.25,0.2916666666666667,92.54166666666667,0.08333333333333333,0.9166666666666666,3.5,100.95454545454545,2228.0,48.416666666666664,0
common,lag24,2021-08-22,24,24.0,26.666666666666668,43.79307403383934,24.5,1.0833333333333333,25.583333333333332,0.2916666666666667,0.5416666666666666,3.7142857142857144,47.23076923076923,640.0,23.916666666666668,0
common,lag24,2021-08-23,24,24.0,95.20833333333333,116.20581597608042,-94.29166666666667,94.75,0.4583333333333333,0.7916666666666666,0.125,119.6842105263158,3.6666666666666665,2285.0,118.20833333333333,0
common,lag24,2021-08-24,24,24.0,32.541666666666664,47.859603703610695,-27.041666666666668,29.791666666666668,2.75,0.6666666666666666,0.25,44.6875,11.0,781.0,145.25,0
common,lag24,2021-08-25,24,24.0,8.958333333333334,11.00568035152757,1.0416666666666667,3.9583333333333335,5.0,0.3333333333333333,0.5416666666666666,11.875,9.23076923076923,215.0,144.20833333333334,0
common,lag24,2021-08-26,24,24.0,8.458333333333334,10.643855817638018,-3.625,6.041666666666667,2.4166666666666665,0.625,0.375,9.666666666666666,6.444444444444445,203.0,147.83333333333334,0
common,lag24,2021-08-27,24,24.0,11.083333333333334,14.005951116102992,9.666666666666666,0.7083333333333334,10.375,0.16666666666666666,0.7916666666666666,4.25,13.105263157894736,266.0,138.16666666666666,0
common,lag24,2021-08-28,24,24.0,87.33333333333333,105.42730512854185,86.75,0.2916666666666667,87.04166666666667,0.08333333333333333,0.8333333333333334,3.5,104.45,2096.0,51.416666666666664,0
common,lag24,2021-08-29,24,24.0,49.791666666666664,63.30251443136626,38.625,5.583333333333333,44.208333333333336,0.2916666666666667,0.7083333333333334,19.142857142857142,62.411764705882355,1195.0,12.791666666666666,0
common,lag24,2021-08-30,24,24.0,104.20833333333333,119.72833833307803,-104.20833333333333,104.20833333333333,0.0,1.0,0.0,104.20833333333333,0.0,2501.0,117.0,0
common,lag24,2021-08-31,24,24.0,33.375,49.354584386863195,-27.791666666666668,30.583333333333332,2.7916666666666665,0.75,0.25,40.77777777777778,11.166666666666666,801.0,144.79166666666666,0
core,A,2021-07-01,24,24.0,7.285669414331118,9.80654205522405,-3.9344320698747857,5.610050742102952,1.6756186722281665,0.7083333333333334,0.2916666666666667,7.920071635910049,5.744978304782285,174.85606594394685,149.16666666666666,0
core,A,2021-07-02,24,24.0,6.900684086451439,8.906107475883863,-0.00044547187554518547,3.4505647791634924,3.450119307287947,0.4166666666666667,0.5833333333333334,8.28135546999238,5.914490241065052,165.61641807483454,141.70833333333334,0
core,A,2021-07-03,24,24.0,2.9049942976328462,3.937551584857283,0.2345328838055664,1.3352307069136398,1.5697635907192062,0.4166666666666667,0.5833333333333334,3.2045536965927353,2.6910232983757822,69.7198631431883,49.708333333333336,0
core,A,2021-07-04,24,24.0,2.9874498750770404,5.547105308637663,1.7864014711399394,0.6005242019685507,2.38692567310849,0.3333333333333333,0.6666666666666666,1.801572605905652,3.5803885096627353,71.69879700184897,24.625,0
core,A,2021-07-05,24,24.0,6.970152563718482,9.86375112480107,0.5121057054787929,3.2290234291198447,3.7411291345986375,0.5833333333333334,0.4166666666666667,5.535468735634019,8.97870992303673,167.28366152924357,115.33333333333333,0
core,A,2021-07-06,24,24.0,6.382502581205465,8.752956774204838,-0.9400486938331625,3.6612756375193136,2.721226943686151,0.4166666666666667,0.5833333333333334,8.787061530046353,4.664960474890544,153.18006194893115,142.29166666666666,0
core,A,2021-07-07,24,24.0,7.091187120730834,9.851038307048015,-3.2486244051257835,5.169905762928309,1.9212813578025252,0.5,0.5,10.339811525856618,3.8425627156050504,170.18849089754002,145.45833333333334,0
core,A,2021-07-08,24,24.0,6.396357403116581,8.056607223772223,-2.635299351445249,4.515828377280915,1.880529025835666,0.625,0.375,7.225325403649464,5.014744068895109,153.51257767479794,146.33333333333334,0
core,A,2021-07-09,24,24.0,7.2016603803293675,9.330446035113662,-0.6412425795418866,3.921451479935627,3.2802089003937405,0.5,0.5,7.842902959871254,6.560417800787481,172.8398491279048,140.66666666666666,0
core,A,2021-07-10,24,24.0,5.084074914142074,10.058803717591196,1.1507643590831969,1.9666552775294381,3.117419636612636,0.625,0.375,3.146648444047101,8.313119030967027,122.01779793940977,50.083333333333336,0
core,A,2021-07-11,24,24.0,3.620607292214199,6.849706245172313,2.3093107720157175,0.6556482600992409,2.964959032114958,0.375,0.625,1.7483953602646425,4.743934451383934,86.89457501314078,24.625,0
core,A,2021-07-12,24,24.0,7.496693785630934,11.729227588260125,-3.7651824179401934,5.6309381017855635,1.8657556838453704,0.5416666666666666,0.4583333333333333,10.395578034065656,4.070739673844444,179.9206508551424,122.83333333333333,0
core,A,2021-07-14,22,22.0,10.087802351296226,13.445962474226208,-0.7929528043165303,5.440377577806378,4.647424773489847,0.5,0.5,10.880755155612755,9.294849546979695,221.93165172851695,145.36363636363637,0
core,A,2021-07-16,22,22.0,7.367706074879047,10.494868629400772,-3.629977474677281,5.498841774778164,1.8688643001008833,0.5,0.5,10.997683549556328,3.7377286002017667,162.08953364733904,149.4090909090909,0
core,A,2021-07-17,24,24.0,2.3371298075839277,3.061041632021674,1.0968301937917628,0.6201498068960826,1.7169800006878455,0.20833333333333334,0.7916666666666666,2.9767190731011963,2.168816842974121,56.091115382014266,49.083333333333336,0
core,A,2021-07-18,24,24.0,3.600276774409051,6.479318744503722,2.119256599306762,0.7405100875511447,2.8597666868579066,0.3333333333333333,0.6666666666666666,2.221530262653434,4.28965003028686,86.40664258581722,24.708333333333332,0
core,A,2021-07-19,24,24.0,9.750931713571447,14.079036286709579,-6.58368926481752,8.167310489194483,1.5836212243769632,0.5833333333333334,0.4166666666666667,14.001103695761973,3.8006909385047116,234.02236112571472,127.16666666666667,0
core,A,2021-07-20,24,24.0,8.269016409743909,10.138758208362832,-4.804444131932083,6.536730270837996,1.7322861389059128,0.6666666666666666,0.3333333333333333,9.805095406256994,5.196858416717738,198.4563938338538,151.375,0
core,A,2021-07-21,24,24.0,10.9198174774917,13.726085403246634,-6.39147320497372,8.65564534123271,2.2641721362589897,0.6666666666666666,0.3333333333333333,12.983468011849064,6.792516408776969,262.0756194598008,152.125,0
core,A,2021-07-22,24,24.0,7.462140552894468,10.96391184556061,-1.9979711861368543,4.730055869515661,2.732084683378807,0.5833333333333334,0.4166666666666667,8.108667204883991,6.557003240109137,179.09137326946723,144.91666666666666,0
core,A,2021-07-23,24,24.0,8.153286293340054,11.453275109527999,-3.809778765218036,5.981532529279046,2.1717537640610094,0.5833333333333334,0.4166666666666667,10.254055764478364,5.212209033746423,195.6788710401613,146.58333333333334,0
core,A,2021-07-24,24,24.0,3.946490601780258,5.578653477309028,1.9196103133927558,1.013440144193751,2.933050457586507,0.3333333333333333,0.6666666666666666,3.040320432581253,4.399575686379761,94.71577444272619,48.333333333333336,0
core,A,2021-07-25,24,24.0,3.5309497448511244,5.6366173469565135,1.032728797295804,1.2491104737776602,2.2818392710734643,0.5,0.5,2.4982209475553203,4.563678542146929,84.74279387642699,25.541666666666668,0
core,A,2021-07-26,24,24.0,12.081305971420251,17.39018747314481,-4.748557156330854,8.414931563875554,3.6663744075446996,0.5416666666666666,0.4583333333333333,15.535258271770251,7.99936234373389,289.95134331408605,123.29166666666667,0
core,A,2021-07-27,24,24.0,11.3246167243175,14.092222462715945,-9.540084929159148,10.432350826738324,0.8922658975791761,0.875,0.125,11.922686659129514,7.138127180633409,271.79080138362,155.45833333333334,0
core,A,2021-07-28,24,24.0,10.820645261689672,13.429338878957555,-8.5707804776927,9.695712869691185,1.1249323919984853,0.8333333333333334,0.16666666666666666,11.634855443629425,6.749594351990911,259.69548628055213,157.0,0
core,A,2021-07-29,24,24.0,9.043466198884113,11.480368611402108,-5.928167808745861,7.4858170038149865,1.557649195069126,0.625,0.375,11.977307206103978,4.153731186851003,217.0431887732187,153.91666666666666,0
core,A,2021-07-30,24,24.0,11.090229957048857,13.663326070508946,-8.7179239432648,9.90407695015683,1.1861530068920285,0.7916666666666666,0.20833333333333334,12.510412989671783,5.693534433081737,266.1655189691726,157.0,0
core,A,2021-07-31,24,24.0,4.120272639506514,9.37731341071582,3.209572106802312,0.4553502663521014,3.6649223731544134,0.2916666666666667,0.7083333333333334,1.5612009132072049,5.1740080562179935,98.88654334815635,22.416666666666668,0
core,A,2021-08-01,24,24.0,1.5661607054354072,1.9971045596283565,-0.020984425805936773,0.7935725656206719,0.7725881398147352,0.4583333333333333,0.5416666666666666,1.7314310522632843,1.4263165658118189,37.587856930449774,22.833333333333332,0
core,A,2021-08-02,24,24.0,17.224297233514516,23.31676471612443,16.630060909676086,0.2971181619192147,16.927179071595305,0.16666666666666666,0.8333333333333334,1.7827089715152882,20.312614885914364,413.3831336043484,22.708333333333332,0
core,A,2021-08-03,24,24.0,2.542492330722147,3.3781557658668215,1.3656573725914118,0.5884174790653675,1.9540748516567794,0.375,0.625,1.5691132775076464,3.1265197626508465,61.01981593733153,22.833333333333332,0
core,A,2021-08-04,24,24.0,2.9189537509128343,4.750288814570634,1.796719134970964,0.5611173079709353,2.3578364429418994,0.375,0.625,1.4963128212558274,3.7725383087070385,70.05489002190802,22.583333333333332,0
core,A,2021-08-05,24,24.0,2.9516017051516488,4.560598143400242,2.3827740718622024,0.2844138166447232,2.667187888506925,0.3333333333333333,0.6666666666666666,0.8532414499341696,4.000781832760389,70.83844092363957,22.75,0
core,A,2021-08-06,24,24.0,2.7302246436166517,3.87067500464193,1.8635456766071201,0.43333948350476587,2.296885160111886,0.3333333333333333,0.6666666666666666,1.3000184505142975,3.445327740167829,65.52539144679965,22.75,0
core,A,2021-08-07,24,24.0,2.557293010888002,3.920187538369218,1.7692644727830729,0.3940142690524646,2.1632787418355375,0.25,0.75,1.5760570762098585,2.8843716557807166,61.37503226131205,22.666666666666668,0
core,A,2021-08-08,24,24.0,1.3384996840155192,1.7087156628789864,0.37523549720904087,0.4816320934032392,0.8568675906122801,0.4166666666666667,0.5833333333333334,1.155917024167774,1.4689158696210516,32.12399241637246,22.375,0
core,A,2021-08-09,24,24.0,12.327076583553412,20.383303846140304,-0.5288640120153504,6.427970297784381,5.899106285769032,0.5833333333333334,0.4166666666666667,11.019377653344653,14.157855085845677,295.84983800528187,116.75,0
core,A,2021-08-10,24,24.0,6.187107910003779,8.010033087566127,-1.1662627747549672,3.6766853423793737,2.5104225676244063,0.5416666666666666,0.4583333333333333,6.787726785931151,5.477285602089614,148.4905898400907,142.33333333333334,0
core,A,2021-08-11,24,24.0,10.182084643437811,13.407298692572342,-5.277401203229432,7.729742923333622,2.4523417201041897,0.625,0.375,12.367588677333796,6.539577920277839,244.37003144250747,150.79166666666666,0
core,A,2021-08-12,24,24.0,7.757539356568951,9.474712508275543,-3.5130748544318453,5.635307105500398,2.122232251068553,0.625,0.375,9.016491368800637,5.659286002849474,186.1809445576548,148.29166666666666,0
core,A,2021-08-13,24,24.0,7.757886236175525,10.218480036146874,-5.158207886466665,6.458047061321095,1.29983917485443,0.6666666666666666,0.3333333333333333,9.687070591981643,3.89951752456329,186.1892696682126,151.625,0
core,A,2021-08-14,24,24.0,4.915381828854813,7.6537573338268,3.807124605116144,0.5541286118693347,4.361253216985479,0.375,0.625,1.477676298318226,6.978005147176765,117.96916389251552,46.25,0
core,A,2021-08-15,24,24.0,2.12817089129295,3.7322478602674134,0.43053685580136075,0.8488170177457945,1.2793538735471552,0.625,0.375,1.3581072283932714,3.411610329459081,51.0761013910308,23.166666666666668,0
core,A,2021-08-16,24,24.0,14.504707754289974,20.716369253667015,6.9861944924556285,3.759256630917172,10.745451123372803,0.2916666666666667,0.7083333333333334,12.888879877430304,15.170048644761604,348.1129861029594,98.95833333333333,0
core,A,2021-08-17,24,24.0,6.363166588676772,8.503843059046064,1.132316129736339,2.615425229470216,3.747741359206555,0.4166666666666667,0.5833333333333334,6.277020550728518,6.424699472925523,152.71599812824252,133.41666666666666,0
core,A,2021-08-18,24,24.0,6.1337762521227335,7.6843099232404715,-1.981888741537799,4.057832496830266,2.0759437552924673,0.625,0.375,6.492531994928426,5.5358500141132465,147.2106300509456,141.16666666666666,0
core,A,2021-08-19,24,24.0,5.917681740642358,6.931140376377305,-0.7329173117243494,3.325299526183354,2.5923822144590045,0.5833333333333334,0.4166666666666667,5.700513473457178,6.221717314701611,142.0243617754166,143.08333333333334,0
core,A,2021-08-20,24,24.0,5.148198422608375,7.01616349467585,0.0739668492015119,2.5371157867034313,2.611082635904943,0.375,0.625,6.7656420978758165,4.177732217447909,123.55676214260099,140.66666666666666,0
core,A,2021-08-21,24,24.0,2.5916309570536,3.3668646269820544,0.3452238240972944,1.1232035664781528,1.468427390575447,0.4583333333333333,0.5416666666666666,2.4506259632250607,2.710942874908518,62.1991429692864,48.416666666666664,0
core,A,2021-08-22,24,24.0,3.668485057793337,6.568256841437931,1.6894571133750766,0.9895139722091302,2.678971085584207,0.5,0.5,1.9790279444182604,5.357942171168414,88.04364138704008,23.916666666666668,0
core,A,2021-08-23,24,24.0,6.936596091142765,9.256754279435551,-0.8758042374161485,3.9062001642794564,3.0303959268633083,0.5,0.5,7.812400328558913,6.0607918537266166,166.47830618742637,118.20833333333333,0
core,A,2021-08-24,24,24.0,7.303880742867672,9.822407129801094,-1.4558820541602346,4.379881398513953,2.9239993443537187,0.6666666666666666,0.3333333333333333,6.569822097770929,8.771998033061156,175.29313782882411,145.25,0
core,A,2021-08-25,24,24.0,6.304109479751003,9.45278590749489,-3.3929496751722703,4.848529577461637,1.4555799022893663,0.625,0.375,7.7576473239386186,3.881546406104977,151.29862751402408,144.20833333333334,0
core,A,2021-08-26,24,24.0,8.473796825618253,10.188203902140767,-2.4391029371398822,5.456449881379068,3.017346944239185,0.5416666666666666,0.4583333333333333,10.073445934853662,6.583302423794586,203.37112381483806,147.83333333333334,0
core,A,2021-08-27,24,24.0,5.380630923623387,6.9252294183584375,-0.5585452471424972,2.969588085382942,2.4110428382404447,0.625,0.375,4.751340936612707,6.429447568641186,129.1351421669613,138.16666666666666,0
core,A,2021-08-28,24,24.0,15.126568960405463,18.122910250962057,7.664314636537693,3.7311271619338853,11.395441798471575,0.4166666666666667,0.5833333333333334,8.954705188641324,19.535043083094134,363.0376550497311,51.416666666666664,0
core,A,2021-08-29,24,24.0,12.668650544568388,16.759499984745933,10.879013660882217,0.8948184418430851,11.773832102725303,0.16666666666666666,0.8333333333333334,5.368910651058511,14.128598523270364,304.04761306964133,12.791666666666666,0
core,A,2021-08-30,24,24.0,5.281041157604491,6.657045843831744,-1.7180160787530163,3.4995286181787537,1.7815125394257374,0.5,0.5,6.999057236357507,3.563025078851475,126.74498778250779,117.0,0
core,A,2021-08-31,24,24.0,6.310872891195899,8.978164300153484,-2.021792192477363,4.16633254183663,2.144540349359268,0.625,0.375,6.6661320669386095,5.718774264958047,151.46094938870158,144.79166666666666,0
core,B,2021-07-01,24,24.0,7.321065067047112,9.596290732249876,-2.2561142548921103,4.788589660969611,2.5324754060775008,0.625,0.375,7.661743457551378,6.753267749540003,175.70556160913068,149.16666666666666,0
core,B,2021-07-02,24,24.0,6.9921969987521235,8.868468904479377,-1.1264512473825696,4.059324123067347,2.9328728756847773,0.5416666666666666,0.4583333333333333,7.4941368425858705,6.398995365130423,167.81272797005096,141.70833333333334,0
core,B,2021-07-03,24,24.0,2.8114590013372864,3.6649180657591214,0.648205980701236,1.0816265103180254,1.7298324910192615,0.4166666666666667,0.5833333333333334,2.5959036247632605,2.9654271274615907,67.47501603209487,49.708333333333336,0
core,B,2021-07-04,24,24.0,3.2825862706280895,5.6855644671049665,1.7622902094236175,0.7601480306022359,2.5224382400258536,0.5416666666666666,0.4583333333333333,1.4033502103425894,5.503501614601863,78.78207049507415,24.625,0
core,B,2021-07-05,24,24.0,7.512281809805468,9.486189464122294,0.40502592256368325,3.553627943620892,3.958653866184575,0.4166666666666667,0.5833333333333334,8.528707064690142,6.786263770602129,180.29476343533122,115.33333333333333,0
core,B,2021-07-06,24,24.0,6.540356790868061,9.039630775896072,-1.2253003664437496,3.8828285786559054,2.657528212212156,0.4166666666666667,0.5833333333333334,9.318788588774172,4.555762649506553,156.96856298083347,142.29166666666666,0
core,B,2021-07-07,24,24.0,6.617336992972095,9.089526491421864,-3.1848690397909247,4.9011030163815095,1.7162339765905852,0.5416666666666666,0.4583333333333333,9.048190184088941,3.7445104943794587,158.81608783133026,145.45833333333334,0
core,B,2021-07-08,24,24.0,6.339198185987617,8.107793321890512,-2.889069349943304,4.614133767965461,1.7250644180221564,0.625,0.375,7.3826140287447375,4.600171781392417,152.14075646370281,146.33333333333334,0
core,B,2021-07-09,24,24.0,7.400306718046497,9.71545286299504,-0.8977926885989191,4.149049703322708,3.251257014723789,0.5833333333333334,0.4166666666666667,7.1126566342675,7.803016835337094,177.60736123311594,140.66666666666666,0
core,B,2021-07-10,24,24.0,3.2181086778799872,4.31021716820899,-0.05927905225279032,1.638693865066389,1.5794148128135985,0.4583333333333333,0.5416666666666666,3.5753320692357575,2.915842731348181,77.23460826911969,50.083333333333336,0
core,B,2021-07-11,24,24.0,3.597378698619289,6.97234075409233,1.917059594369249,0.8401595521250198,2.757219146494269,0.4583333333333333,0.5416666666666666,1.8330753864545886,5.090250731989419,86.33708876686293,24.625,0
core,B,2021-07-12,24,24.0,8.445184103080345,13.084514493675638,-4.529834092454486,6.487509097767416,1.95767500531293,0.5416666666666666,0.4583333333333333,11.976939872801383,4.271290920682756,202.6844184739283,122.83333333333333,0
core,B,2021-07-14,22,22.0,10.06360871397464,13.556080715129273,-0.9235900218290916,5.493599367901864,4.570009346072773,0.5454545454545454,0.45454545454545453,10.071598841153419,10.054020561360101,221.39939170744208,145.36363636363637,0
core,B,2021-07-16,22,22.0,6.428640824373489,8.209035456857812,-3.403716038289987,4.916178431331738,1.5124623930417507,0.6363636363636364,0.36363636363636365,7.725423249235588,4.159271580864814,141.43009813621677,149.4090909090909,0
core,B,2021-07-17,24,24.0,2.743781342082558,4.068611090105679,1.244646596787884,0.7495673726473372,1.994213969435221,0.3333333333333333,0.6666666666666666,2.2487021179420115,2.991320954152832,65.8507522099814,49.083333333333336,0
core,B,2021-07-18,24,24.0,3.667738769091109,7.266076542209824,2.5180800128128857,0.5748293781391117,3.092909390951997,0.3333333333333333,0.6666666666666666,1.724488134417335,4.639364086427996,88.02573045818662,24.708333333333332,0
core,B,2021-07-19,24,24.0,10.943728397128877,15.157209109341164,-6.769691339969257,8.856709868549068,2.0870185285798097,0.5833333333333334,0.4166666666666667,15.182931203226973,5.008844468591543,262.64948153109304,127.16666666666667,0
core,B,2021-07-20,24,24.0,8.729115179750968,10.455037890272557,-4.045127856809789,6.387121518280378,2.3419936614705894,0.6666666666666666,0.3333333333333333,9.580682277420568,7.025980984411769,209.49876431402325,151.375,0
core,B,2021-07-21,24,24.0,10.879346442549215,13.341732134794533,-5.813883997298679,8.346615219923947,2.532731222625268,0.6666666666666666,0.3333333333333333,12.519922829885921,7.598193667875805,261.1043146211812,152.125,0
core,B,2021-07-22,24,24.0,6.649318189336642,10.029029574858837,-1.3416808749593485,3.9954995321479956,2.6538186571886473,0.4583333333333333,0.5416666666666666,8.717453524686535,4.899357520963656,159.5836365440794,144.91666666666666,0
core,B,2021-07-23,24,24.0,7.77493365662593,10.493985191882315,-4.168237684474577,5.971585670550255,1.8033479860756767,0.625,0.375,9.554537072880406,4.808927962868471,186.59840775902234,146.58333333333334,0
core,B,2021-07-24,24,24.0,4.138173120330527,5.427695936013098,1.832763665273031,1.1527047275287479,2.985468392801779,0.4166666666666667,0.5833333333333334,2.766491346068995,5.11794581623162,99.31615488793264,48.333333333333336,0
core,B,2021-07-25,24,24.0,3.065165836543675,4.952006311177261,0.18131473646119675,1.441925550041239,1.6232402865024358,0.5833333333333334,0.4166666666666667,2.4718723714992668,3.8957766876058457,73.5639800770482,25.541666666666668,0
core,B,2021-07-26,24,24.0,12.547859655825489,19.041038824113976,-5.838518899549894,9.193189277687692,3.3546703781377976,0.5,0.5,18.386378555375384,6.709340756275594,301.1486317398117,123.29166666666667,0
core,B,2021-07-27,24,24.0,9.698894737213367,12.346693021057314,-6.943429936085779,8.321162336649573,1.3777324005637943,0.7916666666666666,0.20833333333333334,10.510941898925777,6.613115522706212,232.77347369312082,155.45833333333334,0
core,B,2021-07-28,24,24.0,11.527531326394728,14.474164874486208,-9.181867872230384,10.354699599312555,1.1728317270821715,0.7916666666666666,0.20833333333333334,13.07962054650007,5.629592289994423,276.66075183347346,157.0,0
core,B,2021-07-29,24,24.0,9.387343903472148,11.799650871346184,-5.090892257678795,7.23911808057547,2.1482258228966757,0.6666666666666666,0.3333333333333333,10.858677120863206,6.444677468690028,225.29625368333154,153.91666666666666,0
core,B,2021-07-30,24,24.0,11.674856636532295,14.584481128857398,-9.502374691721139,10.588615664126715,1.0862409724055777,0.7916666666666666,0.20833333333333334,13.375093470475854,5.213956667546773,280.1965592767751,157.0,0
core,B,2021-07-31,24,24.0,4.2037524752392,8.568280170795981,2.962381114356951,0.6206856804411248,3.5830667947980754,0.3333333333333333,0.6666666666666666,1.8620570413233746,5.374600192197113,100.8900594057408,22.416666666666668,0
core,B,2021-08-01,24,24.0,2.015165517915454,3.166117795903549,0.5430912196528509,0.7360371491313017,1.2791283687841526,0.4583333333333333,0.5416666666666666,1.6058992344682947,2.3614677577553587,48.3639724299709,22.833333333333332,0
core,B,2021-08-02,24,24.0,15.247320410048866,19.867220534984632,15.073516213733518,0.08690209815767425,15.160418311891192,0.08333333333333333,0.9166666666666666,1.042825177892091,16.53863815842675,365.9356898411728,22.708333333333332,0
core,B,2021-08-03,24,24.0,2.4567956805455675,3.8585563764551694,0.9077046064217646,0.7745455370619013,1.6822501434836659,0.4583333333333333,0.5416666666666666,1.6899175354077847,3.10569257258523,58.96309633309362,22.833333333333332,0
core,B,2021-08-04,24,24.0,2.9868115154332258,5.096296443683677,1.3038342418275382,0.8414886368028437,2.1453228786303815,0.4166666666666667,0.5833333333333334,2.0195727283268248,3.677696363366369,71.68347637039741,22.583333333333332,0
core,B,2021-08-05,24,24.0,5.26733122254466,7.788838787678993,4.386675451725999,0.4403278854093304,4.82700333713533,0.3333333333333333,0.6666666666666666,1.320983656227991,7.240505005702994,126.41594934107184,22.75,0
core,B,2021-08-06,24,24.0,2.8756918638366584,5.359284556578157,1.659974722274762,0.607858570780948,2.2678332930557104,0.3333333333333333,0.6666666666666666,1.8235757123428438,3.401749939583565,69.0166047320798,22.75,0
core,B,2021-08-07,24,24.0,2.5800133521541757,3.9392379887238542,1.4585813695023822,0.5607159913258969,2.019297360828279,0.2916666666666667,0.7083333333333334,1.9224548274030748,2.850772744698747,61.92032045170022,22.666666666666668,0
core,B,2021-08-08,24,24.0,2.1604506261152028,3.181211457542075,1.1235771048730716,0.5184367606210655,1.6420138654941372,0.3333333333333333,0.6666666666666666,1.5553102818631963,2.463020798241206,51.85081502676486,22.375,0
core,B,2021-08-09,24,24.0,12.540544679859332,19.86952880110028,-1.8658311914199899,7.2031879356396615,5.337356744219671,0.5,0.5,14.406375871279318,10.674713488439343,300.973072316624,116.75,0
core,B,2021-08-10,24,24.0,6.210578575370119,7.665045595729461,-0.6026047887878985,3.406591682079009,2.8039868932911105,0.5,0.5,6.813183364158018,5.607973786582221,149.05388580888285,142.33333333333334,0
core,B,2021-08-11,24,24.0,9.965743033568733,12.943511846264494,-5.442448978220152,7.704096005894442,2.2616470276742913,0.625,0.375,12.326553609431107,6.031058740464776,239.1778328056496,150.79166666666666,0
core,B,2021-08-12,24,24.0,7.7250675644430915,9.463917474754194,-3.4947316933150643,5.609899628879077,2.1151679355640134,0.625,0.375,8.975839406206523,5.640447828170703,185.4016215466342,148.29166666666666,0
core,B,2021-08-13,24,24.0,7.835582893560553,10.423836769405108,-5.32349622127334,6.579539557416946,1.2560433361436065,0.7083333333333334,0.2916666666666667,9.288761728118041,4.306434295349509,188.05398944545328,151.625,0
core,B,2021-08-14,24,24.0,3.9289330894325314,6.40109847265588,2.5272362608066437,0.7008484143129441,3.2280846751195873,0.2916666666666667,0.7083333333333334,2.402908849072951,4.557296011933535,94.29439414638075,46.25,0
core,B,2021-08-15,24,24.0,2.012831813706961,4.0046301515008,0.6154115624709674,0.6987101256179967,1.3141216880889641,0.4583333333333333,0.5416666666666666,1.524458455893811,2.426070808779626,48.307963528967065,23.166666666666668,0
core,B,2021-08-16,24,24.0,13.97038092671698,19.743168763321673,7.435586206544255,3.267397360086362,10.70298356663062,0.20833333333333334,0.7916666666666666,15.683507328414539,13.51955818942815,335.2891422412075,98.95833333333333,0
core,B,2021-08-17,24,24.0,6.89930358208412,8.59236234076735,1.2391085635308958,2.8300975092766123,4.069206072807508,0.4583333333333333,0.5416666666666666,6.174758202058063,7.512380442106169,165.5832859700189,133.41666666666666,0
core,B,2021-08-18,24,24.0,5.458127394629912,6.960370741067525,-2.138165850886726,3.798146622758319,1.6599807718715933,0.5833333333333334,0.4166666666666667,6.511108496157119,3.983953852491824,130.9950574711179,141.16666666666666,0
core,B,2021-08-19,24,24.0,5.765421989930648,6.63699148713396,-0.7546397041260882,3.260030847028368,2.5053911429022797,0.5416666666666666,0.4583333333333333,6.018518486821602,5.466307948150429,138.37012775833554,143.08333333333334,0
core,B,2021-08-20,24,24.0,5.45351946213913,7.237474342637732,-0.1256241575984435,2.7895718098687863,2.663947652270343,0.5,0.5,5.579143619737573,5.327895304540686,130.8844670913391,140.66666666666666,0
core,B,2021-08-21,24,24.0,3.307021001472742,4.315932123469356,1.2742693517237582,1.016375824874492,2.2906451765982503,0.375,0.625,2.710335532998646,3.6650322825572,79.36850403534581,48.416666666666664,0
core,B,2021-08-22,24,24.0,3.4644933113713035,6.823321106895211,1.733876715320591,0.8653082980253562,2.5991850133459473,0.5416666666666666,0.4583333333333333,1.59749224250835,5.6709491200275215,83.14783947291129,23.916666666666668,0
core,B,2021-08-23,24,24.0,6.508239719459532,8.326796909980223,-0.42427575711936666,3.4662577382894493,3.0419819811700823,0.4583333333333333,0.5416666666666666,7.562744156267889,5.615966734467845,156.19775326702876,118.20833333333333,0
core,B,2021-08-24,24,24.0,6.994631576937086,9.486438370655726,-0.6327282063190474,3.8136798916280665,3.180951685309019,0.5833333333333334,0.4166666666666667,6.537736957076686,7.634284044741646,167.87115784649006,145.25,0
core,B,2021-08-25,24,24.0,5.966041914413665,7.882082327300195,-2.584622022791519,4.275331968602592,1.6907099458110733,0.6666666666666666,0.3333333333333333,6.412997952903888,5.07212983743322,143.18500594592797,144.20833333333334,0
core,B,2021-08-26,24,24.0,7.568940852575423,9.079187249823748,-2.492684401805127,5.030812627190275,2.538128225385148,0.5833333333333334,0.4166666666666667,8.624250218040471,6.091507740924355,181.65458046181016,147.83333333333334,0
core,B,2021-08-27,24,24.0,4.212586022062379,5.638294475956666,-1.0905882297529021,2.651587125907641,1.5609988961547387,0.5416666666666666,0.4583333333333333,4.895237770906414,3.4058157734285213,101.10206452949711,138.16666666666666,0
core,B,2021-08-28,24,24.0,13.908139512856105,16.345870974298492,-1.0827576788846518,7.495448595870378,6.412690916985725,0.5833333333333334,0.4166666666666667,12.849340450063506,15.39045820076574,333.7953483085465,51.416666666666664,0
core,B,2021-08-29,24,24.0,12.824239489610818,17.10936637427985,10.998518159736491,0.9128606649371641,11.911378824673655,0.16666666666666666,0.8333333333333334,5.4771639896229845,14.293654589608385,307.78174775065963,12.791666666666666,0
core,B,2021-08-30,24,24.0,4.283594788940541,5.426642972489167,0.020035280554686914,2.131779754192927,2.151815034747614,0.4583333333333333,0.5416666666666666,4.651155827330023,3.97258160261098,102.806274934573,117.0,0
core,B,2021-08-31,24,24.0,6.0649346300444575,7.812599387351336,-2.769661946393539,4.417298288218999,1.6476363418254596,0.75,0.25,5.889731050958664,6.590545367301838,145.55843112106697,144.79166666666666,0
