timestamp,label_confirmed_at,latest_input_timestamp,profile,level,maximum,prior_mean,direction,month,method,event,short_event,seen_profile,score,threshold,alarm,selected_family,alarm_one_hour_late,alarm_two_hours_late
2021-04-01 08:00:00,2021-04-01 10:00:00,2021-04-01 07:00:00,bc58476f0a409ff24b131da57c643b7485c7a7b256f4b41c8edc4f5c82f0f573,174.75,184,58.75,up,4,calendar,1,0,0,0.06923076923076923,,,,,
2021-04-05 08:00:00,2021-04-05 10:00:00,2021-04-05 07:00:00,bc58476f0a409ff24b131da57c643b7485c7a7b256f4b41c8edc4f5c82f0f573,174.75,184,58.75,up,4,calendar,1,0,0,0.06923076923076923,,,,,
2021-04-07 08:00:00,2021-04-07 10:00:00,2021-04-07 07:00:00,cbb12005c582bf00829e692d1fa3a0e0e9148844b418a9af24917aa07139ab06,185.0,199,55.5,up,4,calendar,1,0,0,0.06923076923076923,,,,,
2021-04-09 08:00:00,2021-04-09 10:00:00,2021-04-09 07:00:00,5af7fd4027d035252a0121b218882f02783da34af4ba657f812d98b4964dd47e,176.5,184,63.5,up,4,calendar,1,0,0,0.06923076923076923,,,,,
2021-04-19 08:00:00,2021-04-19 10:00:00,2021-04-19 07:00:00,1317b5ec7d1ad900ef508fea3cfae8e4e4327ae8f49a3d2270d668a4e562af2e,160.25,172,54.0,up,4,calendar,1,0,0,0.06923076923076923,,,,,
2021-04-20 08:00:00,2021-04-20 10:00:00,2021-04-20 07:00:00,1317b5ec7d1ad900ef508fea3cfae8e4e4327ae8f49a3d2270d668a4e562af2e,160.25,172,54.0,up,4,calendar,1,0,0,0.06923076923076923,,,,,
2021-04-01 08:00:00,2021-04-01 10:00:00,2021-04-01 07:00:00,bc58476f0a409ff24b131da57c643b7485c7a7b256f4b41c8edc4f5c82f0f573,174.75,184,58.75,up,4,last_delta,1,0,0,35.5,,,,,
2021-04-05 08:00:00,2021-04-05 10:00:00,2021-04-05 07:00:00,bc58476f0a409ff24b131da57c643b7485c7a7b256f4b41c8edc4f5c82f0f573,174.75,184,58.75,up,4,last_delta,1,0,0,35.5,,,,,
2021-04-07 08:00:00,2021-04-07 10:00:00,2021-04-07 07:00:00,cbb12005c582bf00829e692d1fa3a0e0e9148844b418a9af24917aa07139ab06,185.0,199,55.5,up,4,last_delta,1,0,0,32.75,,,,,
2021-04-09 08:00:00,2021-04-09 10:00:00,2021-04-09 07:00:00,5af7fd4027d035252a0121b218882f02783da34af4ba657f812d98b4964dd47e,176.5,184,63.5,up,4,last_delta,1,0,0,39.5,,,,,
2021-04-19 08:00:00,2021-04-19 10:00:00,2021-04-19 07:00:00,1317b5ec7d1ad900ef508fea3cfae8e4e4327ae8f49a3d2270d668a4e562af2e,160.25,172,54.0,up,4,last_delta,1,0,0,34.0,,,,,
2021-04-20 08:00:00,2021-04-20 10:00:00,2021-04-20 07:00:00,1317b5ec7d1ad900ef508fea3cfae8e4e4327ae8f49a3d2270d668a4e562af2e,160.25,172,54.0,up,4,last_delta,1,0,0,34.0,,,,,
2021-04-01 08:00:00,2021-04-01 10:00:00,2021-04-01 07:00:00,bc58476f0a409ff24b131da57c643b7485c7a7b256f4b41c8edc4f5c82f0f573,174.75,184,58.75,up,4,slope6,1,0,0,7.55,,,,,
2021-04-05 08:00:00,2021-04-05 10:00:00,2021-04-05 07:00:00,bc58476f0a409ff24b131da57c643b7485c7a7b256f4b41c8edc4f5c82f0f573,174.75,184,58.75,up,4,slope6,1,0,0,7.55,,,,,
2021-04-07 08:00:00,2021-04-07 10:00:00,2021-04-07 07:00:00,cbb12005c582bf00829e692d1fa3a0e0e9148844b418a9af24917aa07139ab06,185.0,199,55.5,up,4,slope6,1,0,0,6.55,,,,,
2021-04-09 08:00:00,2021-04-09 10:00:00,2021-04-09 07:00:00,5af7fd4027d035252a0121b218882f02783da34af4ba657f812d98b4964dd47e,176.5,184,63.5,up,4,slope6,1,0,0,7.75,,,,,
2021-04-19 08:00:00,2021-04-19 10:00:00,2021-04-19 07:00:00,1317b5ec7d1ad900ef508fea3cfae8e4e4327ae8f49a3d2270d668a4e562af2e,160.25,172,54.0,up,4,slope6,1,0,0,6.75,,,,,
2021-04-20 08:00:00,2021-04-20 10:00:00,2021-04-20 07:00:00,1317b5ec7d1ad900ef508fea3cfae8e4e4327ae8f49a3d2270d668a4e562af2e,160.25,172,54.0,up,4,slope6,1,0,0,6.75,,,,,
2021-04-01 08:00:00,2021-04-01 10:00:00,2021-04-01 07:00:00,bc58476f0a409ff24b131da57c643b7485c7a7b256f4b41c8edc4f5c82f0f573,174.75,184,58.75,up,4,logistic,1,0,0,0.8885459608111727,,,,,
2021-04-05 08:00:00,2021-04-05 10:00:00,2021-04-05 07:00:00,bc58476f0a409ff24b131da57c643b7485c7a7b256f4b41c8edc4f5c82f0f573,174.75,184,58.75,up,4,logistic,1,0,0,0.737939349759028,,,,,
2021-04-07 08:00:00,2021-04-07 10:00:00,2021-04-07 07:00:00,cbb12005c582bf00829e692d1fa3a0e0e9148844b418a9af24917aa07139ab06,185.0,199,55.5,up,4,logistic,1,0,0,0.2244084160368694,,,,,
2021-04-09 08:00:00,2021-04-09 10:00:00,2021-04-09 07:00:00,5af7fd4027d035252a0121b218882f02783da34af4ba657f812d98b4964dd47e,176.5,184,63.5,up,4,logistic,1,0,0,0.8782390034016878,,,,,
2021-04-19 08:00:00,2021-04-19 10:00:00,2021-04-19 07:00:00,1317b5ec7d1ad900ef508fea3cfae8e4e4327ae8f49a3d2270d668a4e562af2e,160.25,172,54.0,up,4,logistic,1,0,0,0.7779974665742623,,,,,
2021-04-20 08:00:00,2021-04-20 10:00:00,2021-04-20 07:00:00,1317b5ec7d1ad900ef508fea3cfae8e4e4327ae8f49a3d2270d668a4e562af2e,160.25,172,54.0,up,4,logistic,1,0,0,0.37402652593720986,,,,,
2021-04-01 08:00:00,2021-04-01 10:00:00,2021-04-01 07:00:00,bc58476f0a409ff24b131da57c643b7485c7a7b256f4b41c8edc4f5c82f0f573,174.75,184,58.75,up,4,hgb,1,0,0,0.8295512942838005,,,,,
2021-04-05 08:00:00,2021-04-05 10:00:00,2021-04-05 07:00:00,bc58476f0a409ff24b131da57c643b7485c7a7b256f4b41c8edc4f5c82f0f573,174.75,184,58.75,up,4,hgb,1,0,0,0.8295512942838005,,,,,
2021-04-07 08:00:00,2021-04-07 10:00:00,2021-04-07 07:00:00,cbb12005c582bf00829e692d1fa3a0e0e9148844b418a9af24917aa07139ab06,185.0,199,55.5,up,4,hgb,1,0,0,0.8341265246898398,,,,,
2021-04-09 08:00:00,2021-04-09 10:00:00,2021-04-09 07:00:00,5af7fd4027d035252a0121b218882f02783da34af4ba657f812d98b4964dd47e,176.5,184,63.5,up,4,hgb,1,0,0,0.3042693890085923,,,,,
2021-04-19 08:00:00,2021-04-19 10:00:00,2021-04-19 07:00:00,1317b5ec7d1ad900ef508fea3cfae8e4e4327ae8f49a3d2270d668a4e562af2e,160.25,172,54.0,up,4,hgb,1,0,0,0.34686350013709183,,,,,
2021-04-20 08:00:00,2021-04-20 10:00:00,2021-04-20 07:00:00,1317b5ec7d1ad900ef508fea3cfae8e4e4327ae8f49a3d2270d668a4e562af2e,160.25,172,54.0,up,4,hgb,1,0,0,0.34686350013709183,,,,,
2021-05-03 08:00:00,2021-05-03 10:00:00,2021-05-03 07:00:00,bc58476f0a409ff24b131da57c643b7485c7a7b256f4b41c8edc4f5c82f0f573,174.75,184,58.75,up,5,calendar,1,0,1,0.1206896551724138,inf,0.0,simple,0.0,0.0
2021-05-06 08:00:00,2021-05-06 10:00:00,2021-05-06 07:00:00,cbb12005c582bf00829e692d1fa3a0e0e9148844b418a9af24917aa07139ab06,185.0,199,55.5,up,5,calendar,1,0,1,0.1206896551724138,inf,0.0,simple,0.0,0.0
2021-05-09 08:00:00,2021-05-09 10:00:00,2021-05-09 07:00:00,5af7fd4027d035252a0121b218882f02783da34af4ba657f812d98b4964dd47e,176.5,184,63.5,up,5,calendar,1,0,1,0.12857142857142856,inf,0.0,simple,0.0,0.0
2021-05-10 08:00:00,2021-05-10 10:00:00,2021-05-10 07:00:00,5af7fd4027d035252a0121b218882f02783da34af4ba657f812d98b4964dd47e,176.5,184,63.5,up,5,calendar,1,0,1,0.1206896551724138,inf,0.0,simple,0.0,0.0
2021-05-17 08:00:00,2021-05-17 10:00:00,2021-05-17 07:00:00,0bcc34fcef311e74b4fb546c6a9512d6a6a4ea0b81560dc429e888878498e5a8,173.5,192,50.0,up,5,calendar,1,0,0,0.1206896551724138,inf,0.0,simple,0.0,0.0
2021-05-20 08:00:00,2021-05-20 10:00:00,2021-05-20 07:00:00,996e9a2d2e0b0f80c48d9264761b432cca6b05dfc24ea8fabf9f3deddec078f4,170.0,176,64.25,up,5,calendar,1,0,0,0.1206896551724138,inf,0.0,simple,0.0,0.0
2021-05-24 08:00:00,2021-05-24 10:00:00,2021-05-24 07:00:00,1317b5ec7d1ad900ef508fea3cfae8e4e4327ae8f49a3d2270d668a4e562af2e,160.25,172,54.0,up,5,calendar,1,0,1,0.1206896551724138,inf,0.0,simple,0.0,0.0
2021-05-31 08:00:00,2021-05-31 10:00:00,2021-05-31 07:00:00,c30281f51120816fbbdc018185bf68b3205d25a3840c75344519bef78470de49,159.5,171,49.0,up,5,calendar,1,0,0,0.1206896551724138,inf,0.0,simple,0.0,0.0
2021-05-03 08:00:00,2021-05-03 10:00:00,2021-05-03 07:00:00,bc58476f0a409ff24b131da57c643b7485c7a7b256f4b41c8edc4f5c82f0f573,174.75,184,58.75,up,5,last_delta,1,0,1,35.5,inf,0.0,,0.0,0.0
2021-05-06 08:00:00,2021-05-06 10:00:00,2021-05-06 07:00:00,cbb12005c582bf00829e692d1fa3a0e0e9148844b418a9af24917aa07139ab06,185.0,199,55.5,up,5,last_delta,1,0,1,32.75,inf,0.0,,0.0,0.0
2021-05-09 08:00:00,2021-05-09 10:00:00,2021-05-09 07:00:00,5af7fd4027d035252a0121b218882f02783da34af4ba657f812d98b4964dd47e,176.5,184,63.5,up,5,last_delta,1,0,1,39.5,inf,0.0,,0.0,0.0
2021-05-10 08:00:00,2021-05-10 10:00:00,2021-05-10 07:00:00,5af7fd4027d035252a0121b218882f02783da34af4ba657f812d98b4964dd47e,176.5,184,63.5,up,5,last_delta,1,0,1,39.5,inf,0.0,,0.0,0.0
2021-05-17 08:00:00,2021-05-17 10:00:00,2021-05-17 07:00:00,0bcc34fcef311e74b4fb546c6a9512d6a6a4ea0b81560dc429e888878498e5a8,173.5,192,50.0,up,5,last_delta,1,0,0,28.5,inf,0.0,,0.0,0.0
2021-05-20 08:00:00,2021-05-20 10:00:00,2021-05-20 07:00:00,996e9a2d2e0b0f80c48d9264761b432cca6b05dfc24ea8fabf9f3deddec078f4,170.0,176,64.25,up,5,last_delta,1,0,0,44.0,inf,0.0,,0.0,0.0
2021-05-24 08:00:00,2021-05-24 10:00:00,2021-05-24 07:00:00,1317b5ec7d1ad900ef508fea3cfae8e4e4327ae8f49a3d2270d668a4e562af2e,160.25,172,54.0,up,5,last_delta,1,0,1,34.0,inf,0.0,,0.0,0.0
2021-05-31 08:00:00,2021-05-31 10:00:00,2021-05-31 07:00:00,c30281f51120816fbbdc018185bf68b3205d25a3840c75344519bef78470de49,159.5,171,49.0,up,5,last_delta,1,0,0,25.5,inf,0.0,,0.0,0.0
2021-05-03 08:00:00,2021-05-03 10:00:00,2021-05-03 07:00:00,bc58476f0a409ff24b131da57c643b7485c7a7b256f4b41c8edc4f5c82f0f573,174.75,184,58.75,up,5,slope6,1,0,1,7.55,inf,0.0,,0.0,0.0
2021-05-06 08:00:00,2021-05-06 10:00:00,2021-05-06 07:00:00,cbb12005c582bf00829e692d1fa3a0e0e9148844b418a9af24917aa07139ab06,185.0,199,55.5,up,5,slope6,1,0,1,6.55,inf,0.0,,0.0,0.0
2021-05-09 08:00:00,2021-05-09 10:00:00,2021-05-09 07:00:00,5af7fd4027d035252a0121b218882f02783da34af4ba657f812d98b4964dd47e,176.5,184,63.5,up,5,slope6,1,0,1,7.75,inf,0.0,,0.0,0.0
2021-05-10 08:00:00,2021-05-10 10:00:00,2021-05-10 07:00:00,5af7fd4027d035252a0121b218882f02783da34af4ba657f812d98b4964dd47e,176.5,184,63.5,up,5,slope6,1,0,1,7.75,inf,0.0,,0.0,0.0
2021-05-17 08:00:00,2021-05-17 10:00:00,2021-05-17 07:00:00,0bcc34fcef311e74b4fb546c6a9512d6a6a4ea0b81560dc429e888878498e5a8,173.5,192,50.0,up,5,slope6,1,0,0,6.0,inf,0.0,,0.0,0.0
2021-05-20 08:00:00,2021-05-20 10:00:00,2021-05-20 07:00:00,996e9a2d2e0b0f80c48d9264761b432cca6b05dfc24ea8fabf9f3deddec078f4,170.0,176,64.25,up,5,slope6,1,0,0,8.5,inf,0.0,,0.0,0.0
2021-05-24 08:00:00,2021-05-24 10:00:00,2021-05-24 07:00:00,1317b5ec7d1ad900ef508fea3cfae8e4e4327ae8f49a3d2270d668a4e562af2e,160.25,172,54.0,up,5,slope6,1,0,1,6.75,inf,0.0,,0.0,0.0
2021-05-31 08:00:00,2021-05-31 10:00:00,2021-05-31 07:00:00,c30281f51120816fbbdc018185bf68b3205d25a3840c75344519bef78470de49,159.5,171,49.0,up,5,slope6,1,0,0,5.55,inf,0.0,,0.0,0.0
2021-05-03 08:00:00,2021-05-03 10:00:00,2021-05-03 07:00:00,bc58476f0a409ff24b131da57c643b7485c7a7b256f4b41c8edc4f5c82f0f573,174.75,184,58.75,up,5,logistic,1,0,1,0.9258380163793315,0.2244084160368694,1.0,ml,0.0,0.0
2021-05-06 08:00:00,2021-05-06 10:00:00,2021-05-06 07:00:00,cbb12005c582bf00829e692d1fa3a0e0e9148844b418a9af24917aa07139ab06,185.0,199,55.5,up,5,logistic,1,0,1,0.8158992372173446,0.2244084160368694,1.0,ml,0.0,0.0
2021-05-09 08:00:00,2021-05-09 10:00:00,2021-05-09 07:00:00,5af7fd4027d035252a0121b218882f02783da34af4ba657f812d98b4964dd47e,176.5,184,63.5,up,5,logistic,1,0,1,0.9995647738010848,0.2244084160368694,1.0,ml,0.0,0.0
2021-05-10 08:00:00,2021-05-10 10:00:00,2021-05-10 07:00:00,5af7fd4027d035252a0121b218882f02783da34af4ba657f812d98b4964dd47e,176.5,184,63.5,up,5,logistic,1,0,1,0.9952320269039034,0.2244084160368694,1.0,ml,0.0,0.0
2021-05-17 08:00:00,2021-05-17 10:00:00,2021-05-17 07:00:00,0bcc34fcef311e74b4fb546c6a9512d6a6a4ea0b81560dc429e888878498e5a8,173.5,192,50.0,up,5,logistic,1,0,0,0.8648289114460219,0.2244084160368694,1.0,ml,0.0,0.0
2021-05-20 08:00:00,2021-05-20 10:00:00,2021-05-20 07:00:00,996e9a2d2e0b0f80c48d9264761b432cca6b05dfc24ea8fabf9f3deddec078f4,170.0,176,64.25,up,5,logistic,1,0,0,0.8797760820084602,0.2244084160368694,1.0,ml,0.0,0.0
2021-05-24 08:00:00,2021-05-24 10:00:00,2021-05-24 07:00:00,1317b5ec7d1ad900ef508fea3cfae8e4e4327ae8f49a3d2270d668a4e562af2e,160.25,172,54.0,up,5,logistic,1,0,1,0.9685363717603757,0.2244084160368694,1.0,ml,0.0,0.0
2021-05-31 08:00:00,2021-05-31 10:00:00,2021-05-31 07:00:00,c30281f51120816fbbdc018185bf68b3205d25a3840c75344519bef78470de49,159.5,171,49.0,up,5,logistic,1,0,0,0.5380796191823362,0.2244084160368694,1.0,ml,0.0,0.0
2021-05-03 08:00:00,2021-05-03 10:00:00,2021-05-03 07:00:00,bc58476f0a409ff24b131da57c643b7485c7a7b256f4b41c8edc4f5c82f0f573,174.75,184,58.75,up,5,hgb,1,0,1,0.9788320644930257,0.3042693890085923,1.0,,0.0,0.0
2021-05-06 08:00:00,2021-05-06 10:00:00,2021-05-06 07:00:00,cbb12005c582bf00829e692d1fa3a0e0e9148844b418a9af24917aa07139ab06,185.0,199,55.5,up,5,hgb,1,0,1,0.9775614974746889,0.3042693890085923,1.0,,0.0,0.0
2021-05-09 08:00:00,2021-05-09 10:00:00,2021-05-09 07:00:00,5af7fd4027d035252a0121b218882f02783da34af4ba657f812d98b4964dd47e,176.5,184,63.5,up,5,hgb,1,0,1,0.9781496468551439,0.3042693890085923,1.0,,0.0,0.0
2021-05-10 08:00:00,2021-05-10 10:00:00,2021-05-10 07:00:00,5af7fd4027d035252a0121b218882f02783da34af4ba657f812d98b4964dd47e,176.5,184,63.5,up,5,hgb,1,0,1,0.9781496468551439,0.3042693890085923,1.0,,0.0,0.0
2021-05-17 08:00:00,2021-05-17 10:00:00,2021-05-17 07:00:00,0bcc34fcef311e74b4fb546c6a9512d6a6a4ea0b81560dc429e888878498e5a8,173.5,192,50.0,up,5,hgb,1,0,0,0.8807424497600164,0.3042693890085923,1.0,,0.0,0.0
2021-05-20 08:00:00,2021-05-20 10:00:00,2021-05-20 07:00:00,996e9a2d2e0b0f80c48d9264761b432cca6b05dfc24ea8fabf9f3deddec078f4,170.0,176,64.25,up,5,hgb,1,0,0,0.5128925815586788,0.3042693890085923,1.0,,0.0,0.0
2021-05-24 08:00:00,2021-05-24 10:00:00,2021-05-24 07:00:00,1317b5ec7d1ad900ef508fea3cfae8e4e4327ae8f49a3d2270d668a4e562af2e,160.25,172,54.0,up,5,hgb,1,0,1,0.9119263526637107,0.3042693890085923,1.0,,0.0,0.0
2021-05-31 08:00:00,2021-05-31 10:00:00,2021-05-31 07:00:00,c30281f51120816fbbdc018185bf68b3205d25a3840c75344519bef78470de49,159.5,171,49.0,up,5,hgb,1,0,0,0.9544996365441784,0.3042693890085923,1.0,,0.0,0.0
2021-06-07 08:00:00,2021-06-07 10:00:00,2021-06-07 07:00:00,f0f2a7d300a72d2d6f333ca599c1d39ea703009d633fb9dec860ea32ca46c3d7,171.0,182,56.25,up,6,calendar,1,0,1,0.16203703703703703,inf,0.0,simple,0.0,0.0
2021-06-14 08:00:00,2021-06-14 10:00:00,2021-06-14 07:00:00,92879e897ba021e56951a95ada2950adc356d7b591b597fd8ee946fe4aff2b93,182.5,204,61.75,up,6,calendar,1,0,1,0.16203703703703703,inf,0.0,simple,0.0,0.0
2021-06-21 08:00:00,2021-06-21 10:00:00,2021-06-21 07:00:00,eed221e454a75eeb26d90fe0db17737de200ba069bcf3ee7f34b3c8ca03239b8,189.5,208,57.5,up,6,calendar,1,0,1,0.16203703703703703,inf,0.0,simple,0.0,0.0
2021-06-28 08:00:00,2021-06-28 10:00:00,2021-06-28 07:00:00,4d6e1a43136ed4d119ae6a0d93bc6f91342f8909e1fa666b1afd67cda10924bd,174.75,198,57.0,up,6,calendar,1,0,1,0.16203703703703703,inf,0.0,simple,0.0,0.0
2021-06-07 08:00:00,2021-06-07 10:00:00,2021-06-07 07:00:00,f0f2a7d300a72d2d6f333ca599c1d39ea703009d633fb9dec860ea32ca46c3d7,171.0,182,56.25,up,6,last_delta,1,0,1,34.0,inf,0.0,,0.0,0.0
2021-06-14 08:00:00,2021-06-14 10:00:00,2021-06-14 07:00:00,92879e897ba021e56951a95ada2950adc356d7b591b597fd8ee946fe4aff2b93,182.5,204,61.75,up,6,last_delta,1,0,1,39.0,inf,0.0,,0.0,0.0
2021-06-21 08:00:00,2021-06-21 10:00:00,2021-06-21 07:00:00,eed221e454a75eeb26d90fe0db17737de200ba069bcf3ee7f34b3c8ca03239b8,189.5,208,57.5,up,6,last_delta,1,0,1,35.25,inf,0.0,,0.0,0.0
2021-06-28 08:00:00,2021-06-28 10:00:00,2021-06-28 07:00:00,4d6e1a43136ed4d119ae6a0d93bc6f91342f8909e1fa666b1afd67cda10924bd,174.75,198,57.0,up,6,last_delta,1,0,1,34.0,inf,0.0,,0.0,0.0
2021-06-07 08:00:00,2021-06-07 10:00:00,2021-06-07 07:00:00,f0f2a7d300a72d2d6f333ca599c1d39ea703009d633fb9dec860ea32ca46c3d7,171.0,182,56.25,up,6,slope6,1,0,1,6.95,inf,0.0,,0.0,0.0
2021-06-14 08:00:00,2021-06-14 10:00:00,2021-06-14 07:00:00,92879e897ba021e56951a95ada2950adc356d7b591b597fd8ee946fe4aff2b93,182.5,204,61.75,up,6,slope6,1,0,1,7.5,inf,0.0,,0.0,0.0
2021-06-21 08:00:00,2021-06-21 10:00:00,2021-06-21 07:00:00,eed221e454a75eeb26d90fe0db17737de200ba069bcf3ee7f34b3c8ca03239b8,189.5,208,57.5,up,6,slope6,1,0,1,7.05,inf,0.0,,0.0,0.0
2021-06-28 08:00:00,2021-06-28 10:00:00,2021-06-28 07:00:00,4d6e1a43136ed4d119ae6a0d93bc6f91342f8909e1fa666b1afd67cda10924bd,174.75,198,57.0,up,6,slope6,1,0,1,6.6,inf,0.0,,0.0,0.0
2021-06-07 08:00:00,2021-06-07 10:00:00,2021-06-07 07:00:00,f0f2a7d300a72d2d6f333ca599c1d39ea703009d633fb9dec860ea32ca46c3d7,171.0,182,56.25,up,6,logistic,1,0,1,0.8823527703266388,0.2244084160368694,1.0,ml,0.0,0.0
2021-06-14 08:00:00,2021-06-14 10:00:00,2021-06-14 07:00:00,92879e897ba021e56951a95ada2950adc356d7b591b597fd8ee946fe4aff2b93,182.5,204,61.75,up,6,logistic,1,0,1,0.993375820258293,0.2244084160368694,1.0,ml,0.0,0.0
2021-06-21 08:00:00,2021-06-21 10:00:00,2021-06-21 07:00:00,eed221e454a75eeb26d90fe0db17737de200ba069bcf3ee7f34b3c8ca03239b8,189.5,208,57.5,up,6,logistic,1,0,1,0.9672501608697653,0.2244084160368694,1.0,ml,0.0,0.0
2021-06-28 08:00:00,2021-06-28 10:00:00,2021-06-28 07:00:00,4d6e1a43136ed4d119ae6a0d93bc6f91342f8909e1fa666b1afd67cda10924bd,174.75,198,57.0,up,6,logistic,1,0,1,0.8664955767023448,0.2244084160368694,1.0,ml,0.0,0.0
2021-06-07 08:00:00,2021-06-07 10:00:00,2021-06-07 07:00:00,f0f2a7d300a72d2d6f333ca599c1d39ea703009d633fb9dec860ea32ca46c3d7,171.0,182,56.25,up,6,hgb,1,0,1,0.9830020091861116,0.3042693890085923,1.0,,0.0,0.0
2021-06-14 08:00:00,2021-06-14 10:00:00,2021-06-14 07:00:00,92879e897ba021e56951a95ada2950adc356d7b591b597fd8ee946fe4aff2b93,182.5,204,61.75,up,6,hgb,1,0,1,0.9859835064735409,0.3042693890085923,1.0,,0.0,0.0
2021-06-21 08:00:00,2021-06-21 10:00:00,2021-06-21 07:00:00,eed221e454a75eeb26d90fe0db17737de200ba069bcf3ee7f34b3c8ca03239b8,189.5,208,57.5,up,6,hgb,1,0,1,0.9838652835115151,0.3042693890085923,1.0,,0.0,0.0
2021-06-28 08:00:00,2021-06-28 10:00:00,2021-06-28 07:00:00,4d6e1a43136ed4d119ae6a0d93bc6f91342f8909e1fa666b1afd67cda10924bd,174.75,198,57.0,up,6,hgb,1,0,1,0.9852159352537952,0.3042693890085923,1.0,,0.0,0.0
2021-04-03 08:00:00,2021-04-03 10:00:00,2021-04-03 07:00:00,ee1d0cdac81dabfe541a2e12a594ac46dea48fcf8e017aaae11a8925c8337c82,23.0,25,71.75,down,4,calendar,1,0,0,0.16666666666666666,inf,0.0,simple,0.0,0.0
2021-04-07 00:00:00,2021-04-07 02:00:00,2021-04-06 23:00:00,cbb12005c582bf00829e692d1fa3a0e0e9148844b418a9af24917aa07139ab06,21.0,21,95.0,down,4,calendar,1,0,0,0.1484375,inf,0.0,simple,0.0,0.0
2021-04-09 00:00:00,2021-04-09 02:00:00,2021-04-08 23:00:00,5af7fd4027d035252a0121b218882f02783da34af4ba657f812d98b4964dd47e,22.5,23,85.0,down,4,calendar,1,0,0,0.1484375,inf,0.0,simple,0.0,0.0
2021-04-20 00:00:00,2021-04-20 02:00:00,2021-04-19 23:00:00,1317b5ec7d1ad900ef508fea3cfae8e4e4327ae8f49a3d2270d668a4e562af2e,20.25,21,98.0,down,4,calendar,1,0,0,0.1484375,inf,0.0,simple,0.0,0.0
2021-04-24 07:00:00,2021-04-24 09:00:00,2021-04-24 06:00:00,fbfc46f1ae0cbdc4b4a0de65cd33aae252d212cd5f3b62b5edbbae0e26f90e51,56.25,82,102.0,down,4,calendar,1,0,0,0.24074074074074073,inf,0.0,simple,0.0,0.0
2021-04-03 08:00:00,2021-04-03 10:00:00,2021-04-03 07:00:00,ee1d0cdac81dabfe541a2e12a594ac46dea48fcf8e017aaae11a8925c8337c82,23.0,25,71.75,down,4,last_delta,1,0,0,29.5,inf,0.0,,0.0,0.0
2021-04-07 00:00:00,2021-04-07 02:00:00,2021-04-06 23:00:00,cbb12005c582bf00829e692d1fa3a0e0e9148844b418a9af24917aa07139ab06,21.0,21,95.0,down,4,last_delta,1,0,0,9.5,inf,0.0,,0.0,0.0
2021-04-09 00:00:00,2021-04-09 02:00:00,2021-04-08 23:00:00,5af7fd4027d035252a0121b218882f02783da34af4ba657f812d98b4964dd47e,22.5,23,85.0,down,4,last_delta,1,0,0,15.25,inf,0.0,,0.0,0.0
2021-04-20 00:00:00,2021-04-20 02:00:00,2021-04-19 23:00:00,1317b5ec7d1ad900ef508fea3cfae8e4e4327ae8f49a3d2270d668a4e562af2e,20.25,21,98.0,down,4,last_delta,1,0,0,6.5,inf,0.0,,0.0,0.0
2021-04-24 07:00:00,2021-04-24 09:00:00,2021-04-24 06:00:00,fbfc46f1ae0cbdc4b4a0de65cd33aae252d212cd5f3b62b5edbbae0e26f90e51,56.25,82,102.0,down,4,last_delta,1,0,0,-18.0,inf,0.0,,0.0,0.0
2021-04-03 08:00:00,2021-04-03 10:00:00,2021-04-03 07:00:00,ee1d0cdac81dabfe541a2e12a594ac46dea48fcf8e017aaae11a8925c8337c82,23.0,25,71.75,down,4,slope6,1,0,0,7.35,inf,0.0,,0.0,0.0
2021-04-07 00:00:00,2021-04-07 02:00:00,2021-04-06 23:00:00,cbb12005c582bf00829e692d1fa3a0e0e9148844b418a9af24917aa07139ab06,21.0,21,95.0,down,4,slope6,1,0,0,13.5,inf,0.0,,0.0,0.0
2021-04-09 00:00:00,2021-04-09 02:00:00,2021-04-08 23:00:00,5af7fd4027d035252a0121b218882f02783da34af4ba657f812d98b4964dd47e,22.5,23,85.0,down,4,slope6,1,0,0,4.65,inf,0.0,,0.0,0.0
2021-04-20 00:00:00,2021-04-20 02:00:00,2021-04-19 23:00:00,1317b5ec7d1ad900ef508fea3cfae8e4e4327ae8f49a3d2270d668a4e562af2e,20.25,21,98.0,down,4,slope6,1,0,0,9.75,inf,0.0,,0.0,0.0
2021-04-24 07:00:00,2021-04-24 09:00:00,2021-04-24 06:00:00,fbfc46f1ae0cbdc4b4a0de65cd33aae252d212cd5f3b62b5edbbae0e26f90e51,56.25,82,102.0,down,4,slope6,1,0,0,-0.25,inf,0.0,,0.0,0.0
2021-04-03 08:00:00,2021-04-03 10:00:00,2021-04-03 07:00:00,ee1d0cdac81dabfe541a2e12a594ac46dea48fcf8e017aaae11a8925c8337c82,23.0,25,71.75,down,4,logistic,1,0,0,0.9902401008410747,0.6355525924907193,1.0,,0.0,0.0
2021-04-07 00:00:00,2021-04-07 02:00:00,2021-04-06 23:00:00,cbb12005c582bf00829e692d1fa3a0e0e9148844b418a9af24917aa07139ab06,21.0,21,95.0,down,4,logistic,1,0,0,0.04343448611146581,0.6355525924907193,0.0,,0.0,0.0
2021-04-09 00:00:00,2021-04-09 02:00:00,2021-04-08 23:00:00,5af7fd4027d035252a0121b218882f02783da34af4ba657f812d98b4964dd47e,22.5,23,85.0,down,4,logistic,1,0,0,0.3761964028318562,0.6355525924907193,0.0,,0.0,0.0
2021-04-20 00:00:00,2021-04-20 02:00:00,2021-04-19 23:00:00,1317b5ec7d1ad900ef508fea3cfae8e4e4327ae8f49a3d2270d668a4e562af2e,20.25,21,98.0,down,4,logistic,1,0,0,0.1043279406296167,0.6355525924907193,0.0,,0.0,0.0
2021-04-24 07:00:00,2021-04-24 09:00:00,2021-04-24 06:00:00,fbfc46f1ae0cbdc4b4a0de65cd33aae252d212cd5f3b62b5edbbae0e26f90e51,56.25,82,102.0,down,4,logistic,1,0,0,0.6475717800456905,0.6355525924907193,1.0,,0.0,0.0
2021-04-03 08:00:00,2021-04-03 10:00:00,2021-04-03 07:00:00,ee1d0cdac81dabfe541a2e12a594ac46dea48fcf8e017aaae11a8925c8337c82,23.0,25,71.75,down,4,hgb,1,0,0,0.6412250694895496,0.5025489981222843,1.0,ml,0.0,0.0
2021-04-07 00:00:00,2021-04-07 02:00:00,2021-04-06 23:00:00,cbb12005c582bf00829e692d1fa3a0e0e9148844b418a9af24917aa07139ab06,21.0,21,95.0,down,4,hgb,1,0,0,0.005512703945779181,0.5025489981222843,0.0,ml,0.0,0.0
2021-04-09 00:00:00,2021-04-09 02:00:00,2021-04-08 23:00:00,5af7fd4027d035252a0121b218882f02783da34af4ba657f812d98b4964dd47e,22.5,23,85.0,down,4,hgb,1,0,0,0.12347321462050281,0.5025489981222843,0.0,ml,0.0,0.0
2021-04-20 00:00:00,2021-04-20 02:00:00,2021-04-19 23:00:00,1317b5ec7d1ad900ef508fea3cfae8e4e4327ae8f49a3d2270d668a4e562af2e,20.25,21,98.0,down,4,hgb,1,0,0,0.226107426552373,0.5025489981222843,0.0,ml,0.0,0.0
2021-04-24 07:00:00,2021-04-24 09:00:00,2021-04-24 06:00:00,fbfc46f1ae0cbdc4b4a0de65cd33aae252d212cd5f3b62b5edbbae0e26f90e51,56.25,82,102.0,down,4,hgb,1,0,0,0.35224471420611747,0.5025489981222843,0.0,ml,0.0,0.0
2021-05-01 08:00:00,2021-05-01 10:00:00,2021-05-01 07:00:00,ee1d0cdac81dabfe541a2e12a594ac46dea48fcf8e017aaae11a8925c8337c82,23.0,25,71.75,down,5,calendar,1,0,1,0.15714285714285714,0.24074074074074073,0.0,simple,0.0,0.0
2021-05-10 00:00:00,2021-05-10 02:00:00,2021-05-09 23:00:00,5af7fd4027d035252a0121b218882f02783da34af4ba657f812d98b4964dd47e,22.5,23,100.75,down,5,calendar,1,0,1,0.14534883720930233,0.24074074074074073,0.0,simple,0.0,0.0
2021-05-13 17:00:00,2021-05-13 19:00:00,2021-05-13 16:00:00,2a3968a2863c95462efb2ac61ec40556f3964b88eaa86bbc2fe87c042841f4e2,100.5,117,149.5,down,5,calendar,1,0,0,0.005747126436781609,0.24074074074074073,0.0,simple,0.0,0.0
2021-05-15 08:00:00,2021-05-15 10:00:00,2021-05-15 07:00:00,85cbe6d306aa0818060bf623c0338bd41fbbb8dfa25d7d40f66ecc94a2e9d23e,21.5,24,69.0,down,5,calendar,1,0,0,0.15714285714285714,0.24074074074074073,0.0,simple,0.0,0.0
2021-05-20 17:00:00,2021-05-20 19:00:00,2021-05-20 16:00:00,996e9a2d2e0b0f80c48d9264761b432cca6b05dfc24ea8fabf9f3deddec078f4,100.5,110,152.25,down,5,calendar,1,0,0,0.005747126436781609,0.24074074074074073,0.0,simple,0.0,0.0
2021-05-22 07:00:00,2021-05-22 09:00:00,2021-05-22 06:00:00,fbfc46f1ae0cbdc4b4a0de65cd33aae252d212cd5f3b62b5edbbae0e26f90e51,56.25,82,102.0,down,5,calendar,1,0,1,0.21428571428571427,0.24074074074074073,0.0,simple,0.0,0.0
2021-05-01 08:00:00,2021-05-01 10:00:00,2021-05-01 07:00:00,ee1d0cdac81dabfe541a2e12a594ac46dea48fcf8e017aaae11a8925c8337c82,23.0,25,71.75,down,5,last_delta,1,0,1,29.5,inf,0.0,,0.0,0.0
2021-05-10 00:00:00,2021-05-10 02:00:00,2021-05-09 23:00:00,5af7fd4027d035252a0121b218882f02783da34af4ba657f812d98b4964dd47e,22.5,23,100.75,down,5,last_delta,1,0,1,11.5,inf,0.0,,0.0,0.0
2021-05-13 17:00:00,2021-05-13 19:00:00,2021-05-13 16:00:00,2a3968a2863c95462efb2ac61ec40556f3964b88eaa86bbc2fe87c042841f4e2,100.5,117,149.5,down,5,last_delta,1,0,0,-11.0,inf,0.0,,0.0,0.0
2021-05-15 08:00:00,2021-05-15 10:00:00,2021-05-15 07:00:00,85cbe6d306aa0818060bf623c0338bd41fbbb8dfa25d7d40f66ecc94a2e9d23e,21.5,24,69.0,down,5,last_delta,1,0,0,28.75,inf,0.0,,0.0,0.0
2021-05-20 17:00:00,2021-05-20 19:00:00,2021-05-20 16:00:00,996e9a2d2e0b0f80c48d9264761b432cca6b05dfc24ea8fabf9f3deddec078f4,100.5,110,152.25,down,5,last_delta,1,0,0,-2.75,inf,0.0,,0.0,0.0
2021-05-22 07:00:00,2021-05-22 09:00:00,2021-05-22 06:00:00,fbfc46f1ae0cbdc4b4a0de65cd33aae252d212cd5f3b62b5edbbae0e26f90e51,56.25,82,102.0,down,5,last_delta,1,0,1,-18.0,inf,0.0,,0.0,0.0
2021-05-01 08:00:00,2021-05-01 10:00:00,2021-05-01 07:00:00,ee1d0cdac81dabfe541a2e12a594ac46dea48fcf8e017aaae11a8925c8337c82,23.0,25,71.75,down,5,slope6,1,0,1,7.35,inf,0.0,,0.0,0.0
2021-05-10 00:00:00,2021-05-10 02:00:00,2021-05-09 23:00:00,5af7fd4027d035252a0121b218882f02783da34af4ba657f812d98b4964dd47e,22.5,23,100.75,down,5,slope6,1,0,1,11.65,inf,0.0,,0.0,0.0
2021-05-13 17:00:00,2021-05-13 19:00:00,2021-05-13 16:00:00,2a3968a2863c95462efb2ac61ec40556f3964b88eaa86bbc2fe87c042841f4e2,100.5,117,149.5,down,5,slope6,1,0,0,2.95,inf,0.0,,0.0,0.0
2021-05-15 08:00:00,2021-05-15 10:00:00,2021-05-15 07:00:00,85cbe6d306aa0818060bf623c0338bd41fbbb8dfa25d7d40f66ecc94a2e9d23e,21.5,24,69.0,down,5,slope6,1,0,0,5.7,inf,0.0,,0.0,0.0
2021-05-20 17:00:00,2021-05-20 19:00:00,2021-05-20 16:00:00,996e9a2d2e0b0f80c48d9264761b432cca6b05dfc24ea8fabf9f3deddec078f4,100.5,110,152.25,down,5,slope6,1,0,0,3.9,inf,0.0,,0.0,0.0
2021-05-22 07:00:00,2021-05-22 09:00:00,2021-05-22 06:00:00,fbfc46f1ae0cbdc4b4a0de65cd33aae252d212cd5f3b62b5edbbae0e26f90e51,56.25,82,102.0,down,5,slope6,1,0,1,-0.25,inf,0.0,,0.0,0.0
2021-05-01 08:00:00,2021-05-01 10:00:00,2021-05-01 07:00:00,ee1d0cdac81dabfe541a2e12a594ac46dea48fcf8e017aaae11a8925c8337c82,23.0,25,71.75,down,5,logistic,1,0,1,0.7877601268106944,0.6355525924907193,1.0,,0.0,0.0
2021-05-10 00:00:00,2021-05-10 02:00:00,2021-05-09 23:00:00,5af7fd4027d035252a0121b218882f02783da34af4ba657f812d98b4964dd47e,22.5,23,100.75,down,5,logistic,1,0,1,0.0006561630429626206,0.6355525924907193,0.0,,0.0,0.0
2021-05-13 17:00:00,2021-05-13 19:00:00,2021-05-13 16:00:00,2a3968a2863c95462efb2ac61ec40556f3964b88eaa86bbc2fe87c042841f4e2,100.5,117,149.5,down,5,logistic,1,0,0,4.0659675612469884e-05,0.6355525924907193,0.0,,0.0,0.0
2021-05-15 08:00:00,2021-05-15 10:00:00,2021-05-15 07:00:00,85cbe6d306aa0818060bf623c0338bd41fbbb8dfa25d7d40f66ecc94a2e9d23e,21.5,24,69.0,down,5,logistic,1,0,0,0.4245677487387032,0.6355525924907193,0.0,,0.0,0.0
2021-05-20 17:00:00,2021-05-20 19:00:00,2021-05-20 16:00:00,996e9a2d2e0b0f80c48d9264761b432cca6b05dfc24ea8fabf9f3deddec078f4,100.5,110,152.25,down,5,logistic,1,0,0,6.822198730904576e-07,0.6355525924907193,0.0,,0.0,0.0
2021-05-22 07:00:00,2021-05-22 09:00:00,2021-05-22 06:00:00,fbfc46f1ae0cbdc4b4a0de65cd33aae252d212cd5f3b62b5edbbae0e26f90e51,56.25,82,102.0,down,5,logistic,1,0,1,0.20356644639018803,0.6355525924907193,0.0,,0.0,0.0
2021-05-01 08:00:00,2021-05-01 10:00:00,2021-05-01 07:00:00,ee1d0cdac81dabfe541a2e12a594ac46dea48fcf8e017aaae11a8925c8337c82,23.0,25,71.75,down,5,hgb,1,0,1,0.7945927126518945,0.5025489981222843,1.0,ml,0.0,0.0
2021-05-10 00:00:00,2021-05-10 02:00:00,2021-05-09 23:00:00,5af7fd4027d035252a0121b218882f02783da34af4ba657f812d98b4964dd47e,22.5,23,100.75,down,5,hgb,1,0,1,0.022653687136463395,0.5025489981222843,0.0,ml,0.0,0.0
2021-05-13 17:00:00,2021-05-13 19:00:00,2021-05-13 16:00:00,2a3968a2863c95462efb2ac61ec40556f3964b88eaa86bbc2fe87c042841f4e2,100.5,117,149.5,down,5,hgb,1,0,0,0.0014420111227182776,0.5025489981222843,0.0,ml,0.0,0.0
2021-05-15 08:00:00,2021-05-15 10:00:00,2021-05-15 07:00:00,85cbe6d306aa0818060bf623c0338bd41fbbb8dfa25d7d40f66ecc94a2e9d23e,21.5,24,69.0,down,5,hgb,1,0,0,0.5050310041335551,0.5025489981222843,1.0,ml,0.0,0.0
2021-05-20 17:00:00,2021-05-20 19:00:00,2021-05-20 16:00:00,996e9a2d2e0b0f80c48d9264761b432cca6b05dfc24ea8fabf9f3deddec078f4,100.5,110,152.25,down,5,hgb,1,0,0,0.00036123765567697976,0.5025489981222843,0.0,ml,0.0,0.0
2021-05-22 07:00:00,2021-05-22 09:00:00,2021-05-22 06:00:00,fbfc46f1ae0cbdc4b4a0de65cd33aae252d212cd5f3b62b5edbbae0e26f90e51,56.25,82,102.0,down,5,hgb,1,0,1,0.5251010888794729,0.5025489981222843,1.0,ml,0.0,0.0
2021-06-05 07:00:00,2021-06-05 09:00:00,2021-06-05 06:00:00,161949cf8fd4ffc69d7d70b0db90ebfd16975eaf7e03627aaad2fbc00acf82e6,61.0,92,106.5,down,6,calendar,1,0,1,0.18888888888888888,0.24074074074074073,0.0,simple,0.0,0.0
2021-06-12 08:00:00,2021-06-12 10:00:00,2021-06-12 07:00:00,30b97c823bdc02f8f6cc7ebf6d8bce397d94f698a1af7ccc44ec7a6b165673e7,22.75,24,70.5,down,6,calendar,1,0,1,0.16666666666666666,0.24074074074074073,0.0,simple,0.0,0.0
2021-06-19 07:00:00,2021-06-19 09:00:00,2021-06-19 06:00:00,4982dcfb52cabb78f147a11c0b56912d9bcfb01a807ffce65bf13fce8d05f511,57.25,82,102.75,down,6,calendar,1,0,1,0.18888888888888888,0.24074074074074073,0.0,simple,0.0,0.0
2021-06-26 08:00:00,2021-06-26 10:00:00,2021-06-26 07:00:00,33099bbe42da9368a06aa5cf2a7d3c92aa160c408bac986897d7438190974108,23.25,24,70.75,down,6,calendar,1,0,1,0.16666666666666666,0.24074074074074073,0.0,simple,0.0,0.0
2021-06-05 07:00:00,2021-06-05 09:00:00,2021-06-05 06:00:00,161949cf8fd4ffc69d7d70b0db90ebfd16975eaf7e03627aaad2fbc00acf82e6,61.0,92,106.5,down,6,last_delta,1,0,1,-14.25,inf,0.0,,0.0,0.0
2021-06-12 08:00:00,2021-06-12 10:00:00,2021-06-12 07:00:00,30b97c823bdc02f8f6cc7ebf6d8bce397d94f698a1af7ccc44ec7a6b165673e7,22.75,24,70.5,down,6,last_delta,1,0,1,31.75,inf,0.0,,0.0,0.0
2021-06-19 07:00:00,2021-06-19 09:00:00,2021-06-19 06:00:00,4982dcfb52cabb78f147a11c0b56912d9bcfb01a807ffce65bf13fce8d05f511,57.25,82,102.75,down,6,last_delta,1,0,1,-14.5,inf,0.0,,0.0,0.0
2021-06-26 08:00:00,2021-06-26 10:00:00,2021-06-26 07:00:00,33099bbe42da9368a06aa5cf2a7d3c92aa160c408bac986897d7438190974108,23.25,24,70.75,down,6,last_delta,1,0,1,47.25,inf,0.0,,0.0,0.0
2021-06-05 07:00:00,2021-06-05 09:00:00,2021-06-05 06:00:00,161949cf8fd4ffc69d7d70b0db90ebfd16975eaf7e03627aaad2fbc00acf82e6,61.0,92,106.5,down,6,slope6,1,0,1,-0.4,inf,0.0,,0.0,0.0
2021-06-12 08:00:00,2021-06-12 10:00:00,2021-06-12 07:00:00,30b97c823bdc02f8f6cc7ebf6d8bce397d94f698a1af7ccc44ec7a6b165673e7,22.75,24,70.5,down,6,slope6,1,0,1,6.7,inf,0.0,,0.0,0.0
2021-06-19 07:00:00,2021-06-19 09:00:00,2021-06-19 06:00:00,4982dcfb52cabb78f147a11c0b56912d9bcfb01a807ffce65bf13fce8d05f511,57.25,82,102.75,down,6,slope6,1,0,1,1.5,inf,0.0,,0.0,0.0
2021-06-26 08:00:00,2021-06-26 10:00:00,2021-06-26 07:00:00,33099bbe42da9368a06aa5cf2a7d3c92aa160c408bac986897d7438190974108,23.25,24,70.75,down,6,slope6,1,0,1,8.05,inf,0.0,,0.0,0.0
2021-06-05 07:00:00,2021-06-05 09:00:00,2021-06-05 06:00:00,161949cf8fd4ffc69d7d70b0db90ebfd16975eaf7e03627aaad2fbc00acf82e6,61.0,92,106.5,down,6,logistic,1,0,1,0.0738073644192266,0.3761964028318562,0.0,,0.0,0.0
2021-06-12 08:00:00,2021-06-12 10:00:00,2021-06-12 07:00:00,30b97c823bdc02f8f6cc7ebf6d8bce397d94f698a1af7ccc44ec7a6b165673e7,22.75,24,70.5,down,6,logistic,1,0,1,0.5980624463222901,0.3761964028318562,1.0,,0.0,0.0
2021-06-19 07:00:00,2021-06-19 09:00:00,2021-06-19 06:00:00,4982dcfb52cabb78f147a11c0b56912d9bcfb01a807ffce65bf13fce8d05f511,57.25,82,102.75,down,6,logistic,1,0,1,0.12023365483429503,0.3761964028318562,0.0,,0.0,0.0
2021-06-26 08:00:00,2021-06-26 10:00:00,2021-06-26 07:00:00,33099bbe42da9368a06aa5cf2a7d3c92aa160c408bac986897d7438190974108,23.25,24,70.75,down,6,logistic,1,0,1,0.5291871707897798,0.3761964028318562,1.0,,0.0,0.0
2021-06-05 07:00:00,2021-06-05 09:00:00,2021-06-05 06:00:00,161949cf8fd4ffc69d7d70b0db90ebfd16975eaf7e03627aaad2fbc00acf82e6,61.0,92,106.5,down,6,hgb,1,0,1,0.7182059555655143,0.35224471420611747,1.0,ml,0.0,0.0
2021-06-12 08:00:00,2021-06-12 10:00:00,2021-06-12 07:00:00,30b97c823bdc02f8f6cc7ebf6d8bce397d94f698a1af7ccc44ec7a6b165673e7,22.75,24,70.5,down,6,hgb,1,0,1,0.760601852349186,0.35224471420611747,1.0,ml,0.0,0.0
2021-06-19 07:00:00,2021-06-19 09:00:00,2021-06-19 06:00:00,4982dcfb52cabb78f147a11c0b56912d9bcfb01a807ffce65bf13fce8d05f511,57.25,82,102.75,down,6,hgb,1,0,1,0.4448751552957015,0.35224471420611747,1.0,ml,0.0,0.0
2021-06-26 08:00:00,2021-06-26 10:00:00,2021-06-26 07:00:00,33099bbe42da9368a06aa5cf2a7d3c92aa160c408bac986897d7438190974108,23.25,24,70.75,down,6,hgb,1,0,1,0.6449601030731923,0.35224471420611747,1.0,ml,0.0,0.0
