method,threshold,operator,train_n,train_rate,check_n,check_rate,all_n,all_rate,days,min_selected,median_selected,max_selected,monthly_max_hits,monthly_max_total
Q90,176.0,>=,444,0.10220994475138122,285,0.19791666666666666,729,0.12603734439834025,130,176.0,184.0,222.0,8,8
Q95,182.0,>=,235,0.054097605893186004,220,0.1527777777777778,455,0.07866528354080221,105,182.0,190.0,222.0,8,8
Q99,194.0,>=,50,0.01151012891344383,89,0.06180555555555556,139,0.024031811894882436,49,194.0,200.0,222.0,8,8
Legacy187,187.0,>=,123,0.028314917127071824,164,0.11388888888888889,287,0.04961964038727524,77,187.0,193.0,222.0,8,8
IQR,351.0,>,0,0.0,0,0.0,0,0.0,0,,,,0,8
GMM,138.45000000000002,highest_component,1361,0.31330570902394106,436,0.30277777777777776,1797,0.31068464730290457,158,139.0,172.0,222.0,8,8
KMeans,141.4,highest_component,1323,0.30455801104972374,430,0.2986111111111111,1753,0.3030774550484094,158,142.0,172.0,222.0,8,8
ReferenceMax,222.0,>=,3,0.0006906077348066298,1,0.0006944444444444445,4,0.0006915629322268327,4,222.0,222.0,222.0,4,8
NewRecord,222.0,>,0,0.0,0,0.0,0,0.0,0,,,,0,8
DailyMax,,equals_block_max_all_ties,329,0.0757366482504604,82,0.05694444444444444,411,0.07105809128630705,241,25.0,106.0,222.0,8,8
MonthlyMax,,equals_block_max_all_ties,6,0.0013812154696132596,2,0.001388888888888889,8,0.0013831258644536654,8,198.0,220.0,222.0,8,8
