month,candidate,train_hours,train_dates,train_profiles,train_start,train_end,eval_hours,weight_min,weight_max,effective_weighted_rows
2,uniform,576,24,18,2021-01-08 00:00:00,2021-01-31 23:00:00,672,1.0,1.0,576.0
2,sqrt_inverse,576,24,18,2021-01-08 00:00:00,2021-01-31 23:00:00,672,0.46173583328994583,1.2216381862923753,514.6073927682617
2,inverse,576,24,18,2021-01-08 00:00:00,2021-01-31 23:00:00,672,0.19047619047619047,1.3333333333333333,453.5999999999999
3,uniform,1248,52,30,2021-01-08 00:00:00,2021-02-28 23:00:00,744,1.0,1.0,1248.0
3,sqrt_inverse,1248,52,30,2021-01-08 00:00:00,2021-02-28 23:00:00,744,0.52258143478353,1.3826205162165393,1131.5941155264402
3,inverse,1248,52,30,2021-01-08 00:00:00,2021-02-28 23:00:00,744,0.24761904761904763,1.7333333333333334,935.3541602227041
4,uniform,1992,83,33,2021-01-08 00:00:00,2021-03-31 23:00:00,720,1.0,1.0,1992.0
4,sqrt_inverse,1992,83,33,2021-01-08 00:00:00,2021-03-31 23:00:00,720,0.48241524471159775,1.671135428372521,1794.0320350108202
4,inverse,1992,83,33,2021-01-08 00:00:00,2021-03-31 23:00:00,720,0.20959595959595959,2.515151515151515,1395.1601423487552
5,uniform,2712,113,48,2021-01-08 00:00:00,2021-04-30 23:00:00,744,1.0,1.0,2712.0
5,sqrt_inverse,2712,113,48,2021-01-08 00:00:00,2021-04-30 23:00:00,744,0.4652051186966164,1.6115178030472999,2458.4233711918273
5,inverse,2712,113,48,2021-01-08 00:00:00,2021-04-30 23:00:00,744,0.19618055555555555,2.3541666666666665,1939.0765634132083
6,uniform,3456,144,62,2021-01-08 00:00:00,2021-05-31 23:00:00,720,1.0,1.0,3456.0
6,sqrt_inverse,3456,144,62,2021-01-08 00:00:00,2021-05-31 23:00:00,720,0.445297614742438,1.6055433827956695,3113.869778274251
6,inverse,3456,144,62,2021-01-08 00:00:00,2021-05-31 23:00:00,720,0.17866004962779156,2.32258064516129,2416.5383840419095
