scope,metric,n,mean,median,q10,q90
all,prior_slot_trend,5778,4.63637937002423,1.0,-12.0,30.0
all,recent_level_delta,5778,0.025138456213222568,-0.25,-25.0,28.0
all,past_level,5778,92.44998269297335,103.75,21.25,168.5
all,power_delta,5778,0.002898926964347525,-0.25,-25.0,27.75
known_production_zero,prior_slot_trend,2506,1.86951316839585,0.0,-5.0,10.0
known_production_zero,recent_level_delta,2506,-1.544094173982442,0.0,-13.375,3.0
known_production_zero,past_level,2506,45.09696727853152,22.75,20.75,113.625
known_production_zero,power_delta,2506,2.827513966480447,0.0,-3.25,17.25
known_production_positive,prior_slot_trend,3272,6.755501222493888,5.0,-18.0,36.0
known_production_positive,recent_level_delta,3272,1.2270018337408313,-1.25,-30.0,37.0
known_production_positive,past_level,3272,128.71729828850854,124.625,92.25,174.25
known_production_positive,power_delta,3272,-2.1604523227383865,-2.75,-33.974999999999994,31.75
zero_to_zero_posthoc,prior_slot_trend,2291,1.0192055870798777,0.0,-4.0,5.0
zero_to_zero_posthoc,recent_level_delta,2291,-0.6305106940200785,0.0,-4.5,2.75
zero_to_zero_posthoc,past_level,2291,41.129746835443036,22.5,20.75,111.25
zero_to_zero_posthoc,power_delta,2291,0.5415757311217809,0.0,-3.0,3.0
zero_to_positive_posthoc,prior_slot_trend,215,10.930232558139535,2.0,-12.0,45.0
zero_to_positive_posthoc,recent_level_delta,215,-11.279069767441861,-9.75,-58.5,33.9
zero_to_positive_posthoc,past_level,215,87.37093023255814,93.5,54.0,120.19999999999999
zero_to_positive_posthoc,power_delta,215,27.186046511627907,20.75,-8.0,73.8
