direction,month,train_hours,train_events,positive_dates,train_latest_confirmed,test_hours,test_events,ml_available
up,2,736,6,6,2021-01-31 23:00:00,672,0,False
up,3,1408,6,6,2021-02-28 23:00:00,744,4,False
up,4,2152,10,10,2021-03-31 23:00:00,720,6,True
up,5,2872,16,16,2021-04-30 23:00:00,744,8,True
up,6,3616,24,24,2021-05-31 23:00:00,718,4,True
down,2,736,11,9,2021-01-31 23:00:00,672,8,True
down,3,1408,19,17,2021-02-28 23:00:00,744,9,True
down,4,2152,28,26,2021-03-31 23:00:00,720,5,True
down,5,2872,33,31,2021-04-30 23:00:00,744,6,True
down,6,3616,39,37,2021-05-31 23:00:00,718,4,True
