period,group,weighting,days,unique_profiles,days_or_profiles,budget_fraction,receive_zero,median_original_max,median_mean_max_ratio,mean_reduction,days_or_profiles_with_reduction,days_or_profiles_with_zero,undefined_reduction_fraction,q25_reduction,median_reduction,q75_reduction,q25_reduction_fraction,median_reduction_fraction,q75_reduction_fraction
Jan-Aug,all,observed_days,241,126,241,0.0,False,180.0,0.6890112262521588,0.0,0,2,0,0.0,0.0,0.0,0.0,0.0,0.0
Jan-Aug,all,observed_days,241,126,241,0.0,True,180.0,0.6890112262521588,0.0,0,2,0,0.0,0.0,0.0,0.0,0.0,0.0
Jan-Aug,all,observed_days,241,126,241,0.05,False,180.0,0.6890112262521588,28.83957436765834,241,2,0,21.15249999999999,33.21612903225807,38.17820512820512,0.1732650501672241,0.1903350154191195,0.2081273131014063
Jan-Aug,all,observed_days,241,126,241,0.05,True,180.0,0.6890112262521588,28.839748122845066,241,2,0,21.15249999999999,33.21612903225807,38.17820512820512,0.1732650501672241,0.1903350154191195,0.2081273131014063
Jan-Aug,all,observed_days,241,126,241,0.1,False,180.0,0.6890112262521588,40.731288783368214,241,2,0,30.96249999999999,49.32682926829267,54.51499999999999,0.2455383480825957,0.2735365263667149,0.2909604519774011
Jan-Aug,all,observed_days,241,126,241,0.1,True,180.0,0.6890112262521588,40.73991176899013,241,2,0,30.96249999999999,49.32682926829267,54.51499999999999,0.2455383480825957,0.2735365263667149,0.2909604519774011
Jan-Aug,all,unique_profiles,241,126,126,0.0,False,181.0,0.6779684363271362,0.0,0,2,0,0.0,0.0,0.0,0.0,0.0,0.0
Jan-Aug,all,unique_profiles,241,126,126,0.0,True,181.0,0.6779684363271362,0.0,0,2,0,0.0,0.0,0.0,0.0,0.0,0.0
Jan-Aug,all,unique_profiles,241,126,126,0.05,False,181.0,0.6779684363271362,29.380607639525074,126,2,0,21.137499999999996,33.26394686907021,39.27638888888889,0.1753331136269644,0.19272220801467538,0.20887102881182162
Jan-Aug,all,unique_profiles,241,126,126,0.05,True,181.0,0.6779684363271362,29.380939980794917,126,2,0,21.137499999999996,33.26394686907021,39.27638888888889,0.1753331136269644,0.19272220801467538,0.20887102881182162
Jan-Aug,all,unique_profiles,241,126,126,0.1,False,181.0,0.6779684363271362,41.60695076851042,126,2,0,30.937499999999993,49.39854976928147,56.70260243632336,0.24749647606790456,0.27657054422559535,0.29271959677743253
Jan-Aug,all,unique_profiles,241,126,126,0.1,True,181.0,0.6779684363271362,41.62344393942219,126,2,0,30.937499999999993,49.39854976928147,56.70260243632336,0.24749647606790456,0.27657054422559535,0.29271959677743253
Jan-Aug,high_ge_182,observed_days,105,61,105,0.0,False,193.0,0.6781798245614035,0.0,0,0,0,0.0,0.0,0.0,0.0,0.0,0.0
Jan-Aug,high_ge_182,observed_days,105,61,105,0.0,True,193.0,0.6781798245614035,0.0,0,0,0,0.0,0.0,0.0,0.0,0.0,0.0
Jan-Aug,high_ge_182,observed_days,105,61,105,0.05,False,193.0,0.6781798245614035,39.33579415072711,105,0,0,36.0894736842105,38.40625,41.31666666666666,0.1859568733153638,0.1992305251467554,0.2138818742985408
Jan-Aug,high_ge_182,observed_days,105,61,105,0.05,True,193.0,0.6781798245614035,39.33579415072711,105,0,0,36.0894736842105,38.40625,41.31666666666666,0.1859568733153638,0.1992305251467554,0.2138818742985408
Jan-Aug,high_ge_182,observed_days,105,61,105,0.1,False,193.0,0.6781798245614035,55.64574497377139,105,0,0,50.96666666666667,54.51999999999998,58.97857142857143,0.2721808657292527,0.2817813765182185,0.2976282051282051
Jan-Aug,high_ge_182,observed_days,105,61,105,0.1,True,193.0,0.6781798245614035,55.64574497377139,105,0,0,50.96666666666667,54.51999999999998,58.97857142857143,0.2721808657292527,0.2817813765182185,0.2976282051282051
Jan-Aug,high_ge_182,unique_profiles,105,61,61,0.0,False,195.0,0.6736953883495146,0.0,0,0,0,0.0,0.0,0.0,0.0,0.0,0.0
Jan-Aug,high_ge_182,unique_profiles,105,61,61,0.0,True,195.0,0.6736953883495146,0.0,0,0,0,0.0,0.0,0.0,0.0,0.0,0.0
Jan-Aug,high_ge_182,unique_profiles,105,61,61,0.05,False,195.0,0.6736953883495146,39.540701544370464,61,0,0,36.13142857142856,39.25555555555556,41.76538461538462,0.1865099009900989,0.1992305251467554,0.2118332618332617
Jan-Aug,high_ge_182,unique_profiles,105,61,61,0.05,True,195.0,0.6736953883495146,39.540701544370464,61,0,0,36.13142857142856,39.25555555555556,41.76538461538462,0.1865099009900989,0.1992305251467554,0.2118332618332617
Jan-Aug,high_ge_182,unique_profiles,105,61,61,0.1,False,195.0,0.6736953883495146,56.17893280244459,61,0,0,52.2948717948718,55.46097560975608,59.38604651162791,0.2732673267326732,0.2817813765182185,0.2978715728715728
Jan-Aug,high_ge_182,unique_profiles,105,61,61,0.1,True,195.0,0.6736953883495146,56.17893280244459,61,0,0,52.2948717948718,55.46097560975608,59.38604651162791,0.2732673267326732,0.2817813765182185,0.2978715728715728
Jan-Aug,below_182,observed_days,136,65,136,0.0,False,116.0,0.7036039272030651,0.0,0,2,0,0.0,0.0,0.0,0.0,0.0,0.0
Jan-Aug,below_182,observed_days,136,65,136,0.0,True,116.0,0.7036039272030651,0.0,0,2,0,0.0,0.0,0.0,0.0,0.0,0.0
Jan-Aug,below_182,observed_days,136,65,136,0.05,False,116.0,0.7036039272030651,20.73587527043612,136,2,0,4.598958333333334,21.1725,32.59896972245583,0.1616996160459287,0.1821387755102039,0.2041328600405678
Jan-Aug,below_182,observed_days,136,65,136,0.05,True,116.0,0.7036039272030651,20.736183174847888,136,2,0,4.598958333333334,21.1725,32.59896972245583,0.1616996160459287,0.1821387755102039,0.2041328600405678
Jan-Aug,below_182,observed_days,136,65,136,0.1,False,116.0,0.7036039272030651,29.21645128342458,136,2,0,4.598958333333334,30.995652173913044,47.37130952380953,0.1770833333333333,0.26131341050254087,0.2876388888888888
Jan-Aug,below_182,observed_days,136,65,136,0.1,True,116.0,0.7036039272030651,29.231731721181077,136,2,0,4.598958333333334,30.995652173913044,47.37130952380953,0.1770833333333333,0.26131341050254087,0.2876388888888888
Jan-Aug,below_182,unique_profiles,136,65,65,0.0,False,112.0,0.7031537753222836,0.0,0,2,0,0.0,0.0,0.0,0.0,0.0,0.0
Jan-Aug,below_182,unique_profiles,136,65,65,0.0,True,112.0,0.7031537753222836,0.0,0,2,0,0.0,0.0,0.0,0.0,0.0,0.0
Jan-Aug,below_182,unique_profiles,136,65,65,0.05,False,112.0,0.7031537753222836,19.84575028267018,65,2,0,4.75,21.15249999999999,30.86081081081079,0.1718291054739653,0.1821767241379309,0.2043287037037037
Jan-Aug,below_182,unique_profiles,136,65,65,0.05,True,112.0,0.7031537753222836,19.84639451343941,65,2,0,4.75,21.15249999999999,30.86081081081079,0.1718291054739653,0.1821767241379309,0.2043287037037037
Jan-Aug,below_182,unique_profiles,136,65,65,0.1,False,112.0,0.7031537753222836,27.931706090510616,65,2,0,4.75,30.96249999999999,45.50238095238095,0.1822916666666666,0.2604813664596272,0.2876388888888888
Jan-Aug,below_182,unique_profiles,136,65,65,0.1,True,112.0,0.7031537753222836,27.963677467970363,65,2,0,4.75,30.96249999999999,45.50238095238095,0.1822916666666666,0.2604813664596272,0.2876388888888888
Jan-Jun,all,observed_days,181,67,181,0.0,False,176.0,0.6960753367003366,0.0,0,0,0,0.0,0.0,0.0,0.0,0.0,0.0
Jan-Jun,all,observed_days,181,67,181,0.0,True,176.0,0.6960753367003366,0.0,0,0,0,0.0,0.0,0.0,0.0,0.0,0.0
Jan-Jun,all,observed_days,181,67,181,0.05,False,176.0,0.6960753367003366,28.91966826756766,181,0,0,21.15249999999999,33.11829268292681,38.06875,0.171875,0.1903350154191195,0.2079685663924793
Jan-Jun,all,observed_days,181,67,181,0.05,True,176.0,0.6960753367003366,28.91966826756766,181,0,0,21.15249999999999,33.11829268292681,38.06875,0.171875,0.1903350154191195,0.2079685663924793
Jan-Jun,all,observed_days,181,67,181,0.1,False,176.0,0.6960753367003366,40.85962449288565,181,0,0,30.96249999999999,48.75151515151515,53.74047619047619,0.2455383480825957,0.2733459357277882,0.2893547544409613
Jan-Jun,all,observed_days,181,67,181,0.1,True,176.0,0.6960753367003366,40.85962449288565,181,0,0,30.96249999999999,48.75151515151515,53.74047619047619,0.2455383480825957,0.2733459357277882,0.2893547544409613
Jan-Jun,all,unique_profiles,181,67,67,0.0,False,177.0,0.6770833333333333,0.0,0,0,0,0.0,0.0,0.0,0.0,0.0,0.0
Jan-Jun,all,unique_profiles,181,67,67,0.0,True,177.0,0.6770833333333333,0.0,0,0,0,0.0,0.0,0.0,0.0,0.0,0.0
Jan-Jun,all,unique_profiles,181,67,67,0.05,False,177.0,0.6770833333333333,30.23137244100152,67,0,0,23.544548872180442,33.11829268292681,38.13174962292608,0.17605006720430105,0.1924525781458722,0.20940789509923255
Jan-Jun,all,unique_profiles,181,67,67,0.05,True,177.0,0.6770833333333333,30.23137244100152,67,0,0,23.544548872180442,33.11829268292681,38.13174962292608,0.17605006720430105,0.1924525781458722,0.20940789509923255
Jan-Jun,all,unique_profiles,181,67,67,0.1,False,177.0,0.6770833333333333,42.98234293794955,67,0,0,33.44090909090909,48.38780487804877,54.164747807017534,0.25553856628370736,0.2767512690355329,0.2914513459181538
Jan-Jun,all,unique_profiles,181,67,67,0.1,True,177.0,0.6770833333333333,42.98234293794955,67,0,0,33.44090909090909,48.38780487804877,54.164747807017534,0.25553856628370736,0.2767512690355329,0.2914513459181538
Jan-Jun,high_ge_182,observed_days,69,26,69,0.0,False,191.0,0.6784569597069597,0.0,0,0,0,0.0,0.0,0.0,0.0,0.0,0.0
Jan-Jun,high_ge_182,observed_days,69,26,69,0.0,True,191.0,0.6784569597069597,0.0,0,0,0,0.0,0.0,0.0,0.0,0.0,0.0
Jan-Jun,high_ge_182,observed_days,69,26,69,0.05,False,191.0,0.6784569597069597,38.911995798878294,69,0,0,33.52794117647059,38.26621621621621,41.18513513513511,0.1825062034739454,0.1992305251467554,0.2138818742985408
Jan-Jun,high_ge_182,observed_days,69,26,69,0.05,True,191.0,0.6784569597069597,38.911995798878294,69,0,0,33.52794117647059,38.26621621621621,41.18513513513511,0.1825062034739454,0.1992305251467554,0.2138818742985408
Jan-Jun,high_ge_182,observed_days,69,26,69,0.1,False,191.0,0.6784569597069597,54.720993127318096,69,0,0,50.625641025641016,54.19791666666666,58.61052631578946,0.2710265344411685,0.2817813765182185,0.2919422398589065
Jan-Jun,high_ge_182,observed_days,69,26,69,0.1,True,191.0,0.6784569597069597,54.720993127318096,69,0,0,50.625641025641016,54.19791666666666,58.61052631578946,0.2710265344411685,0.2817813765182185,0.2919422398589065
Jan-Jun,high_ge_182,unique_profiles,69,26,26,0.0,False,191.5,0.6404939795564796,0.0,0,0,0,0.0,0.0,0.0,0.0,0.0,0.0
Jan-Jun,high_ge_182,unique_profiles,69,26,26,0.0,True,191.5,0.6404939795564796,0.0,0,0,0,0.0,0.0,0.0,0.0,0.0,0.0
Jan-Jun,high_ge_182,unique_profiles,69,26,26,0.05,False,191.5,0.6404939795564796,38.69519137098884,26,0,0,34.36783088235294,38.336233108108104,41.14718468468467,0.1849927971419271,0.19985303431250812,0.21336972118222103
Jan-Jun,high_ge_182,unique_profiles,69,26,26,0.05,True,191.5,0.6404939795564796,38.69519137098884,26,0,0,34.36783088235294,38.336233108108104,41.14718468468467,0.1849927971419271,0.19985303431250812,0.21336972118222103
Jan-Jun,high_ge_182,unique_profiles,69,26,26,0.1,False,191.5,0.6404939795564796,54.5326903106853,26,0,0,50.71089743589743,54.35645833333332,58.52105263157893,0.2713151172631895,0.28092105263157885,0.29638923961840624
Jan-Jun,high_ge_182,unique_profiles,69,26,26,0.1,True,191.5,0.6404939795564796,54.5326903106853,26,0,0,50.71089743589743,54.35645833333332,58.52105263157893,0.2713151172631895,0.28092105263157885,0.29638923961840624
Jan-Jun,below_182,observed_days,112,41,112,0.0,False,119.0,0.7025824271601784,0.0,0,0,0,0.0,0.0,0.0,0.0,0.0,0.0
Jan-Jun,below_182,observed_days,112,41,112,0.0,True,119.0,0.7025824271601784,0.0,0,0,0,0.0,0.0,0.0,0.0,0.0,0.0
Jan-Jun,below_182,observed_days,112,41,112,0.05,False,119.0,0.7025824271601784,22.76368077059949,112,0,0,4.46875,24.35178571428571,35.519117647058806,0.1590602612726506,0.1823491379310343,0.2041328600405678
Jan-Jun,below_182,observed_days,112,41,112,0.05,True,119.0,0.7025824271601784,22.76368077059949,112,0,0,4.46875,24.35178571428571,35.519117647058806,0.1590602612726506,0.1823491379310343,0.2041328600405678
Jan-Jun,below_182,observed_days,112,41,112,0.1,False,119.0,0.7025824271601784,32.32003131631566,112,0,0,4.46875,34.16212121212121,50.34772727272727,0.1770833333333333,0.2669181034482757,0.2877236346516007
Jan-Jun,below_182,observed_days,112,41,112,0.1,True,119.0,0.7025824271601784,32.32003131631566,112,0,0,4.46875,34.16212121212121,50.34772727272727,0.1770833333333333,0.2669181034482757,0.2877236346516007
Jan-Jun,below_182,unique_profiles,112,41,41,0.0,False,157.0,0.6933928571428571,0.0,0,0,0,0.0,0.0,0.0,0.0,0.0,0.0
Jan-Jun,below_182,unique_profiles,112,41,41,0.0,True,157.0,0.6933928571428571,0.0,0,0,0,0.0,0.0,0.0,0.0,0.0,0.0
Jan-Jun,below_182,unique_profiles,112,41,41,0.05,False,157.0,0.6933928571428571,24.864072631741266,41,0,0,18.38571428571429,26.60277777777777,33.80714285714285,0.171875,0.1850140056022408,0.2043287037037037
Jan-Jun,below_182,unique_profiles,112,41,41,0.05,True,157.0,0.6933928571428571,24.864072631741266,41,0,0,18.38571428571429,26.60277777777777,33.80714285714285,0.171875,0.1850140056022408,0.2043287037037037
Jan-Jun,below_182,unique_profiles,112,41,41,0.1,False,157.0,0.6933928571428571,35.657732408897594,41,0,0,27.745833333333323,38.70999999999998,50.34772727272727,0.2455383480825957,0.268780487804878,0.2893547544409613
Jan-Jun,below_182,unique_profiles,112,41,41,0.1,True,157.0,0.6933928571428571,35.657732408897594,41,0,0,27.745833333333323,38.70999999999998,50.34772727272727,0.2455383480825957,0.268780487804878,0.2893547544409613
Jul-Aug,all,observed_days,60,59,60,0.0,False,188.5,0.6795813652721547,0.0,0,2,0,0.0,0.0,0.0,0.0,0.0,0.0
Jul-Aug,all,observed_days,60,59,60,0.0,True,188.5,0.6795813652721547,0.0,0,2,0,0.0,0.0,0.0,0.0,0.0,0.0
Jul-Aug,all,observed_days,60,59,60,0.05,False,188.5,0.6795813652721547,28.597957769598576,60,2,0,14.722490530303023,34.26954099821745,40.15706221198155,0.17571071269770683,0.1925901438657514,0.20835251104681152
Jul-Aug,all,observed_days,60,59,60,0.05,True,188.5,0.6795813652721547,28.598655686265243,60,2,0,14.722490530303023,34.26954099821745,40.15706221198155,0.17571071269770683,0.1925901438657514,0.20835251104681152
Jul-Aug,all,observed_days,60,59,60,0.1,False,188.5,0.6795813652721547,40.34414272632393,60,2,0,16.043854166666666,51.29231177094378,57.98974358974357,0.23693075304187888,0.27549564470617094,0.29494219190584
Jul-Aug,all,observed_days,60,59,60,0.1,True,188.5,0.6795813652721547,40.37877838523866,60,2,0,17.602458817829458,51.29231177094378,57.98974358974357,0.23693075304187888,0.27549564470617094,0.29494219190584
Jul-Aug,all,unique_profiles,60,59,59,0.0,False,188.0,0.6781798245614035,0.0,0,2,0,0.0,0.0,0.0,0.0,0.0,0.0
Jul-Aug,all,unique_profiles,60,59,59,0.0,True,188.0,0.6781798245614035,0.0,0,2,0,0.0,0.0,0.0,0.0,0.0,0.0
Jul-Aug,all,unique_profiles,60,59,59,0.05,False,188.0,0.6781798245614035,28.41448489886538,59,2,0,12.026799242424238,34.110294117647044,40.160898617511506,0.17513937411336244,0.1929918378834786,0.2085777089922167
Jul-Aug,all,unique_profiles,60,59,59,0.05,True,188.0,0.6781798245614035,28.415194644628087,59,2,0,12.026799242424238,34.110294117647044,40.160898617511506,0.17513937411336244,0.1929918378834786,0.2085777089922167
Jul-Aug,all,unique_profiles,60,59,59,0.1,False,188.0,0.6781798245614035,40.045064745588,59,2,0,12.907708333333334,50.95853658536584,57.98076923076921,0.23688233941709105,0.2758164642375167,0.29495728416111966
Jul-Aug,all,unique_profiles,60,59,59,0.1,True,188.0,0.6781798245614035,40.080287449569084,59,2,0,13.946778100775195,50.95853658536584,57.98076923076921,0.23688233941709105,0.2758164642375167,0.29495728416111966
Jul-Aug,high_ge_182,observed_days,36,35,36,0.0,False,200.0,0.6762312861691591,0.0,0,0,0,0.0,0.0,0.0,0.0,0.0,0.0
Jul-Aug,high_ge_182,observed_days,36,35,36,0.0,True,200.0,0.6762312861691591,0.0,0,0,0,0.0,0.0,0.0,0.0,0.0,0.0
Jul-Aug,high_ge_182,observed_days,36,35,36,0.05,False,200.0,0.6762312861691591,40.14807432510403,36,0,0,36.328445378151244,39.42285714285714,42.869218749999995,0.18637164407141513,0.19688997680683834,0.20835251104681152
Jul-Aug,high_ge_182,observed_days,36,35,36,0.05,True,200.0,0.6762312861691591,40.14807432510403,36,0,0,36.328445378151244,39.42285714285714,42.869218749999995,0.18637164407141513,0.19688997680683834,0.20835251104681152
Jul-Aug,high_ge_182,observed_days,36,35,36,0.1,False,200.0,0.6762312861691591,57.41818601280686,36,0,0,53.4439718482252,57.232756410256414,61.43754355400698,0.2735365263667149,0.2850911568899976,0.297733420201294
Jul-Aug,high_ge_182,observed_days,36,35,36,0.1,True,200.0,0.6762312861691591,57.41818601280686,36,0,0,53.4439718482252,57.232756410256414,61.43754355400698,0.2735365263667149,0.2850911568899976,0.297733420201294
Jul-Aug,high_ge_182,unique_profiles,36,35,35,0.0,False,199.0,0.675626079447323,0.0,0,0,0,0.0,0.0,0.0,0.0,0.0,0.0
Jul-Aug,high_ge_182,unique_profiles,36,35,35,0.0,True,199.0,0.675626079447323,0.0,0,0,0,0.0,0.0,0.0,0.0,0.0,0.0
Jul-Aug,high_ge_182,unique_profiles,36,35,35,0.05,False,199.0,0.675626079447323,40.16879481602537,35,0,0,36.26277310924368,39.42285714285714,43.34781249999999,0.1865732008721233,0.1979987036136767,0.2085777089922167
Jul-Aug,high_ge_182,unique_profiles,36,35,35,0.05,True,199.0,0.675626079447323,40.16879481602537,35,0,0,36.26277310924368,39.42285714285714,43.34781249999999,0.1865732008721233,0.1979987036136767,0.2085777089922167
Jul-Aug,high_ge_182,unique_profiles,36,35,35,0.1,False,199.0,0.675626079447323,57.401855796322955,35,0,0,53.10373317013463,57.14500000000001,61.59413472706156,0.2746764953021158,0.2887318563789151,0.2978386352743829
Jul-Aug,high_ge_182,unique_profiles,36,35,35,0.1,True,199.0,0.675626079447323,57.401855796322955,35,0,0,53.10373317013463,57.14500000000001,61.59413472706156,0.2746764953021158,0.2887318563789151,0.2978386352743829
Jul-Aug,below_182,observed_days,24,24,24,0.0,False,28.0,0.7947048611111112,0.0,0,2,0,0.0,0.0,0.0,0.0,0.0,0.0
Jul-Aug,below_182,observed_days,24,24,24,0.0,True,28.0,0.7947048611111112,0.0,0,2,0,0.0,0.0,0.0,0.0,0.0,0.0
Jul-Aug,below_182,observed_days,24,24,24,0.05,False,28.0,0.7947048611111112,11.272782936340404,24,2,0,4.611979166666666,5.651041666666666,19.17625,0.17081473214285708,0.17799679487179482,0.2048429515745692
Jul-Aug,below_182,observed_days,24,24,24,0.05,True,28.0,0.7947048611111112,11.27452772800707,24,2,0,4.611979166666666,5.651041666666666,19.18671875,0.17081473214285708,0.17799679487179482,0.2048429515745692
Jul-Aug,below_182,observed_days,24,24,24,0.1,False,28.0,0.7947048611111112,14.733077796599533,24,2,0,4.611979166666666,5.651041666666666,28.672636363636357,0.17287660256410248,0.20529513888888884,0.2623639766784275
Jul-Aug,below_182,observed_days,24,24,24,0.1,True,28.0,0.7947048611111112,14.819666943886356,24,2,0,4.611979166666666,5.651041666666666,28.672636363636357,0.17287660256410248,0.20529513888888884,0.2623639766784275
Jul-Aug,below_182,unique_profiles,24,24,24,0.0,False,28.0,0.7947048611111112,0.0,0,2,0,0.0,0.0,0.0,0.0,0.0,0.0
Jul-Aug,below_182,unique_profiles,24,24,24,0.0,True,28.0,0.7947048611111112,0.0,0,2,0,0.0,0.0,0.0,0.0,0.0,0.0
Jul-Aug,below_182,unique_profiles,24,24,24,0.05,False,28.0,0.7947048611111112,11.272782936340404,24,2,0,4.611979166666666,5.651041666666666,19.17625,0.17081473214285708,0.17799679487179482,0.2048429515745692
Jul-Aug,below_182,unique_profiles,24,24,24,0.05,True,28.0,0.7947048611111112,11.27452772800707,24,2,0,4.611979166666666,5.651041666666666,19.18671875,0.17081473214285708,0.17799679487179482,0.2048429515745692
Jul-Aug,below_182,unique_profiles,24,24,24,0.1,False,28.0,0.7947048611111112,14.733077796599533,24,2,0,4.611979166666666,5.651041666666666,28.672636363636357,0.17287660256410248,0.20529513888888884,0.2623639766784275
Jul-Aug,below_182,unique_profiles,24,24,24,0.1,True,28.0,0.7947048611111112,14.819666943886356,24,2,0,4.611979166666666,5.651041666666666,28.672636363636357,0.17287660256410248,0.20529513888888884,0.2623639766784275
