date,period,profile,month,sum_values,mean_value,max_value,mean_max_ratio,zero_cells,top_ties,second_distinct,third_distinct,cells_within_5_of_max,cells_within_10_of_max
2021-01-01,Jan-Jun,P001,1,4433.0,46.177083333333336,116.0,0.39807830459770116,0,1,113.0,111.0,3,13
2021-01-02,Jan-Jun,P002,1,4441.0,46.260416666666664,116.0,0.39879669540229884,0,1,113.0,111.0,3,13
2021-01-03,Jan-Jun,P003,1,2186.0,22.770833333333332,27.0,0.8433641975308641,0,6,26.0,25.0,95,96
2021-01-04,Jan-Jun,P004,1,11659.0,121.44791666666667,173.0,0.7020110789980732,0,1,168.0,166.0,2,3
2021-01-05,Jan-Jun,P005,1,2106.0,21.9375,26.0,0.84375,0,9,25.0,24.0,96,96
2021-01-06,Jan-Jun,P005,1,2106.0,21.9375,26.0,0.84375,0,9,25.0,24.0,96,96
2021-01-07,Jan-Jun,P006,1,10008.0,104.25,182.0,0.5728021978021978,0,3,180.0,179.0,6,13
2021-01-08,Jan-Jun,P007,1,12041.0,125.42708333333333,180.0,0.6968171296296296,0,1,176.0,174.0,2,5
2021-01-09,Jan-Jun,P008,1,8236.0,85.79166666666667,181.0,0.473987108655617,0,1,175.0,162.0,1,2
2021-01-10,Jan-Jun,P009,1,7022.0,73.14583333333333,177.0,0.4132532956685499,0,1,175.0,169.0,2,5
2021-01-11,Jan-Jun,P010,1,12212.0,127.20833333333333,175.0,0.7269047619047618,0,2,174.0,172.0,5,11
2021-01-12,Jan-Jun,P005,1,2106.0,21.9375,26.0,0.84375,0,9,25.0,24.0,96,96
2021-01-13,Jan-Jun,P005,1,2106.0,21.9375,26.0,0.84375,0,9,25.0,24.0,96,96
2021-01-14,Jan-Jun,P011,1,10776.0,112.25,204.0,0.5502450980392157,0,1,197.0,192.0,1,2
2021-01-15,Jan-Jun,P012,1,13231.0,137.82291666666666,198.0,0.6960753367003366,0,1,196.0,195.0,3,4
2021-01-16,Jan-Jun,P013,1,7630.0,79.47916666666667,185.0,0.42961711711711714,0,1,180.0,177.0,3,5
2021-01-17,Jan-Jun,P014,1,13474.0,140.35416666666666,197.0,0.7124576988155668,0,1,193.0,192.0,4,9
2021-01-18,Jan-Jun,P015,1,12816.0,133.5,186.0,0.717741935483871,0,1,185.0,182.0,3,8
2021-01-19,Jan-Jun,P005,1,2106.0,21.9375,26.0,0.84375,0,9,25.0,24.0,96,96
2021-01-20,Jan-Jun,P005,1,2106.0,21.9375,26.0,0.84375,0,9,25.0,24.0,96,96
2021-01-21,Jan-Jun,P016,1,10792.0,112.41666666666667,208.0,0.5404647435897436,0,1,206.0,202.0,2,5
2021-01-22,Jan-Jun,P017,1,12847.0,133.82291666666666,189.0,0.7080577601410935,0,1,186.0,185.0,3,4
2021-01-23,Jan-Jun,P018,1,12377.0,128.92708333333334,174.0,0.7409602490421456,0,1,170.0,168.0,2,8
2021-01-24,Jan-Jun,P019,1,13037.0,135.80208333333334,190.0,0.7147478070175439,0,1,188.0,185.0,3,6
2021-01-25,Jan-Jun,P020,1,12954.0,134.9375,186.0,0.7254704301075269,0,1,185.0,184.0,8,18
2021-01-26,Jan-Jun,P005,1,2106.0,21.9375,26.0,0.84375,0,9,25.0,24.0,96,96
2021-01-27,Jan-Jun,P005,1,2106.0,21.9375,26.0,0.84375,0,9,25.0,24.0,96,96
2021-01-28,Jan-Jun,P021,1,10759.0,112.07291666666667,198.0,0.5660248316498316,0,1,194.0,193.0,3,10
2021-01-29,Jan-Jun,P022,1,13237.0,137.88541666666666,222.0,0.6211054804804804,0,1,207.0,200.0,1,1
2021-01-30,Jan-Jun,P023,1,12637.0,131.63541666666666,193.0,0.6820487910189982,0,1,187.0,185.0,1,5
2021-01-31,Jan-Jun,P005,1,2106.0,21.9375,26.0,0.84375,0,9,25.0,24.0,96,96
2021-02-01,Jan-Jun,P024,2,12353.0,128.67708333333334,195.0,0.6598824786324787,0,1,187.0,184.0,1,2
2021-02-02,Jan-Jun,P025,2,12415.0,129.32291666666666,191.0,0.6770833333333333,0,1,190.0,189.0,3,5
2021-02-03,Jan-Jun,P026,2,12218.0,127.27083333333333,181.0,0.7031537753222836,0,1,174.0,172.0,1,4
2021-02-04,Jan-Jun,P004,2,11659.0,121.44791666666667,173.0,0.7020110789980732,0,1,168.0,166.0,2,3
2021-02-05,Jan-Jun,P002,2,4441.0,46.260416666666664,116.0,0.39879669540229884,0,1,113.0,111.0,3,13
2021-02-06,Jan-Jun,P027,2,4529.0,47.177083333333336,113.0,0.4174963126843658,0,1,112.0,111.0,9,16
2021-02-07,Jan-Jun,P028,2,2183.0,22.739583333333332,27.0,0.8422067901234568,0,4,26.0,25.0,92,96
2021-02-08,Jan-Jun,P007,2,12041.0,125.42708333333333,180.0,0.6968171296296296,0,1,176.0,174.0,2,5
2021-02-09,Jan-Jun,P029,2,12179.0,126.86458333333333,181.0,0.7009093001841621,0,1,180.0,179.0,6,11
2021-02-10,Jan-Jun,P030,2,12103.0,126.07291666666667,177.0,0.7122763653483992,0,1,175.0,169.0,2,6
2021-02-11,Jan-Jun,P010,2,12212.0,127.20833333333333,175.0,0.7269047619047618,0,2,174.0,172.0,5,11
2021-02-12,Jan-Jun,P027,2,4529.0,47.177083333333336,113.0,0.4174963126843658,0,1,112.0,111.0,9,16
2021-02-13,Jan-Jun,P027,2,4529.0,47.177083333333336,113.0,0.4174963126843658,0,1,112.0,111.0,9,16
2021-02-14,Jan-Jun,P028,2,2183.0,22.739583333333332,27.0,0.8422067901234568,0,4,26.0,25.0,92,96
2021-02-15,Jan-Jun,P012,2,13231.0,137.82291666666666,198.0,0.6960753367003366,0,1,196.0,195.0,3,4
2021-02-16,Jan-Jun,P031,2,12991.0,135.32291666666666,193.0,0.7011550086355786,0,1,192.0,190.0,3,6
2021-02-17,Jan-Jun,P014,2,13474.0,140.35416666666666,197.0,0.7124576988155668,0,1,193.0,192.0,4,9
2021-02-18,Jan-Jun,P015,2,12816.0,133.5,186.0,0.717741935483871,0,1,185.0,182.0,3,8
2021-02-19,Jan-Jun,P032,2,4446.0,46.3125,119.0,0.38918067226890757,0,1,118.0,116.0,7,11
2021-02-20,Jan-Jun,P027,2,4529.0,47.177083333333336,113.0,0.4174963126843658,0,1,112.0,111.0,9,16
2021-02-21,Jan-Jun,P028,2,2183.0,22.739583333333332,27.0,0.8422067901234568,0,4,26.0,25.0,92,96
2021-02-22,Jan-Jun,P017,2,12847.0,133.82291666666666,189.0,0.7080577601410935,0,1,186.0,185.0,3,4
2021-02-23,Jan-Jun,P018,2,12377.0,128.92708333333334,174.0,0.7409602490421456,0,1,170.0,168.0,2,8
2021-02-24,Jan-Jun,P019,2,13037.0,135.80208333333334,190.0,0.7147478070175439,0,1,188.0,185.0,3,6
2021-02-25,Jan-Jun,P020,2,12954.0,134.9375,186.0,0.7254704301075269,0,1,185.0,184.0,8,18
2021-02-26,Jan-Jun,P033,2,4817.0,50.177083333333336,131.0,0.3830311704834606,0,1,127.0,126.0,3,7
2021-02-27,Jan-Jun,P027,2,4529.0,47.177083333333336,113.0,0.4174963126843658,0,1,112.0,111.0,9,16
2021-02-28,Jan-Jun,P028,2,2183.0,22.739583333333332,27.0,0.8422067901234568,0,4,26.0,25.0,92,96
2021-03-01,Jan-Jun,P024,3,12353.0,128.67708333333334,195.0,0.6598824786324787,0,1,187.0,184.0,1,2
2021-03-02,Jan-Jun,P025,3,12415.0,129.32291666666666,191.0,0.6770833333333333,0,1,190.0,189.0,3,5
2021-03-03,Jan-Jun,P026,3,12218.0,127.27083333333333,181.0,0.7031537753222836,0,1,174.0,172.0,1,4
2021-03-04,Jan-Jun,P004,3,11659.0,121.44791666666667,173.0,0.7020110789980732,0,1,168.0,166.0,2,3
2021-03-05,Jan-Jun,P005,3,2106.0,21.9375,26.0,0.84375,0,9,25.0,24.0,96,96
2021-03-06,Jan-Jun,P002,3,4441.0,46.260416666666664,116.0,0.39879669540229884,0,1,113.0,111.0,3,13
2021-03-07,Jan-Jun,P034,3,10007.0,104.23958333333333,182.0,0.5727449633699634,0,3,180.0,179.0,6,13
2021-03-08,Jan-Jun,P007,3,12041.0,125.42708333333333,180.0,0.6968171296296296,0,1,176.0,174.0,2,5
2021-03-09,Jan-Jun,P029,3,12179.0,126.86458333333333,181.0,0.7009093001841621,0,1,180.0,179.0,6,11
2021-03-10,Jan-Jun,P030,3,12103.0,126.07291666666667,177.0,0.7122763653483992,0,1,175.0,169.0,2,6
2021-03-11,Jan-Jun,P010,3,12212.0,127.20833333333333,175.0,0.7269047619047618,0,2,174.0,172.0,5,11
2021-03-12,Jan-Jun,P005,3,2106.0,21.9375,26.0,0.84375,0,9,25.0,24.0,96,96
2021-03-13,Jan-Jun,P002,3,4441.0,46.260416666666664,116.0,0.39879669540229884,0,1,113.0,111.0,3,13
2021-03-14,Jan-Jun,P011,3,10776.0,112.25,204.0,0.5502450980392157,0,1,197.0,192.0,1,2
2021-03-15,Jan-Jun,P012,3,13231.0,137.82291666666666,198.0,0.6960753367003366,0,1,196.0,195.0,3,4
2021-03-16,Jan-Jun,P031,3,12991.0,135.32291666666666,193.0,0.7011550086355786,0,1,192.0,190.0,3,6
2021-03-17,Jan-Jun,P014,3,13474.0,140.35416666666666,197.0,0.7124576988155668,0,1,193.0,192.0,4,9
2021-03-18,Jan-Jun,P015,3,12816.0,133.5,186.0,0.717741935483871,0,1,185.0,182.0,3,8
2021-03-19,Jan-Jun,P005,3,2106.0,21.9375,26.0,0.84375,0,9,25.0,24.0,96,96
2021-03-20,Jan-Jun,P002,3,4441.0,46.260416666666664,116.0,0.39879669540229884,0,1,113.0,111.0,3,13
2021-03-21,Jan-Jun,P035,3,10656.0,111.0,208.0,0.5336538461538461,0,1,206.0,202.0,2,5
2021-03-22,Jan-Jun,P017,3,12847.0,133.82291666666666,189.0,0.7080577601410935,0,1,186.0,185.0,3,4
2021-03-23,Jan-Jun,P018,3,12377.0,128.92708333333334,174.0,0.7409602490421456,0,1,170.0,168.0,2,8
2021-03-24,Jan-Jun,P019,3,13037.0,135.80208333333334,190.0,0.7147478070175439,0,1,188.0,185.0,3,6
2021-03-25,Jan-Jun,P020,3,12954.0,134.9375,186.0,0.7254704301075269,0,1,185.0,184.0,8,18
2021-03-26,Jan-Jun,P005,3,2106.0,21.9375,26.0,0.84375,0,9,25.0,24.0,96,96
2021-03-27,Jan-Jun,P002,3,4441.0,46.260416666666664,116.0,0.39879669540229884,0,1,113.0,111.0,3,13
2021-03-28,Jan-Jun,P036,3,10612.0,110.54166666666667,198.0,0.5582912457912458,0,1,194.0,193.0,3,10
2021-03-29,Jan-Jun,P022,3,13237.0,137.88541666666666,222.0,0.6211054804804804,0,1,207.0,200.0,1,1
2021-03-30,Jan-Jun,P023,3,12637.0,131.63541666666666,193.0,0.6820487910189982,0,1,187.0,185.0,1,5
2021-03-31,Jan-Jun,P005,3,2106.0,21.9375,26.0,0.84375,0,9,25.0,24.0,96,96
2021-04-01,Jan-Jun,P037,4,9698.0,101.02083333333333,184.0,0.549026268115942,0,1,183.0,182.0,7,10
2021-04-02,Jan-Jun,P038,4,12537.0,130.59375,181.0,0.7215124309392266,0,1,180.0,178.0,5,11
2021-04-03,Jan-Jun,P039,4,4370.0,45.520833333333336,118.0,0.38576977401129947,0,1,116.0,115.0,3,4
2021-04-04,Jan-Jun,P040,4,2067.0,21.53125,26.0,0.828125,0,4,25.0,24.0,76,96
2021-04-05,Jan-Jun,P037,4,9698.0,101.02083333333333,184.0,0.549026268115942,0,1,183.0,182.0,7,10
2021-04-06,Jan-Jun,P038,4,12537.0,130.59375,181.0,0.7215124309392266,0,1,180.0,178.0,5,11
2021-04-07,Jan-Jun,P041,4,9934.0,103.47916666666667,199.0,0.5199958123953099,0,1,191.0,190.0,1,3
2021-04-08,Jan-Jun,P042,4,11493.0,119.71875,181.0,0.6614295580110497,0,1,180.0,174.0,2,9
2021-04-09,Jan-Jun,P043,4,9857.0,102.67708333333333,184.0,0.5580276268115941,0,1,182.0,180.0,3,3
2021-04-10,Jan-Jun,P044,4,4390.0,45.729166666666664,115.0,0.3976449275362319,0,1,114.0,111.0,6,11
2021-04-11,Jan-Jun,P045,4,1975.0,20.572916666666668,25.0,0.8229166666666667,0,6,24.0,23.0,86,96
2021-04-12,Jan-Jun,P046,4,11854.0,123.47916666666667,182.0,0.6784569597069597,0,1,179.0,178.0,5,12
2021-04-13,Jan-Jun,P046,4,11854.0,123.47916666666667,182.0,0.6784569597069597,0,1,179.0,178.0,5,12
2021-04-14,Jan-Jun,P046,4,11854.0,123.47916666666667,182.0,0.6784569597069597,0,1,179.0,178.0,5,12
2021-04-15,Jan-Jun,P046,4,11854.0,123.47916666666667,182.0,0.6784569597069597,0,1,179.0,178.0,5,12
2021-04-16,Jan-Jun,P046,4,11854.0,123.47916666666667,182.0,0.6784569597069597,0,1,179.0,178.0,5,12
2021-04-17,Jan-Jun,P044,4,4390.0,45.729166666666664,115.0,0.3976449275362319,0,1,114.0,111.0,6,11
2021-04-18,Jan-Jun,P045,4,1975.0,20.572916666666668,25.0,0.8229166666666667,0,6,24.0,23.0,86,96
2021-04-19,Jan-Jun,P047,4,9521.0,99.17708333333333,172.0,0.5766109496124031,0,1,171.0,168.0,5,14
2021-04-20,Jan-Jun,P047,4,9521.0,99.17708333333333,172.0,0.5766109496124031,0,1,171.0,168.0,5,14
2021-04-21,Jan-Jun,P048,4,11753.0,122.42708333333333,174.0,0.7036039272030651,0,1,173.0,172.0,4,7
2021-04-22,Jan-Jun,P048,4,11753.0,122.42708333333333,174.0,0.7036039272030651,0,1,173.0,172.0,4,7
2021-04-23,Jan-Jun,P048,4,11753.0,122.42708333333333,174.0,0.7036039272030651,0,1,173.0,172.0,4,7
2021-04-24,Jan-Jun,P049,4,4129.0,43.010416666666664,112.0,0.3840215773809524,0,1,107.0,105.0,2,11
2021-04-25,Jan-Jun,P045,4,1975.0,20.572916666666668,25.0,0.8229166666666667,0,6,24.0,23.0,86,96
2021-04-26,Jan-Jun,P050,4,11380.0,118.54166666666667,176.0,0.673532196969697,0,1,168.0,167.0,1,5
2021-04-27,Jan-Jun,P050,4,11380.0,118.54166666666667,176.0,0.673532196969697,0,1,168.0,167.0,1,5
2021-04-28,Jan-Jun,P051,4,11649.0,121.34375,175.0,0.6933928571428571,0,1,172.0,169.0,2,9
2021-04-29,Jan-Jun,P051,4,11649.0,121.34375,175.0,0.6933928571428571,0,1,172.0,169.0,2,9
2021-04-30,Jan-Jun,P048,4,11753.0,122.42708333333333,174.0,0.7036039272030651,0,1,173.0,172.0,4,7
2021-05-01,Jan-Jun,P039,5,4370.0,45.520833333333336,118.0,0.38576977401129947,0,1,116.0,115.0,3,4
2021-05-02,Jan-Jun,P040,5,2067.0,21.53125,26.0,0.828125,0,4,25.0,24.0,76,96
2021-05-03,Jan-Jun,P037,5,9698.0,101.02083333333333,184.0,0.549026268115942,0,1,183.0,182.0,7,10
2021-05-04,Jan-Jun,P038,5,12537.0,130.59375,181.0,0.7215124309392266,0,1,180.0,178.0,5,11
2021-05-05,Jan-Jun,P052,5,4388.0,45.708333333333336,120.0,0.3809027777777778,0,1,115.0,114.0,2,8
2021-05-06,Jan-Jun,P041,5,9934.0,103.47916666666667,199.0,0.5199958123953099,0,1,191.0,190.0,1,3
2021-05-07,Jan-Jun,P042,5,11493.0,119.71875,181.0,0.6614295580110497,0,1,180.0,174.0,2,9
2021-05-08,Jan-Jun,P044,5,4390.0,45.729166666666664,115.0,0.3976449275362319,0,1,114.0,111.0,6,11
2021-05-09,Jan-Jun,P043,5,9857.0,102.67708333333333,184.0,0.5580276268115941,0,1,182.0,180.0,3,3
2021-05-10,Jan-Jun,P043,5,9857.0,102.67708333333333,184.0,0.5580276268115941,0,1,182.0,180.0,3,3
2021-05-11,Jan-Jun,P053,5,12211.0,127.19791666666667,185.0,0.6875563063063064,0,1,177.0,175.0,1,6
2021-05-12,Jan-Jun,P054,5,12099.0,126.03125,184.0,0.684952445652174,0,1,183.0,179.0,3,7
2021-05-13,Jan-Jun,P055,5,11712.0,122.0,176.0,0.6931818181818182,0,2,175.0,174.0,5,13
2021-05-14,Jan-Jun,P056,5,11241.0,117.09375,157.0,0.7458200636942676,0,1,156.0,155.0,7,16
2021-05-15,Jan-Jun,P057,5,4063.0,42.322916666666664,105.0,0.4030753968253968,0,1,104.0,103.0,8,17
2021-05-16,Jan-Jun,P045,5,1975.0,20.572916666666668,25.0,0.8229166666666667,0,6,24.0,23.0,86,96
2021-05-17,Jan-Jun,P058,5,9592.0,99.91666666666667,192.0,0.5203993055555556,0,1,186.0,183.0,1,3
2021-05-18,Jan-Jun,P046,5,11854.0,123.47916666666667,182.0,0.6784569597069597,0,1,179.0,178.0,5,12
2021-05-19,Jan-Jun,P059,5,4019.0,41.864583333333336,108.0,0.38763503086419754,0,1,104.0,101.0,2,8
2021-05-20,Jan-Jun,P060,5,9307.0,96.94791666666667,181.0,0.5356238489871087,0,1,178.0,176.0,3,6
2021-05-21,Jan-Jun,P061,5,11192.0,116.58333333333333,160.0,0.7286458333333333,0,2,158.0,157.0,8,10
2021-05-22,Jan-Jun,P049,5,4129.0,43.010416666666664,112.0,0.3840215773809524,0,1,107.0,105.0,2,11
2021-05-23,Jan-Jun,P062,5,2031.0,21.15625,25.0,0.84625,0,7,24.0,23.0,96,96
2021-05-24,Jan-Jun,P047,5,9521.0,99.17708333333333,172.0,0.5766109496124031,0,1,171.0,168.0,5,14
2021-05-25,Jan-Jun,P048,5,11753.0,122.42708333333333,174.0,0.7036039272030651,0,1,173.0,172.0,4,7
2021-05-26,Jan-Jun,P063,5,11460.0,119.375,166.0,0.7191265060240963,0,2,165.0,164.0,7,15
2021-05-27,Jan-Jun,P050,5,11380.0,118.54166666666667,176.0,0.673532196969697,0,1,168.0,167.0,1,5
2021-05-28,Jan-Jun,P051,5,11649.0,121.34375,175.0,0.6933928571428571,0,1,172.0,169.0,2,9
2021-05-29,Jan-Jun,P064,5,4202.0,43.770833333333336,107.0,0.40907320872274144,0,1,106.0,105.0,7,13
2021-05-30,Jan-Jun,P005,5,2106.0,21.9375,26.0,0.84375,0,9,25.0,24.0,96,96
2021-05-31,Jan-Jun,P065,5,9674.0,100.77083333333333,172.0,0.5858769379844961,0,1,171.0,170.0,12,16
2021-06-01,Jan-Jun,P024,6,12353.0,128.67708333333334,195.0,0.6598824786324787,0,1,187.0,184.0,1,2
2021-06-02,Jan-Jun,P025,6,12415.0,129.32291666666666,191.0,0.6770833333333333,0,1,190.0,189.0,3,5
2021-06-03,Jan-Jun,P026,6,12218.0,127.27083333333333,181.0,0.7031537753222836,0,1,174.0,172.0,1,4
2021-06-04,Jan-Jun,P004,6,11659.0,121.44791666666667,173.0,0.7020110789980732,0,1,168.0,166.0,2,3
2021-06-05,Jan-Jun,P002,6,4441.0,46.260416666666664,116.0,0.39879669540229884,0,1,113.0,111.0,3,13
2021-06-06,Jan-Jun,P003,6,2186.0,22.770833333333332,27.0,0.8433641975308641,0,6,26.0,25.0,95,96
2021-06-07,Jan-Jun,P006,6,10008.0,104.25,182.0,0.5728021978021978,0,3,180.0,179.0,6,13
2021-06-08,Jan-Jun,P007,6,12041.0,125.42708333333333,180.0,0.6968171296296296,0,1,176.0,174.0,2,5
2021-06-09,Jan-Jun,P029,6,12179.0,126.86458333333333,181.0,0.7009093001841621,0,1,180.0,179.0,6,11
2021-06-10,Jan-Jun,P030,6,12103.0,126.07291666666667,177.0,0.7122763653483992,0,1,175.0,169.0,2,6
2021-06-11,Jan-Jun,P010,6,12212.0,127.20833333333333,175.0,0.7269047619047618,0,2,174.0,172.0,5,11
2021-06-12,Jan-Jun,P027,6,4529.0,47.177083333333336,113.0,0.4174963126843658,0,1,112.0,111.0,9,16
2021-06-13,Jan-Jun,P028,6,2183.0,22.739583333333332,27.0,0.8422067901234568,0,4,26.0,25.0,92,96
2021-06-14,Jan-Jun,P011,6,10776.0,112.25,204.0,0.5502450980392157,0,1,197.0,192.0,1,2
2021-06-15,Jan-Jun,P012,6,13231.0,137.82291666666666,198.0,0.6960753367003366,0,1,196.0,195.0,3,4
2021-06-16,Jan-Jun,P031,6,12991.0,135.32291666666666,193.0,0.7011550086355786,0,1,192.0,190.0,3,6
2021-06-17,Jan-Jun,P014,6,13474.0,140.35416666666666,197.0,0.7124576988155668,0,1,193.0,192.0,4,9
2021-06-18,Jan-Jun,P015,6,12816.0,133.5,186.0,0.717741935483871,0,1,185.0,182.0,3,8
2021-06-19,Jan-Jun,P032,6,4446.0,46.3125,119.0,0.38918067226890757,0,1,118.0,116.0,7,11
2021-06-20,Jan-Jun,P066,6,2194.0,22.854166666666668,28.0,0.8162202380952381,0,1,27.0,26.0,38,96
2021-06-21,Jan-Jun,P016,6,10792.0,112.41666666666667,208.0,0.5404647435897436,0,1,206.0,202.0,2,5
2021-06-22,Jan-Jun,P017,6,12847.0,133.82291666666666,189.0,0.7080577601410935,0,1,186.0,185.0,3,4
2021-06-23,Jan-Jun,P018,6,12377.0,128.92708333333334,174.0,0.7409602490421456,0,1,170.0,168.0,2,8
2021-06-24,Jan-Jun,P019,6,13037.0,135.80208333333334,190.0,0.7147478070175439,0,1,188.0,185.0,3,6
2021-06-25,Jan-Jun,P020,6,12954.0,134.9375,186.0,0.7254704301075269,0,1,185.0,184.0,8,18
2021-06-26,Jan-Jun,P033,6,4817.0,50.177083333333336,131.0,0.3830311704834606,0,1,127.0,126.0,3,7
2021-06-27,Jan-Jun,P067,6,2322.0,24.1875,31.0,0.780241935483871,0,1,29.0,28.0,13,96
2021-06-28,Jan-Jun,P021,6,10759.0,112.07291666666667,198.0,0.5660248316498316,0,1,194.0,193.0,3,10
2021-06-29,Jan-Jun,P022,6,13237.0,137.88541666666666,222.0,0.6211054804804804,0,1,207.0,200.0,1,1
2021-06-30,Jan-Jun,P023,6,12637.0,131.63541666666666,193.0,0.6820487910189982,0,1,187.0,185.0,1,5
2021-07-01,Jul-Aug,P068,7,13323.0,138.78125,206.0,0.6736953883495146,0,1,197.0,196.0,1,3
2021-07-02,Jul-Aug,P069,7,12637.0,131.63541666666666,187.0,0.7039327094474153,0,1,186.0,184.0,4,9
2021-07-03,Jul-Aug,P070,7,4350.0,45.3125,112.0,0.40457589285714285,0,1,110.0,108.0,5,14
2021-07-04,Jul-Aug,P071,7,2232.0,23.25,28.0,0.8303571428571429,0,3,27.0,26.0,63,96
2021-07-05,Jul-Aug,P072,7,10137.0,105.59375,185.0,0.570777027027027,0,2,183.0,181.0,6,9
2021-07-06,Jul-Aug,P073,7,12766.0,132.97916666666666,193.0,0.6890112262521588,0,1,185.0,182.0,1,3
2021-07-07,Jul-Aug,P074,7,12932.0,134.70833333333334,203.0,0.6635878489326765,0,1,192.0,187.0,1,1
2021-07-08,Jul-Aug,P075,7,13078.0,136.22916666666666,201.0,0.677757048092869,0,2,200.0,192.0,3,6
2021-07-09,Jul-Aug,P076,7,12613.0,131.38541666666666,192.0,0.6842990451388888,0,1,188.0,186.0,3,8
2021-07-10,Jul-Aug,P077,7,4424.0,46.083333333333336,106.0,0.434748427672956,0,2,105.0,104.0,7,18
2021-07-11,Jul-Aug,P078,7,2242.0,23.354166666666668,28.0,0.834077380952381,0,3,27.0,26.0,61,96
2021-07-12,Jul-Aug,P079,7,10724.0,111.70833333333333,198.0,0.5641835016835016,0,1,196.0,195.0,4,9
2021-07-14,Jul-Aug,P080,7,12595.0,131.19791666666666,195.0,0.672809829059829,0,1,193.0,189.0,2,9
2021-07-16,Jul-Aug,P081,7,12678.0,132.0625,197.0,0.6703680203045685,0,1,194.0,193.0,4,10
2021-07-17,Jul-Aug,P082,7,4227.0,44.03125,110.0,0.4002840909090909,0,1,108.0,105.0,3,8
2021-07-18,Jul-Aug,P083,7,2257.0,23.510416666666668,28.0,0.8396577380952381,0,4,27.0,26.0,80,96
2021-07-19,Jul-Aug,P084,7,10974.0,114.3125,222.0,0.5149211711711712,0,1,209.0,207.0,1,1
2021-07-20,Jul-Aug,P085,7,13475.0,140.36458333333334,201.0,0.6983312603648425,0,2,200.0,199.0,8,15
2021-07-21,Jul-Aug,P086,7,13503.0,140.65625,214.0,0.6572721962616822,0,1,209.0,206.0,2,5
2021-07-22,Jul-Aug,P087,7,12970.0,135.10416666666666,213.0,0.63429186228482,0,1,197.0,196.0,1,1
2021-07-23,Jul-Aug,P088,7,13049.0,135.92708333333334,206.0,0.6598402103559871,0,1,202.0,199.0,2,5
2021-07-24,Jul-Aug,P089,7,4306.0,44.854166666666664,104.0,0.4312900641025641,0,1,101.0,100.0,7,14
2021-07-25,Jul-Aug,P090,7,2342.0,24.395833333333332,29.0,0.841235632183908,0,3,28.0,27.0,78,96
2021-07-26,Jul-Aug,P091,7,10695.0,111.40625,217.0,0.5133928571428571,0,1,207.0,206.0,1,2
2021-07-27,Jul-Aug,P092,7,13926.0,145.0625,211.0,0.6875,0,1,210.0,207.0,4,9
2021-07-28,Jul-Aug,P093,7,13976.0,145.58333333333334,212.0,0.6867138364779874,0,1,211.0,205.0,2,8
2021-07-29,Jul-Aug,P094,7,13710.0,142.8125,211.0,0.6768364928909952,0,1,207.0,206.0,4,10
2021-07-30,Jul-Aug,P093,7,13976.0,145.58333333333334,212.0,0.6867138364779874,0,1,211.0,205.0,2,8
2021-07-31,Jul-Aug,P095,7,2051.0,21.364583333333332,28.0,0.7630208333333333,0,1,26.0,25.0,15,96
2021-08-01,Jul-Aug,P096,8,2055.0,21.40625,28.0,0.7645089285714286,0,1,26.0,25.0,14,96
2021-08-02,Jul-Aug,P097,8,2053.0,21.385416666666668,26.0,0.8225160256410257,0,2,25.0,24.0,85,96
2021-08-03,Jul-Aug,P098,8,2066.0,21.520833333333332,26.0,0.8277243589743589,0,3,25.0,24.0,84,96
2021-08-04,Jul-Aug,P099,8,2046.0,21.3125,26.0,0.8197115384615384,0,3,25.0,24.0,80,96
2021-08-05,Jul-Aug,P100,8,2056.0,21.416666666666668,26.0,0.8237179487179488,0,1,25.0,24.0,81,96
2021-08-06,Jul-Aug,P101,8,2088.0,21.75,27.0,0.8055555555555556,0,1,26.0,25.0,38,96
2021-08-07,Jul-Aug,P102,8,2064.0,21.5,26.0,0.8269230769230769,0,2,25.0,24.0,85,96
2021-08-08,Jul-Aug,P103,8,2041.0,21.260416666666668,26.0,0.8177083333333334,0,1,25.0,24.0,80,96
2021-08-09,Jul-Aug,P104,8,10329.0,107.59375,215.0,0.5004360465116279,0,1,208.0,201.0,1,2
2021-08-10,Jul-Aug,P105,8,12748.0,132.79166666666666,195.0,0.6809829059829059,0,1,193.0,192.0,7,12
2021-08-11,Jul-Aug,P106,8,13334.0,138.89583333333334,218.0,0.6371368501529052,0,1,212.0,207.0,1,2
2021-08-12,Jul-Aug,P107,8,13179.0,137.28125,199.0,0.6898555276381909,0,1,197.0,196.0,6,10
2021-08-13,Jul-Aug,P108,8,13365.0,139.21875,207.0,0.6725543478260869,0,1,204.0,203.0,3,6
2021-08-14,Jul-Aug,P109,8,4110.0,42.8125,108.0,0.39641203703703703,0,3,106.0,104.0,6,9
2021-08-15,Jul-Aug,P110,8,2107.0,21.947916666666668,28.0,0.7838541666666667,0,1,26.0,25.0,17,96
2021-08-16,Jul-Aug,P111,8,8773.0,91.38541666666667,190.0,0.48097587719298246,0,1,186.0,184.0,2,6
2021-08-17,Jul-Aug,P112,8,11951.0,124.48958333333333,173.0,0.7195929672447013,0,1,171.0,170.0,6,14
2021-08-18,Jul-Aug,P113,8,12423.0,129.40625,188.0,0.6883311170212766,0,1,186.0,185.0,5,7
2021-08-19,Jul-Aug,P114,8,12752.0,132.83333333333334,188.0,0.7065602836879433,0,1,185.0,184.0,4,8
2021-08-20,Jul-Aug,P115,8,12518.0,130.39583333333334,193.0,0.675626079447323,0,1,189.0,184.0,2,5
2021-08-21,Jul-Aug,P116,8,4309.0,44.885416666666664,110.0,0.4080492424242424,0,1,109.0,107.0,5,12
2021-08-22,Jul-Aug,P117,8,2176.0,22.666666666666668,27.0,0.8395061728395062,0,3,26.0,25.0,86,96
2021-08-23,Jul-Aug,P118,8,10418.0,108.52083333333333,196.0,0.5536777210884354,0,1,193.0,191.0,3,8
2021-08-24,Jul-Aug,P119,8,13071.0,136.15625,201.0,0.6773942786069652,0,1,196.0,192.0,2,5
2021-08-25,Jul-Aug,P120,8,12861.0,133.96875,189.0,0.7088293650793651,0,1,187.0,184.0,4,12
2021-08-26,Jul-Aug,P121,8,13272.0,138.25,202.0,0.6844059405940595,0,1,199.0,197.0,4,12
2021-08-27,Jul-Aug,P122,8,12370.0,128.85416666666666,190.0,0.6781798245614035,0,1,185.0,183.0,3,5
2021-08-28,Jul-Aug,P123,8,4434.0,46.1875,119.0,0.38813025210084034,26,1,111.0,110.0,1,5
2021-08-29,Jul-Aug,P124,8,1091.0,11.364583333333334,41.0,0.27718495934959353,46,1,26.0,25.0,1,1
2021-08-30,Jul-Aug,P125,8,10346.0,107.77083333333333,186.0,0.579413082437276,0,1,183.0,180.0,2,9
2021-08-31,Jul-Aug,P126,8,12928.0,134.66666666666666,187.0,0.7201426024955436,0,2,186.0,185.0,7,11
