timestamp,date,month,weekend,시간,transition,past_level,level,abs_power_delta,relative_change_pct,profile_weight
2021-01-07 06:00:00,2021-01-07,1,0,6,zero_to_positive,22.0,22.25,0.25,1.1363636363636365,0.5
2021-01-08 06:00:00,2021-01-08,1,0,6,positive_to_positive,87.25,97.5,10.25,11.74785100286533,0.25
2021-01-14 06:00:00,2021-01-14,1,0,6,zero_to_positive,23.5,22.75,0.75,3.1914893617021276,0.3333333333333333
2021-01-15 06:00:00,2021-01-15,1,0,6,zero_to_positive,97.25,118.25,21.0,21.59383033419023,0.25
2021-01-21 06:00:00,2021-01-21,1,0,6,positive_to_positive,22.25,22.25,0.0,0.0,0.5
2021-01-22 06:00:00,2021-01-22,1,0,6,zero_to_positive,93.5,114.0,20.5,21.92513368983957,0.25
2021-01-28 06:00:00,2021-01-28,1,0,6,positive_to_positive,23.5,23.0,0.5,2.127659574468085,0.5
2021-01-29 06:00:00,2021-01-29,1,0,6,positive_to_positive,90.0,113.0,23.0,25.555555555555554,0.3333333333333333
2021-01-04 08:00:00,2021-01-04,1,0,8,zero_to_positive,128.25,156.25,28.0,21.832358674463936,0.25
2021-01-07 08:00:00,2021-01-07,1,0,8,positive_to_positive,56.25,171.0,114.75,204.0,0.5
2021-01-08 08:00:00,2021-01-08,1,0,8,positive_to_positive,93.25,154.0,60.75,65.14745308310992,0.25
2021-01-11 08:00:00,2021-01-11,1,0,8,zero_to_positive,133.0,167.5,34.5,25.93984962406015,0.25
2021-01-14 08:00:00,2021-01-14,1,0,8,positive_to_positive,61.75,182.5,120.75,195.54655870445345,0.3333333333333333
2021-01-15 08:00:00,2021-01-15,1,0,8,positive_to_positive,132.25,187.75,55.5,41.965973534971646,0.25
2021-01-18 08:00:00,2021-01-18,1,0,8,zero_to_positive,133.0,161.5,28.5,21.428571428571427,0.25
2021-01-21 08:00:00,2021-01-21,1,0,8,positive_to_positive,57.5,189.5,132.0,229.56521739130434,0.5
2021-01-22 08:00:00,2021-01-22,1,0,8,positive_to_positive,138.5,171.0,32.5,23.465703971119133,0.25
2021-01-25 08:00:00,2021-01-25,1,0,8,zero_to_positive,135.0,155.75,20.75,15.37037037037037,0.25
2021-01-28 08:00:00,2021-01-28,1,0,8,positive_to_positive,57.0,174.75,117.75,206.57894736842107,0.5
2021-01-29 08:00:00,2021-01-29,1,0,8,positive_to_positive,136.75,202.0,65.25,47.714808043875685,0.3333333333333333
2021-02-02 01:00:00,2021-02-02,2,0,1,zero_to_positive,62.25,102.0,39.75,63.85542168674698,0.3333333333333333
2021-02-03 01:00:00,2021-02-03,2,0,1,positive_to_positive,66.0,105.0,39.0,59.09090909090909,0.3333333333333333
2021-02-04 01:00:00,2021-02-04,2,0,1,positive_to_positive,67.75,108.0,40.25,59.40959409594095,0.25
2021-02-05 01:00:00,2021-02-05,2,0,1,positive_to_positive,63.25,104.5,41.25,65.21739130434783,0.1428571428571428
2021-02-09 01:00:00,2021-02-09,2,0,1,positive_to_positive,67.75,98.75,31.0,45.75645756457565,0.3333333333333333
2021-02-10 01:00:00,2021-02-10,2,0,1,positive_to_positive,64.75,102.5,37.75,58.301158301158296,0.3333333333333333
2021-02-16 01:00:00,2021-02-16,2,0,1,positive_to_positive,73.0,111.0,38.0,52.054794520547944,0.3333333333333333
2021-02-17 01:00:00,2021-02-17,2,0,1,positive_to_positive,71.75,106.5,34.75,48.43205574912892,0.25
2021-02-18 01:00:00,2021-02-18,2,0,1,positive_to_positive,80.0,111.75,31.75,39.6875,0.25
2021-02-19 01:00:00,2021-02-19,2,0,1,positive_to_positive,66.75,110.25,43.5,65.1685393258427,0.5
2021-02-23 01:00:00,2021-02-23,2,0,1,positive_to_positive,69.0,102.5,33.5,48.55072463768116,0.25
2021-02-24 01:00:00,2021-02-24,2,0,1,zero_to_positive,70.25,111.0,40.75,58.00711743772242,0.25
2021-02-25 01:00:00,2021-02-25,2,0,1,zero_to_positive,71.0,119.0,48.0,67.6056338028169,0.25
2021-02-26 01:00:00,2021-02-26,2,0,1,positive_to_positive,71.0,115.75,44.75,63.02816901408451,0.5
2021-02-02 07:00:00,2021-02-02,2,0,7,positive_to_positive,102.5,132.0,29.5,28.780487804878046,0.3333333333333333
2021-02-03 07:00:00,2021-02-03,2,0,7,positive_to_positive,112.0,128.5,16.5,14.732142857142858,0.3333333333333333
2021-02-04 07:00:00,2021-02-04,2,0,7,positive_to_positive,108.75,128.25,19.5,17.93103448275862,0.25
2021-02-05 07:00:00,2021-02-05,2,0,7,positive_to_positive,106.5,61.0,45.5,42.72300469483568,0.1428571428571428
2021-02-09 07:00:00,2021-02-09,2,0,7,positive_to_positive,103.25,127.5,24.25,23.486682808716708,0.3333333333333333
2021-02-10 07:00:00,2021-02-10,2,0,7,positive_to_positive,103.75,118.5,14.75,14.216867469879519,0.3333333333333333
2021-02-16 07:00:00,2021-02-16,2,0,7,positive_to_positive,114.75,130.25,15.5,13.507625272331156,0.3333333333333333
2021-02-17 07:00:00,2021-02-17,2,0,7,positive_to_positive,120.5,141.0,20.5,17.012448132780083,0.25
2021-02-18 07:00:00,2021-02-18,2,0,7,zero_to_positive,120.5,133.0,12.5,10.37344398340249,0.25
2021-02-19 07:00:00,2021-02-19,2,0,7,positive_to_positive,102.75,57.25,45.5,44.28223844282238,0.5
2021-02-23 07:00:00,2021-02-23,2,0,7,positive_to_positive,116.75,140.25,23.5,20.12847965738758,0.25
2021-02-24 07:00:00,2021-02-24,2,0,7,positive_to_positive,117.75,149.25,31.5,26.751592356687897,0.25
2021-02-25 07:00:00,2021-02-25,2,0,7,zero_to_positive,114.25,135.0,20.75,18.161925601750546,0.25
2021-02-26 07:00:00,2021-02-26,2,0,7,positive_to_positive,118.0,70.75,47.25,40.04237288135593,0.5
2021-02-01 08:00:00,2021-02-01,2,0,8,zero_to_positive,122.0,179.25,57.25,46.92622950819672,0.3333333333333333
2021-02-02 08:00:00,2021-02-02,2,0,8,positive_to_positive,132.0,172.25,40.25,30.492424242424242,0.3333333333333333
2021-02-03 08:00:00,2021-02-03,2,0,8,positive_to_positive,128.5,170.25,41.75,32.490272373540854,0.3333333333333333
2021-02-04 08:00:00,2021-02-04,2,0,8,positive_to_positive,128.25,156.25,28.0,21.832358674463936,0.25
2021-02-05 08:00:00,2021-02-05,2,0,8,positive_to_positive,61.0,24.0,37.0,60.65573770491803,0.1428571428571428
2021-02-08 08:00:00,2021-02-08,2,0,8,zero_to_positive,93.25,154.0,60.75,65.14745308310992,0.25
2021-02-09 08:00:00,2021-02-09,2,0,8,positive_to_positive,127.5,168.75,41.25,32.35294117647059,0.3333333333333333
2021-02-10 08:00:00,2021-02-10,2,0,8,positive_to_positive,118.5,155.0,36.5,30.801687763713083,0.3333333333333333
2021-02-15 08:00:00,2021-02-15,2,0,8,zero_to_positive,132.25,187.75,55.5,41.965973534971646,0.25
2021-02-16 08:00:00,2021-02-16,2,0,8,positive_to_positive,130.25,177.0,46.75,35.892514395393476,0.3333333333333333
2021-02-17 08:00:00,2021-02-17,2,0,8,positive_to_positive,141.0,190.25,49.25,34.9290780141844,0.25
2021-02-18 08:00:00,2021-02-18,2,0,8,positive_to_positive,133.0,161.5,28.5,21.428571428571427,0.25
2021-02-19 08:00:00,2021-02-19,2,0,8,positive_to_positive,57.25,22.75,34.5,60.26200873362445,0.5
2021-02-22 08:00:00,2021-02-22,2,0,8,zero_to_positive,138.5,171.0,32.5,23.465703971119133,0.25
2021-02-23 08:00:00,2021-02-23,2,0,8,positive_to_positive,140.25,162.5,22.25,15.86452762923351,0.25
2021-02-24 08:00:00,2021-02-24,2,0,8,positive_to_positive,149.25,182.0,32.75,21.943048576214405,0.25
2021-02-25 08:00:00,2021-02-25,2,0,8,positive_to_positive,135.0,155.75,20.75,15.37037037037037,0.25
2021-02-26 08:00:00,2021-02-26,2,0,8,positive_to_positive,70.75,23.25,47.5,67.13780918727915,0.5
2021-02-01 13:00:00,2021-02-01,2,0,13,positive_to_positive,93.5,169.5,76.0,81.28342245989305,0.3333333333333333
2021-02-02 13:00:00,2021-02-02,2,0,13,positive_to_positive,102.75,181.75,79.0,76.88564476885644,0.3333333333333333
2021-02-03 13:00:00,2021-02-03,2,0,13,positive_to_positive,101.5,158.0,56.5,55.66502463054187,0.3333333333333333
2021-02-04 13:00:00,2021-02-04,2,0,13,positive_to_positive,89.25,155.25,66.0,73.94957983193278,0.25
2021-02-05 13:00:00,2021-02-05,2,0,13,positive_to_positive,22.25,22.25,0.0,0.0,0.1428571428571428
2021-02-08 13:00:00,2021-02-08,2,0,13,positive_to_positive,102.75,164.75,62.0,60.34063260340633,0.25
2021-02-09 13:00:00,2021-02-09,2,0,13,positive_to_positive,109.75,169.25,59.5,54.21412300683372,0.3333333333333333
2021-02-10 13:00:00,2021-02-10,2,0,13,positive_to_positive,111.0,152.5,41.5,37.38738738738739,0.3333333333333333
2021-02-15 13:00:00,2021-02-15,2,0,13,zero_to_positive,111.75,171.25,59.5,53.24384787472036,0.25
2021-02-16 13:00:00,2021-02-16,2,0,13,positive_to_positive,108.75,169.0,60.25,55.40229885057472,0.3333333333333333
2021-02-17 13:00:00,2021-02-17,2,0,13,positive_to_positive,103.0,182.75,79.75,77.42718446601941,0.25
2021-02-18 13:00:00,2021-02-18,2,0,13,positive_to_positive,101.5,174.25,72.75,71.67487684729063,0.25
2021-02-19 13:00:00,2021-02-19,2,0,13,positive_to_positive,22.0,21.75,0.25,1.1363636363636365,0.5
2021-02-22 13:00:00,2021-02-22,2,0,13,positive_to_positive,110.75,166.25,55.5,50.112866817155755,0.25
2021-02-23 13:00:00,2021-02-23,2,0,13,positive_to_positive,93.0,153.25,60.25,64.78494623655914,0.25
2021-02-24 13:00:00,2021-02-24,2,0,13,positive_to_positive,105.25,170.5,65.25,61.995249406175766,0.25
2021-02-25 13:00:00,2021-02-25,2,0,13,positive_to_positive,121.75,179.25,57.5,47.227926078028744,0.25
2021-02-26 13:00:00,2021-02-26,2,0,13,zero_to_positive,23.75,25.25,1.5,6.315789473684211,0.5
2021-02-01 23:00:00,2021-02-01,2,0,23,positive_to_positive,105.75,98.5,7.25,6.8557919621749415,0.3333333333333333
2021-02-02 23:00:00,2021-02-02,2,0,23,positive_to_positive,100.5,96.0,4.5,4.477611940298507,0.3333333333333333
2021-02-03 23:00:00,2021-02-03,2,0,23,positive_to_positive,112.75,104.5,8.25,7.317073170731707,0.3333333333333333
2021-02-04 23:00:00,2021-02-04,2,0,23,positive_to_positive,106.75,97.0,9.75,9.133489461358314,0.25
2021-02-05 23:00:00,2021-02-05,2,0,23,zero_to_positive,23.0,22.0,1.0,4.3478260869565215,0.1428571428571428
2021-02-08 23:00:00,2021-02-08,2,0,23,zero_to_positive,107.0,101.25,5.75,5.373831775700935,0.25
2021-02-09 23:00:00,2021-02-09,2,0,23,positive_to_positive,101.0,94.5,6.5,6.435643564356436,0.3333333333333333
2021-02-15 23:00:00,2021-02-15,2,0,23,positive_to_positive,114.5,107.75,6.75,5.895196506550218,0.25
2021-02-16 23:00:00,2021-02-16,2,0,23,positive_to_positive,102.5,105.5,3.0,2.9268292682926833,0.3333333333333333
2021-02-17 23:00:00,2021-02-17,2,0,23,positive_to_positive,125.0,111.0,14.0,11.200000000000001,0.25
2021-02-18 23:00:00,2021-02-18,2,0,23,positive_to_positive,114.0,106.25,7.75,6.798245614035088,0.25
2021-02-19 23:00:00,2021-02-19,2,0,23,positive_to_positive,23.0,22.0,1.0,4.3478260869565215,0.5
2021-02-22 23:00:00,2021-02-22,2,0,23,positive_to_positive,113.5,113.25,0.25,0.22026431718061676,0.25
2021-02-23 23:00:00,2021-02-23,2,0,23,positive_to_positive,114.0,110.0,4.0,3.508771929824561,0.25
2021-02-24 23:00:00,2021-02-24,2,0,23,positive_to_positive,121.25,114.75,6.5,5.360824742268041,0.25
2021-02-25 23:00:00,2021-02-25,2,0,23,positive_to_positive,123.0,101.75,21.25,17.276422764227643,0.25
2021-02-26 23:00:00,2021-02-26,2,0,23,positive_to_positive,23.75,25.5,1.75,7.368421052631578,0.5
2021-03-03 01:00:00,2021-03-03,3,0,1,positive_to_positive,66.0,105.0,39.0,59.09090909090909,0.3333333333333333
2021-03-04 01:00:00,2021-03-04,3,0,1,positive_to_positive,67.75,108.0,40.25,59.40959409594095,0.25
2021-03-09 01:00:00,2021-03-09,3,0,1,zero_to_positive,67.75,98.75,31.0,45.75645756457565,0.3333333333333333
2021-03-10 01:00:00,2021-03-10,3,0,1,zero_to_positive,64.75,102.5,37.75,58.301158301158296,0.3333333333333333
2021-03-11 01:00:00,2021-03-11,3,0,1,zero_to_positive,69.75,107.0,37.25,53.40501792114696,0.25
2021-03-16 01:00:00,2021-03-16,3,0,1,positive_to_positive,73.0,111.0,38.0,52.054794520547944,0.3333333333333333
2021-03-17 01:00:00,2021-03-17,3,0,1,positive_to_positive,71.75,106.5,34.75,48.43205574912892,0.25
2021-03-18 01:00:00,2021-03-18,3,0,1,positive_to_positive,80.0,111.75,31.75,39.6875,0.25
2021-03-23 01:00:00,2021-03-23,3,0,1,positive_to_positive,69.0,102.5,33.5,48.55072463768116,0.25
2021-03-24 01:00:00,2021-03-24,3,0,1,positive_to_positive,70.25,111.0,40.75,58.00711743772242,0.25
2021-03-25 01:00:00,2021-03-25,3,0,1,zero_to_positive,71.0,119.0,48.0,67.6056338028169,0.25
2021-03-30 01:00:00,2021-03-30,3,0,1,positive_to_positive,67.0,104.0,37.0,55.223880597014926,0.3333333333333333
2021-03-02 07:00:00,2021-03-02,3,0,7,zero_to_positive,102.5,132.0,29.5,28.780487804878046,0.3333333333333333
2021-03-03 07:00:00,2021-03-03,3,0,7,positive_to_positive,112.0,128.5,16.5,14.732142857142858,0.3333333333333333
2021-03-04 07:00:00,2021-03-04,3,0,7,positive_to_positive,108.75,128.25,19.5,17.93103448275862,0.25
2021-03-09 07:00:00,2021-03-09,3,0,7,positive_to_positive,103.25,127.5,24.25,23.486682808716708,0.3333333333333333
2021-03-10 07:00:00,2021-03-10,3,0,7,positive_to_positive,103.75,118.5,14.75,14.216867469879519,0.3333333333333333
2021-03-11 07:00:00,2021-03-11,3,0,7,positive_to_positive,105.25,133.0,27.75,26.365795724465556,0.25
2021-03-16 07:00:00,2021-03-16,3,0,7,positive_to_positive,114.75,130.25,15.5,13.507625272331156,0.3333333333333333
2021-03-17 07:00:00,2021-03-17,3,0,7,positive_to_positive,120.5,141.0,20.5,17.012448132780083,0.25
2021-03-18 07:00:00,2021-03-18,3,0,7,positive_to_positive,120.5,133.0,12.5,10.37344398340249,0.25
2021-03-23 07:00:00,2021-03-23,3,0,7,positive_to_positive,116.75,140.25,23.5,20.12847965738758,0.25
2021-03-24 07:00:00,2021-03-24,3,0,7,zero_to_positive,117.75,149.25,31.5,26.751592356687897,0.25
2021-03-25 07:00:00,2021-03-25,3,0,7,positive_to_positive,114.25,135.0,20.75,18.161925601750546,0.25
2021-03-29 07:00:00,2021-03-29,3,0,7,zero_to_positive,113.0,136.75,23.75,21.01769911504425,0.3333333333333333
2021-03-30 07:00:00,2021-03-30,3,0,7,positive_to_positive,114.25,131.5,17.25,15.098468271334792,0.3333333333333333
2021-03-02 08:00:00,2021-03-02,3,0,8,positive_to_positive,132.0,172.25,40.25,30.492424242424242,0.3333333333333333
2021-03-03 08:00:00,2021-03-03,3,0,8,positive_to_positive,128.5,170.25,41.75,32.490272373540854,0.3333333333333333
2021-03-04 08:00:00,2021-03-04,3,0,8,positive_to_positive,128.25,156.25,28.0,21.832358674463936,0.25
2021-03-08 08:00:00,2021-03-08,3,0,8,zero_to_positive,93.25,154.0,60.75,65.14745308310992,0.25
2021-03-09 08:00:00,2021-03-09,3,0,8,positive_to_positive,127.5,168.75,41.25,32.35294117647059,0.3333333333333333
2021-03-10 08:00:00,2021-03-10,3,0,8,positive_to_positive,118.5,155.0,36.5,30.801687763713083,0.3333333333333333
2021-03-11 08:00:00,2021-03-11,3,0,8,positive_to_positive,133.0,167.5,34.5,25.93984962406015,0.25
2021-03-15 08:00:00,2021-03-15,3,0,8,zero_to_positive,132.25,187.75,55.5,41.965973534971646,0.25
2021-03-16 08:00:00,2021-03-16,3,0,8,positive_to_positive,130.25,177.0,46.75,35.892514395393476,0.3333333333333333
2021-03-17 08:00:00,2021-03-17,3,0,8,positive_to_positive,141.0,190.25,49.25,34.9290780141844,0.25
2021-03-18 08:00:00,2021-03-18,3,0,8,positive_to_positive,133.0,161.5,28.5,21.428571428571427,0.25
2021-03-22 08:00:00,2021-03-22,3,0,8,zero_to_positive,138.5,171.0,32.5,23.465703971119133,0.25
2021-03-23 08:00:00,2021-03-23,3,0,8,positive_to_positive,140.25,162.5,22.25,15.86452762923351,0.25
2021-03-24 08:00:00,2021-03-24,3,0,8,positive_to_positive,149.25,182.0,32.75,21.943048576214405,0.25
2021-03-25 08:00:00,2021-03-25,3,0,8,positive_to_positive,135.0,155.75,20.75,15.37037037037037,0.25
2021-03-29 08:00:00,2021-03-29,3,0,8,positive_to_positive,136.75,202.0,65.25,47.714808043875685,0.3333333333333333
2021-03-30 08:00:00,2021-03-30,3,0,8,positive_to_positive,131.5,179.75,48.25,36.69201520912547,0.3333333333333333
2021-03-02 13:00:00,2021-03-02,3,0,13,positive_to_positive,102.75,181.75,79.0,76.88564476885644,0.3333333333333333
2021-03-03 13:00:00,2021-03-03,3,0,13,positive_to_positive,101.5,158.0,56.5,55.66502463054187,0.3333333333333333
2021-03-04 13:00:00,2021-03-04,3,0,13,zero_to_positive,89.25,155.25,66.0,73.94957983193278,0.25
2021-03-08 13:00:00,2021-03-08,3,0,13,positive_to_positive,102.75,164.75,62.0,60.34063260340633,0.25
2021-03-09 13:00:00,2021-03-09,3,0,13,positive_to_positive,109.75,169.25,59.5,54.21412300683372,0.3333333333333333
2021-03-10 13:00:00,2021-03-10,3,0,13,positive_to_positive,111.0,152.5,41.5,37.38738738738739,0.3333333333333333
2021-03-11 13:00:00,2021-03-11,3,0,13,positive_to_positive,104.0,153.5,49.5,47.59615384615385,0.25
2021-03-15 13:00:00,2021-03-15,3,0,13,positive_to_positive,111.75,171.25,59.5,53.24384787472036,0.25
2021-03-16 13:00:00,2021-03-16,3,0,13,positive_to_positive,108.75,169.0,60.25,55.40229885057472,0.3333333333333333
2021-03-17 13:00:00,2021-03-17,3,0,13,zero_to_positive,103.0,182.75,79.75,77.42718446601941,0.25
2021-03-18 13:00:00,2021-03-18,3,0,13,positive_to_positive,101.5,174.25,72.75,71.67487684729063,0.25
2021-03-22 13:00:00,2021-03-22,3,0,13,positive_to_positive,110.75,166.25,55.5,50.112866817155755,0.25
2021-03-23 13:00:00,2021-03-23,3,0,13,positive_to_positive,93.0,153.25,60.25,64.78494623655914,0.25
2021-03-24 13:00:00,2021-03-24,3,0,13,positive_to_positive,105.25,170.5,65.25,61.995249406175766,0.25
2021-03-25 13:00:00,2021-03-25,3,0,13,zero_to_positive,121.75,179.25,57.5,47.227926078028744,0.25
2021-03-29 13:00:00,2021-03-29,3,0,13,positive_to_positive,117.75,186.5,68.75,58.3864118895966,0.3333333333333333
2021-03-30 13:00:00,2021-03-30,3,0,13,positive_to_positive,107.75,166.5,58.75,54.524361948955914,0.3333333333333333
2021-03-02 21:00:00,2021-03-02,3,0,21,positive_to_positive,112.5,111.25,1.25,1.1111111111111112,0.3333333333333333
2021-03-03 21:00:00,2021-03-03,3,0,21,positive_to_positive,122.25,122.75,0.5,0.408997955010225,0.3333333333333333
2021-03-04 21:00:00,2021-03-04,3,0,21,positive_to_positive,100.75,108.25,7.5,7.444168734491314,0.25
2021-03-08 21:00:00,2021-03-08,3,0,21,positive_to_positive,128.75,121.25,7.5,5.825242718446602,0.25
2021-03-09 21:00:00,2021-03-09,3,0,21,positive_to_positive,109.25,105.0,4.25,3.8901601830663615,0.3333333333333333
2021-03-10 21:00:00,2021-03-10,3,0,21,positive_to_positive,133.25,129.0,4.25,3.189493433395872,0.3333333333333333
2021-03-11 21:00:00,2021-03-11,3,0,21,positive_to_positive,120.75,109.25,11.5,9.523809523809524,0.25
2021-03-15 21:00:00,2021-03-15,3,0,21,positive_to_positive,127.75,127.0,0.75,0.5870841487279843,0.25
2021-03-16 21:00:00,2021-03-16,3,0,21,positive_to_positive,113.75,117.5,3.75,3.296703296703297,0.3333333333333333
2021-03-17 21:00:00,2021-03-17,3,0,21,positive_to_positive,138.5,126.75,11.75,8.483754512635379,0.25
2021-03-18 21:00:00,2021-03-18,3,0,21,zero_to_positive,117.25,113.5,3.75,3.1982942430703627,0.25
2021-03-22 21:00:00,2021-03-22,3,0,21,positive_to_positive,132.5,125.5,7.0,5.283018867924529,0.25
2021-03-23 21:00:00,2021-03-23,3,0,21,positive_to_positive,127.5,125.75,1.75,1.3725490196078431,0.25
2021-03-24 21:00:00,2021-03-24,3,0,21,zero_to_positive,135.5,131.0,4.5,3.3210332103321036,0.25
2021-03-25 21:00:00,2021-03-25,3,0,21,positive_to_positive,108.75,116.25,7.5,6.896551724137931,0.25
2021-03-29 21:00:00,2021-03-29,3,0,21,positive_to_positive,134.5,123.75,10.75,7.992565055762081,0.3333333333333333
2021-03-30 21:00:00,2021-03-30,3,0,21,positive_to_positive,109.0,112.75,3.75,3.4403669724770642,0.3333333333333333
2021-03-06 01:00:00,2021-03-06,3,1,1,positive_to_positive,63.25,104.5,41.25,65.21739130434783,0.1428571428571428
2021-03-13 01:00:00,2021-03-13,3,1,1,zero_to_positive,63.25,104.5,41.25,65.21739130434783,0.1428571428571428
2021-03-20 01:00:00,2021-03-20,3,1,1,positive_to_positive,63.25,104.5,41.25,65.21739130434783,0.1428571428571428
2021-03-27 01:00:00,2021-03-27,3,1,1,zero_to_positive,63.25,104.5,41.25,65.21739130434783,0.1428571428571428
2021-04-01 01:00:00,2021-04-01,4,0,1,zero_to_positive,22.75,21.0,1.75,7.6923076923076925,0.3333333333333333
2021-04-06 01:00:00,2021-04-06,4,0,1,positive_to_positive,65.0,108.25,43.25,66.53846153846153,0.3333333333333333
2021-04-07 01:00:00,2021-04-07,4,0,1,zero_to_positive,21.0,21.0,0.0,0.0,0.5
2021-04-08 01:00:00,2021-04-08,4,0,1,zero_to_positive,66.5,103.5,37.0,55.639097744360896,0.5
2021-04-09 01:00:00,2021-04-09,4,0,1,positive_to_positive,22.5,22.75,0.25,1.1111111111111112,0.3333333333333333
2021-04-14 01:00:00,2021-04-14,4,0,1,zero_to_positive,63.5,92.75,29.25,46.06299212598425,0.1666666666666666
2021-04-15 01:00:00,2021-04-15,4,0,1,positive_to_positive,63.5,92.75,29.25,46.06299212598425,0.1666666666666666
2021-04-16 01:00:00,2021-04-16,4,0,1,zero_to_positive,63.5,92.75,29.25,46.06299212598425,0.1666666666666666
2021-04-20 01:00:00,2021-04-20,4,0,1,zero_to_positive,20.25,22.5,2.25,11.11111111111111,0.3333333333333333
2021-04-21 01:00:00,2021-04-21,4,0,1,zero_to_positive,58.25,99.0,40.75,69.95708154506438,0.2
2021-04-22 01:00:00,2021-04-22,4,0,1,zero_to_positive,58.25,99.0,40.75,69.95708154506438,0.2
2021-04-23 01:00:00,2021-04-23,4,0,1,zero_to_positive,58.25,99.0,40.75,69.95708154506438,0.2
2021-04-28 01:00:00,2021-04-28,4,0,1,positive_to_positive,60.5,99.75,39.25,64.87603305785123,0.3333333333333333
2021-04-29 01:00:00,2021-04-29,4,0,1,zero_to_positive,60.5,99.75,39.25,64.87603305785123,0.3333333333333333
2021-04-30 01:00:00,2021-04-30,4,0,1,positive_to_positive,58.25,99.0,40.75,69.95708154506438,0.2
2021-04-01 02:00:00,2021-04-01,4,0,2,positive_to_positive,21.0,21.0,0.0,0.0,0.3333333333333333
2021-04-02 02:00:00,2021-04-02,4,0,2,zero_to_positive,108.25,116.25,8.0,7.390300230946882,0.3333333333333333
2021-04-06 02:00:00,2021-04-06,4,0,2,positive_to_positive,108.25,116.25,8.0,7.390300230946882,0.3333333333333333
2021-04-07 02:00:00,2021-04-07,4,0,2,positive_to_positive,21.0,22.75,1.75,8.333333333333332,0.5
2021-04-08 02:00:00,2021-04-08,4,0,2,positive_to_positive,103.5,101.5,2.0,1.932367149758454,0.5
2021-04-09 02:00:00,2021-04-09,4,0,2,positive_to_positive,22.75,24.75,2.0,8.791208791208792,0.3333333333333333
2021-04-13 02:00:00,2021-04-13,4,0,2,zero_to_positive,92.75,93.5,0.75,0.8086253369272237,0.1666666666666666
2021-04-14 02:00:00,2021-04-14,4,0,2,positive_to_positive,92.75,93.5,0.75,0.8086253369272237,0.1666666666666666
2021-04-15 02:00:00,2021-04-15,4,0,2,positive_to_positive,92.75,93.5,0.75,0.8086253369272237,0.1666666666666666
2021-04-16 02:00:00,2021-04-16,4,0,2,positive_to_positive,92.75,93.5,0.75,0.8086253369272237,0.1666666666666666
2021-04-20 02:00:00,2021-04-20,4,0,2,positive_to_positive,22.5,20.25,2.25,10.0,0.3333333333333333
2021-04-22 02:00:00,2021-04-22,4,0,2,positive_to_positive,99.0,101.0,2.0,2.0202020202020203,0.2
2021-04-23 02:00:00,2021-04-23,4,0,2,positive_to_positive,99.0,101.0,2.0,2.0202020202020203,0.2
2021-04-27 02:00:00,2021-04-27,4,0,2,zero_to_positive,95.25,100.5,5.25,5.511811023622047,0.3333333333333333
2021-04-28 02:00:00,2021-04-28,4,0,2,positive_to_positive,99.75,101.75,2.0,2.0050125313283207,0.3333333333333333
2021-04-29 02:00:00,2021-04-29,4,0,2,positive_to_positive,99.75,101.75,2.0,2.0050125313283207,0.3333333333333333
2021-04-30 02:00:00,2021-04-30,4,0,2,positive_to_positive,99.0,101.0,2.0,2.0202020202020203,0.2
2021-04-02 04:00:00,2021-04-02,4,0,4,positive_to_positive,103.75,101.0,2.75,2.6506024096385543,0.3333333333333333
2021-04-06 04:00:00,2021-04-06,4,0,4,positive_to_positive,103.75,101.0,2.75,2.6506024096385543,0.3333333333333333
2021-04-07 04:00:00,2021-04-07,4,0,4,positive_to_positive,21.75,21.0,0.75,3.4482758620689653,0.5
2021-04-08 04:00:00,2021-04-08,4,0,4,positive_to_positive,104.75,98.25,6.5,6.205250596658711,0.5
2021-04-09 04:00:00,2021-04-09,4,0,4,positive_to_positive,22.5,22.75,0.25,1.1111111111111112,0.3333333333333333
2021-04-13 04:00:00,2021-04-13,4,0,4,zero_to_positive,87.75,84.5,3.25,3.7037037037037033,0.1666666666666666
2021-04-14 04:00:00,2021-04-14,4,0,4,positive_to_positive,87.75,84.5,3.25,3.7037037037037033,0.1666666666666666
2021-04-15 04:00:00,2021-04-15,4,0,4,zero_to_positive,87.75,84.5,3.25,3.7037037037037033,0.1666666666666666
2021-04-16 04:00:00,2021-04-16,4,0,4,positive_to_positive,87.75,84.5,3.25,3.7037037037037033,0.1666666666666666
2021-04-20 04:00:00,2021-04-20,4,0,4,positive_to_positive,20.25,22.75,2.5,12.345679012345679,0.3333333333333333
2021-04-21 04:00:00,2021-04-21,4,0,4,zero_to_positive,97.75,103.75,6.0,6.138107416879795,0.2
2021-04-22 04:00:00,2021-04-22,4,0,4,positive_to_positive,97.75,103.75,6.0,6.138107416879795,0.2
2021-04-23 04:00:00,2021-04-23,4,0,4,zero_to_positive,97.75,103.75,6.0,6.138107416879795,0.2
2021-04-27 04:00:00,2021-04-27,4,0,4,positive_to_positive,94.0,99.0,5.0,5.319148936170213,0.3333333333333333
2021-04-28 04:00:00,2021-04-28,4,0,4,positive_to_positive,98.5,104.5,6.0,6.091370558375635,0.3333333333333333
2021-04-29 04:00:00,2021-04-29,4,0,4,positive_to_positive,98.5,104.5,6.0,6.091370558375635,0.3333333333333333
2021-04-30 04:00:00,2021-04-30,4,0,4,positive_to_positive,97.75,103.75,6.0,6.138107416879795,0.2
2021-04-01 06:00:00,2021-04-01,4,0,6,positive_to_positive,21.0,23.25,2.25,10.714285714285714,0.3333333333333333
2021-04-02 06:00:00,2021-04-02,4,0,6,positive_to_positive,84.75,110.5,25.75,30.383480825958703,0.3333333333333333
2021-04-06 06:00:00,2021-04-06,4,0,6,positive_to_positive,84.75,110.5,25.75,30.383480825958703,0.3333333333333333
2021-04-07 06:00:00,2021-04-07,4,0,6,positive_to_positive,22.0,22.75,0.75,3.4090909090909087,0.5
2021-04-08 06:00:00,2021-04-08,4,0,6,positive_to_positive,89.25,107.0,17.75,19.88795518207283,0.5
2021-04-09 06:00:00,2021-04-09,4,0,6,positive_to_positive,23.5,24.0,0.5,2.127659574468085,0.3333333333333333
2021-04-13 06:00:00,2021-04-13,4,0,6,zero_to_positive,80.5,95.0,14.5,18.012422360248447,0.1666666666666666
2021-04-14 06:00:00,2021-04-14,4,0,6,positive_to_positive,80.5,95.0,14.5,18.012422360248447,0.1666666666666666
2021-04-16 06:00:00,2021-04-16,4,0,6,positive_to_positive,80.5,95.0,14.5,18.012422360248447,0.1666666666666666
2021-04-20 06:00:00,2021-04-20,4,0,6,positive_to_positive,20.0,20.0,0.0,0.0,0.3333333333333333
2021-04-22 06:00:00,2021-04-22,4,0,6,zero_to_positive,89.0,106.25,17.25,19.382022471910112,0.2
2021-04-23 06:00:00,2021-04-23,4,0,6,zero_to_positive,89.0,106.25,17.25,19.382022471910112,0.2
2021-04-27 06:00:00,2021-04-27,4,0,6,positive_to_positive,85.75,95.5,9.75,11.370262390670554,0.3333333333333333
2021-04-28 06:00:00,2021-04-28,4,0,6,zero_to_positive,91.5,108.75,17.25,18.852459016393443,0.3333333333333333
2021-04-29 06:00:00,2021-04-29,4,0,6,positive_to_positive,91.5,108.75,17.25,18.852459016393443,0.3333333333333333
2021-04-30 06:00:00,2021-04-30,4,0,6,zero_to_positive,89.0,106.25,17.25,19.382022471910112,0.2
2021-04-01 07:00:00,2021-04-01,4,0,7,positive_to_positive,23.25,58.75,35.5,152.68817204301075,0.3333333333333333
2021-04-02 07:00:00,2021-04-02,4,0,7,positive_to_positive,110.5,126.0,15.5,14.027149321266968,0.3333333333333333
2021-04-06 07:00:00,2021-04-06,4,0,7,positive_to_positive,110.5,126.0,15.5,14.027149321266968,0.3333333333333333
2021-04-07 07:00:00,2021-04-07,4,0,7,positive_to_positive,22.75,55.5,32.75,143.95604395604394,0.5
2021-04-08 07:00:00,2021-04-08,4,0,7,positive_to_positive,107.0,118.0,11.0,10.2803738317757,0.5
2021-04-09 07:00:00,2021-04-09,4,0,7,positive_to_positive,24.0,63.5,39.5,164.58333333333331,0.3333333333333333
2021-04-13 07:00:00,2021-04-13,4,0,7,positive_to_positive,95.0,114.5,19.5,20.526315789473685,0.1666666666666666
2021-04-14 07:00:00,2021-04-14,4,0,7,positive_to_positive,95.0,114.5,19.5,20.526315789473685,0.1666666666666666
2021-04-15 07:00:00,2021-04-15,4,0,7,zero_to_positive,95.0,114.5,19.5,20.526315789473685,0.1666666666666666
2021-04-16 07:00:00,2021-04-16,4,0,7,positive_to_positive,95.0,114.5,19.5,20.526315789473685,0.1666666666666666
2021-04-20 07:00:00,2021-04-20,4,0,7,positive_to_positive,20.0,54.0,34.0,170.0,0.3333333333333333
2021-04-21 07:00:00,2021-04-21,4,0,7,zero_to_positive,106.25,122.25,16.0,15.058823529411763,0.2
2021-04-22 07:00:00,2021-04-22,4,0,7,positive_to_positive,106.25,122.25,16.0,15.058823529411763,0.2
2021-04-23 07:00:00,2021-04-23,4,0,7,positive_to_positive,106.25,122.25,16.0,15.058823529411763,0.2
2021-04-26 07:00:00,2021-04-26,4,0,7,zero_to_positive,95.5,126.0,30.5,31.93717277486911,0.3333333333333333
2021-04-27 07:00:00,2021-04-27,4,0,7,positive_to_positive,95.5,126.0,30.5,31.93717277486911,0.3333333333333333
2021-04-28 07:00:00,2021-04-28,4,0,7,positive_to_positive,108.75,115.0,6.25,5.747126436781609,0.3333333333333333
2021-04-29 07:00:00,2021-04-29,4,0,7,positive_to_positive,108.75,115.0,6.25,5.747126436781609,0.3333333333333333
2021-04-30 07:00:00,2021-04-30,4,0,7,positive_to_positive,106.25,122.25,16.0,15.058823529411763,0.2
2021-04-01 08:00:00,2021-04-01,4,0,8,positive_to_positive,58.75,174.75,116.0,197.4468085106383,0.3333333333333333
2021-04-05 08:00:00,2021-04-05,4,0,8,zero_to_positive,58.75,174.75,116.0,197.4468085106383,0.3333333333333333
2021-04-06 08:00:00,2021-04-06,4,0,8,positive_to_positive,126.0,171.25,45.25,35.91269841269841,0.3333333333333333
2021-04-07 08:00:00,2021-04-07,4,0,8,positive_to_positive,55.5,185.0,129.5,233.33333333333334,0.5
2021-04-08 08:00:00,2021-04-08,4,0,8,positive_to_positive,118.0,171.5,53.5,45.33898305084746,0.5
2021-04-09 08:00:00,2021-04-09,4,0,8,positive_to_positive,63.5,176.5,113.0,177.9527559055118,0.3333333333333333
2021-04-12 08:00:00,2021-04-12,4,0,8,zero_to_positive,114.5,169.5,55.0,48.03493449781659,0.1666666666666666
2021-04-13 08:00:00,2021-04-13,4,0,8,positive_to_positive,114.5,169.5,55.0,48.03493449781659,0.1666666666666666
2021-04-14 08:00:00,2021-04-14,4,0,8,positive_to_positive,114.5,169.5,55.0,48.03493449781659,0.1666666666666666
2021-04-15 08:00:00,2021-04-15,4,0,8,positive_to_positive,114.5,169.5,55.0,48.03493449781659,0.1666666666666666
2021-04-16 08:00:00,2021-04-16,4,0,8,positive_to_positive,114.5,169.5,55.0,48.03493449781659,0.1666666666666666
2021-04-19 08:00:00,2021-04-19,4,0,8,zero_to_positive,54.0,160.25,106.25,196.75925925925927,0.3333333333333333
2021-04-20 08:00:00,2021-04-20,4,0,8,positive_to_positive,54.0,160.25,106.25,196.75925925925927,0.3333333333333333
2021-04-21 08:00:00,2021-04-21,4,0,8,positive_to_positive,122.25,163.25,41.0,33.537832310838446,0.2
2021-04-22 08:00:00,2021-04-22,4,0,8,positive_to_positive,122.25,163.25,41.0,33.537832310838446,0.2
2021-04-23 08:00:00,2021-04-23,4,0,8,positive_to_positive,122.25,163.25,41.0,33.537832310838446,0.2
2021-04-26 08:00:00,2021-04-26,4,0,8,positive_to_positive,126.0,152.0,26.0,20.634920634920633,0.3333333333333333
2021-04-27 08:00:00,2021-04-27,4,0,8,positive_to_positive,126.0,152.0,26.0,20.634920634920633,0.3333333333333333
2021-04-28 08:00:00,2021-04-28,4,0,8,positive_to_positive,115.0,164.0,49.0,42.608695652173914,0.3333333333333333
2021-04-29 08:00:00,2021-04-29,4,0,8,positive_to_positive,115.0,164.0,49.0,42.608695652173914,0.3333333333333333
2021-04-30 08:00:00,2021-04-30,4,0,8,positive_to_positive,122.25,163.25,41.0,33.537832310838446,0.2
2021-04-01 22:00:00,2021-04-01,4,0,22,positive_to_positive,104.25,104.5,0.25,0.2398081534772182,0.3333333333333333
2021-04-05 22:00:00,2021-04-05,4,0,22,positive_to_positive,104.25,104.5,0.25,0.2398081534772182,0.3333333333333333
2021-04-06 22:00:00,2021-04-06,4,0,22,positive_to_positive,124.5,104.5,20.0,16.06425702811245,0.3333333333333333
2021-04-07 22:00:00,2021-04-07,4,0,22,positive_to_positive,120.5,113.5,7.0,5.809128630705394,0.5
2021-04-09 22:00:00,2021-04-09,4,0,22,positive_to_positive,119.75,112.25,7.5,6.263048016701461,0.3333333333333333
2021-04-12 22:00:00,2021-04-12,4,0,22,zero_to_positive,112.25,99.75,12.5,11.1358574610245,0.1666666666666666
2021-04-13 22:00:00,2021-04-13,4,0,22,positive_to_positive,112.25,99.75,12.5,11.1358574610245,0.1666666666666666
2021-04-14 22:00:00,2021-04-14,4,0,22,positive_to_positive,112.25,99.75,12.5,11.1358574610245,0.1666666666666666
2021-04-15 22:00:00,2021-04-15,4,0,22,positive_to_positive,112.25,99.75,12.5,11.1358574610245,0.1666666666666666
2021-04-16 22:00:00,2021-04-16,4,0,22,positive_to_positive,112.25,99.75,12.5,11.1358574610245,0.1666666666666666
2021-04-19 22:00:00,2021-04-19,4,0,22,positive_to_positive,106.25,104.5,1.75,1.647058823529412,0.3333333333333333
2021-04-20 22:00:00,2021-04-20,4,0,22,positive_to_positive,106.25,104.5,1.75,1.647058823529412,0.3333333333333333
2021-04-21 22:00:00,2021-04-21,4,0,22,zero_to_positive,119.0,106.0,13.0,10.92436974789916,0.2
2021-04-22 22:00:00,2021-04-22,4,0,22,positive_to_positive,119.0,106.0,13.0,10.92436974789916,0.2
2021-04-23 22:00:00,2021-04-23,4,0,22,positive_to_positive,119.0,106.0,13.0,10.92436974789916,0.2
2021-04-26 22:00:00,2021-04-26,4,0,22,positive_to_positive,113.0,101.5,11.5,10.176991150442479,0.3333333333333333
2021-04-27 22:00:00,2021-04-27,4,0,22,positive_to_positive,113.0,101.5,11.5,10.176991150442479,0.3333333333333333
2021-04-28 22:00:00,2021-04-28,4,0,22,positive_to_positive,111.25,102.75,8.5,7.640449438202247,0.3333333333333333
2021-04-29 22:00:00,2021-04-29,4,0,22,positive_to_positive,111.25,102.75,8.5,7.640449438202247,0.3333333333333333
2021-04-30 22:00:00,2021-04-30,4,0,22,positive_to_positive,119.0,106.0,13.0,10.92436974789916,0.2
2021-05-04 00:00:00,2021-05-04,5,0,0,positive_to_positive,98.5,65.0,33.5,34.01015228426396,0.3333333333333333
2021-05-05 00:00:00,2021-05-05,5,0,0,positive_to_positive,95.0,65.0,30.0,31.57894736842105,1.0
2021-05-07 00:00:00,2021-05-07,5,0,0,positive_to_positive,101.0,66.5,34.5,34.15841584158416,0.5
2021-05-11 00:00:00,2021-05-11,5,0,0,positive_to_positive,100.75,64.25,36.5,36.22828784119106,1.0
2021-05-13 00:00:00,2021-05-13,5,0,0,positive_to_positive,101.5,70.0,31.5,31.03448275862069,1.0
2021-05-14 00:00:00,2021-05-14,5,0,0,positive_to_positive,104.0,67.0,37.0,35.57692307692308,1.0
2021-05-18 00:00:00,2021-05-18,5,0,0,positive_to_positive,86.5,63.5,23.0,26.589595375722542,1.0
2021-05-21 00:00:00,2021-05-21,5,0,0,zero_to_positive,92.75,60.5,32.25,34.77088948787062,1.0
2021-05-25 00:00:00,2021-05-25,5,0,0,zero_to_positive,98.0,58.25,39.75,40.56122448979592,0.5
2021-05-26 00:00:00,2021-05-26,5,0,0,positive_to_positive,100.25,58.25,42.0,41.895261845386536,1.0
2021-05-27 00:00:00,2021-05-27,5,0,0,zero_to_positive,97.75,61.5,36.25,37.084398976982094,1.0
2021-05-28 00:00:00,2021-05-28,5,0,0,positive_to_positive,97.25,60.5,36.75,37.789203084832906,0.5
2021-05-04 01:00:00,2021-05-04,5,0,1,positive_to_positive,65.0,108.25,43.25,66.53846153846153,0.3333333333333333
2021-05-05 01:00:00,2021-05-05,5,0,1,positive_to_positive,65.0,105.25,40.25,61.92307692307693,1.0
2021-05-07 01:00:00,2021-05-07,5,0,1,positive_to_positive,66.5,103.5,37.0,55.639097744360896,0.5
2021-05-11 01:00:00,2021-05-11,5,0,1,positive_to_positive,64.25,97.75,33.5,52.14007782101168,1.0
2021-05-12 01:00:00,2021-05-12,5,0,1,zero_to_positive,66.5,98.25,31.75,47.744360902255636,1.0
2021-05-13 01:00:00,2021-05-13,5,0,1,positive_to_positive,70.0,98.25,28.25,40.35714285714286,1.0
2021-05-14 01:00:00,2021-05-14,5,0,1,positive_to_positive,67.0,99.5,32.5,48.507462686567166,1.0
2021-05-18 01:00:00,2021-05-18,5,0,1,positive_to_positive,63.5,92.75,29.25,46.06299212598425,0.1666666666666666
2021-05-19 01:00:00,2021-05-19,5,0,1,zero_to_positive,62.0,88.5,26.5,42.74193548387097,1.0
2021-05-21 01:00:00,2021-05-21,5,0,1,positive_to_positive,60.5,94.0,33.5,55.371900826446286,1.0
2021-05-25 01:00:00,2021-05-25,5,0,1,positive_to_positive,58.25,99.0,40.75,69.95708154506438,0.2
2021-05-26 01:00:00,2021-05-26,5,0,1,positive_to_positive,58.25,98.0,39.75,68.24034334763948,1.0
2021-05-27 01:00:00,2021-05-27,5,0,1,positive_to_positive,61.5,95.25,33.75,54.87804878048781,0.3333333333333333
2021-05-28 01:00:00,2021-05-28,5,0,1,positive_to_positive,60.5,99.75,39.25,64.87603305785123,0.3333333333333333
2021-05-04 06:00:00,2021-05-04,5,0,6,positive_to_positive,84.75,110.5,25.75,30.383480825958703,0.3333333333333333
2021-05-05 06:00:00,2021-05-05,5,0,6,positive_to_positive,88.25,103.0,14.75,16.71388101983003,1.0
2021-05-07 06:00:00,2021-05-07,5,0,6,zero_to_positive,89.25,107.0,17.75,19.88795518207283,0.5
2021-05-11 06:00:00,2021-05-11,5,0,6,zero_to_positive,97.0,106.75,9.75,10.051546391752577,1.0
2021-05-12 06:00:00,2021-05-12,5,0,6,positive_to_positive,92.25,104.25,12.0,13.008130081300814,1.0
2021-05-13 06:00:00,2021-05-13,5,0,6,positive_to_positive,89.25,100.5,11.25,12.605042016806722,1.0
2021-05-14 06:00:00,2021-05-14,5,0,6,positive_to_positive,93.25,100.25,7.0,7.506702412868632,1.0
2021-05-18 06:00:00,2021-05-18,5,0,6,positive_to_positive,80.5,95.0,14.5,18.012422360248447,0.1666666666666666
2021-05-19 06:00:00,2021-05-19,5,0,6,positive_to_positive,78.75,94.5,15.75,20.0,1.0
2021-05-21 06:00:00,2021-05-21,5,0,6,positive_to_positive,82.0,101.75,19.75,24.085365853658537,1.0
2021-05-25 06:00:00,2021-05-25,5,0,6,zero_to_positive,89.0,106.25,17.25,19.382022471910112,0.2
2021-05-26 06:00:00,2021-05-26,5,0,6,positive_to_positive,93.75,100.25,6.5,6.933333333333333,1.0
2021-05-27 06:00:00,2021-05-27,5,0,6,positive_to_positive,85.75,95.5,9.75,11.370262390670554,0.3333333333333333
2021-05-28 06:00:00,2021-05-28,5,0,6,positive_to_positive,91.5,108.75,17.25,18.852459016393443,0.3333333333333333
2021-05-03 08:00:00,2021-05-03,5,0,8,zero_to_positive,58.75,174.75,116.0,197.4468085106383,0.3333333333333333
2021-05-04 08:00:00,2021-05-04,5,0,8,positive_to_positive,126.0,171.25,45.25,35.91269841269841,0.3333333333333333
2021-05-06 08:00:00,2021-05-06,5,0,8,zero_to_positive,55.5,185.0,129.5,233.33333333333334,0.5
2021-05-07 08:00:00,2021-05-07,5,0,8,positive_to_positive,118.0,171.5,53.5,45.33898305084746,0.5
2021-05-10 08:00:00,2021-05-10,5,0,8,zero_to_positive,63.5,176.5,113.0,177.9527559055118,0.3333333333333333
2021-05-11 08:00:00,2021-05-11,5,0,8,positive_to_positive,123.5,171.0,47.5,38.46153846153847,1.0
2021-05-12 08:00:00,2021-05-12,5,0,8,positive_to_positive,125.75,169.0,43.25,34.39363817097416,1.0
2021-05-13 08:00:00,2021-05-13,5,0,8,positive_to_positive,117.25,164.75,47.5,40.511727078891255,1.0
2021-05-14 08:00:00,2021-05-14,5,0,8,positive_to_positive,115.25,146.5,31.25,27.114967462039047,1.0
2021-05-17 08:00:00,2021-05-17,5,0,8,positive_to_positive,50.0,173.5,123.5,247.00000000000003,1.0
2021-05-18 08:00:00,2021-05-18,5,0,8,positive_to_positive,114.5,169.5,55.0,48.03493449781659,0.1666666666666666
2021-05-19 08:00:00,2021-05-19,5,0,8,positive_to_positive,53.5,20.75,32.75,61.21495327102804,1.0
2021-05-20 08:00:00,2021-05-20,5,0,8,zero_to_positive,64.25,170.0,105.75,164.59143968871595,1.0
2021-05-21 08:00:00,2021-05-21,5,0,8,positive_to_positive,121.0,153.25,32.25,26.65289256198347,1.0
2021-05-24 08:00:00,2021-05-24,5,0,8,zero_to_positive,54.0,160.25,106.25,196.75925925925927,0.3333333333333333
2021-05-25 08:00:00,2021-05-25,5,0,8,positive_to_positive,122.25,163.25,41.0,33.537832310838446,0.2
2021-05-26 08:00:00,2021-05-26,5,0,8,positive_to_positive,120.5,155.0,34.5,28.63070539419087,1.0
2021-05-27 08:00:00,2021-05-27,5,0,8,positive_to_positive,126.0,152.0,26.0,20.634920634920633,0.3333333333333333
2021-05-28 08:00:00,2021-05-28,5,0,8,positive_to_positive,115.0,164.0,49.0,42.608695652173914,0.3333333333333333
2021-05-31 08:00:00,2021-05-31,5,0,8,zero_to_positive,49.0,159.5,110.5,225.51020408163268,1.0
2021-05-03 21:00:00,2021-05-03,5,0,21,positive_to_positive,109.75,104.25,5.5,5.0113895216400905,0.3333333333333333
2021-05-04 21:00:00,2021-05-04,5,0,21,positive_to_positive,123.5,124.5,1.0,0.8097165991902834,0.3333333333333333
2021-05-06 21:00:00,2021-05-06,5,0,21,positive_to_positive,127.75,120.5,7.25,5.6751467710371815,0.5
2021-05-07 21:00:00,2021-05-07,5,0,21,positive_to_positive,103.25,102.0,1.25,1.2106537530266344,0.5
2021-05-10 21:00:00,2021-05-10,5,0,21,positive_to_positive,110.5,119.75,9.25,8.3710407239819,0.3333333333333333
2021-05-11 21:00:00,2021-05-11,5,0,21,positive_to_positive,127.5,125.25,2.25,1.7647058823529411,1.0
2021-05-12 21:00:00,2021-05-12,5,0,21,positive_to_positive,104.75,110.0,5.25,5.011933174224343,1.0
2021-05-13 21:00:00,2021-05-13,5,0,21,positive_to_positive,132.5,127.0,5.5,4.150943396226415,1.0
2021-05-14 21:00:00,2021-05-14,5,0,21,positive_to_positive,106.0,110.0,4.0,3.7735849056603774,1.0
2021-05-17 21:00:00,2021-05-17,5,0,21,positive_to_positive,96.25,89.0,7.25,7.532467532467532,1.0
2021-05-18 21:00:00,2021-05-18,5,0,21,positive_to_positive,115.0,112.25,2.75,2.391304347826087,0.1666666666666666
2021-05-20 21:00:00,2021-05-20,5,0,21,positive_to_positive,109.5,103.0,6.5,5.93607305936073,1.0
2021-05-21 21:00:00,2021-05-21,5,0,21,zero_to_positive,103.25,105.25,2.0,1.937046004842615,1.0
2021-05-24 21:00:00,2021-05-24,5,0,21,positive_to_positive,106.0,106.25,0.25,0.2358490566037736,0.3333333333333333
2021-05-25 21:00:00,2021-05-25,5,0,21,positive_to_positive,119.25,119.0,0.25,0.20964360587002098,0.2
2021-05-26 21:00:00,2021-05-26,5,0,21,positive_to_positive,115.0,104.0,11.0,9.565217391304348,1.0
2021-05-27 21:00:00,2021-05-27,5,0,21,zero_to_positive,118.25,113.0,5.25,4.439746300211417,0.3333333333333333
2021-05-28 21:00:00,2021-05-28,5,0,21,positive_to_positive,105.0,111.25,6.25,5.952380952380952,0.3333333333333333
2021-05-31 21:00:00,2021-05-31,5,0,21,positive_to_positive,113.0,113.25,0.25,0.22123893805309736,1.0
2021-05-01 06:00:00,2021-05-01,5,1,6,positive_to_positive,86.0,101.25,15.25,17.732558139534884,0.5
2021-05-08 06:00:00,2021-05-08,5,1,6,positive_to_positive,87.0,103.5,16.5,18.96551724137931,0.3333333333333333
2021-05-15 06:00:00,2021-05-15,5,1,6,zero_to_positive,79.5,97.75,18.25,22.955974842767297,1.0
2021-05-22 06:00:00,2021-05-22,5,1,6,zero_to_positive,84.0,102.0,18.0,21.428571428571427,0.5
2021-05-29 06:00:00,2021-05-29,5,1,6,positive_to_positive,88.0,99.5,11.5,13.068181818181818,1.0
2021-06-01 01:00:00,2021-06-01,6,0,1,positive_to_positive,61.25,98.5,37.25,60.816326530612244,0.3333333333333333
2021-06-02 01:00:00,2021-06-02,6,0,1,zero_to_positive,62.25,102.0,39.75,63.85542168674698,0.3333333333333333
2021-06-03 01:00:00,2021-06-03,6,0,1,zero_to_positive,66.0,105.0,39.0,59.09090909090909,0.3333333333333333
2021-06-04 01:00:00,2021-06-04,6,0,1,positive_to_positive,67.75,108.0,40.25,59.40959409594095,0.25
2021-06-08 01:00:00,2021-06-08,6,0,1,positive_to_positive,63.0,99.0,36.0,57.14285714285714,0.25
2021-06-09 01:00:00,2021-06-09,6,0,1,positive_to_positive,67.75,98.75,31.0,45.75645756457565,0.3333333333333333
2021-06-11 01:00:00,2021-06-11,6,0,1,positive_to_positive,69.75,107.0,37.25,53.40501792114696,0.25
2021-06-16 01:00:00,2021-06-16,6,0,1,positive_to_positive,73.0,111.0,38.0,52.054794520547944,0.3333333333333333
2021-06-17 01:00:00,2021-06-17,6,0,1,zero_to_positive,71.75,106.5,34.75,48.43205574912892,0.25
2021-06-18 01:00:00,2021-06-18,6,0,1,positive_to_positive,80.0,111.75,31.75,39.6875,0.25
2021-06-22 01:00:00,2021-06-22,6,0,1,positive_to_positive,71.25,108.0,36.75,51.578947368421055,0.25
2021-06-23 01:00:00,2021-06-23,6,0,1,positive_to_positive,69.0,102.5,33.5,48.55072463768116,0.25
2021-06-24 01:00:00,2021-06-24,6,0,1,positive_to_positive,70.25,111.0,40.75,58.00711743772242,0.25
2021-06-25 01:00:00,2021-06-25,6,0,1,zero_to_positive,71.0,119.0,48.0,67.6056338028169,0.25
2021-06-29 01:00:00,2021-06-29,6,0,1,zero_to_positive,66.25,104.25,38.0,57.35849056603774,0.3333333333333333
2021-06-30 01:00:00,2021-06-30,6,0,1,zero_to_positive,67.0,104.0,37.0,55.223880597014926,0.3333333333333333
2021-06-01 03:00:00,2021-06-01,6,0,3,positive_to_positive,103.5,102.5,1.0,0.966183574879227,0.3333333333333333
2021-06-02 03:00:00,2021-06-02,6,0,3,positive_to_positive,108.75,103.5,5.25,4.827586206896552,0.3333333333333333
2021-06-03 03:00:00,2021-06-03,6,0,3,positive_to_positive,112.5,105.25,7.25,6.444444444444445,0.3333333333333333
2021-06-04 03:00:00,2021-06-04,6,0,3,positive_to_positive,109.75,106.5,3.25,2.9612756264236904,0.25
2021-06-08 03:00:00,2021-06-08,6,0,3,positive_to_positive,102.75,99.5,3.25,3.1630170316301705,0.25
2021-06-09 03:00:00,2021-06-09,6,0,3,positive_to_positive,103.75,103.25,0.5,0.48192771084337355,0.3333333333333333
2021-06-10 03:00:00,2021-06-10,6,0,3,zero_to_positive,104.25,99.25,5.0,4.796163069544365,0.3333333333333333
2021-06-11 03:00:00,2021-06-11,6,0,3,positive_to_positive,104.25,101.0,3.25,3.117505995203837,0.25
2021-06-15 03:00:00,2021-06-15,6,0,3,positive_to_positive,117.25,115.75,1.5,1.279317697228145,0.25
2021-06-16 03:00:00,2021-06-16,6,0,3,positive_to_positive,114.0,111.5,2.5,2.1929824561403506,0.3333333333333333
2021-06-17 03:00:00,2021-06-17,6,0,3,positive_to_positive,112.25,116.25,4.0,3.5634743875278394,0.25
2021-06-18 03:00:00,2021-06-18,6,0,3,positive_to_positive,115.0,114.0,1.0,0.8695652173913043,0.25
2021-06-22 03:00:00,2021-06-22,6,0,3,zero_to_positive,112.75,113.0,0.25,0.22172949002217296,0.25
2021-06-23 03:00:00,2021-06-23,6,0,3,positive_to_positive,119.5,103.0,16.5,13.807531380753138,0.25
2021-06-24 03:00:00,2021-06-24,6,0,3,positive_to_positive,118.0,116.75,1.25,1.059322033898305,0.25
2021-06-25 03:00:00,2021-06-25,6,0,3,positive_to_positive,117.0,119.25,2.25,1.9230769230769231,0.25
2021-06-29 03:00:00,2021-06-29,6,0,3,positive_to_positive,112.5,103.5,9.0,8.0,0.3333333333333333
2021-06-30 03:00:00,2021-06-30,6,0,3,positive_to_positive,109.75,112.0,2.25,2.050113895216401,0.3333333333333333
2021-06-01 06:00:00,2021-06-01,6,0,6,positive_to_positive,89.5,108.5,19.0,21.22905027932961,0.3333333333333333
2021-06-02 06:00:00,2021-06-02,6,0,6,zero_to_positive,84.5,102.5,18.0,21.301775147928996,0.3333333333333333
2021-06-03 06:00:00,2021-06-03,6,0,6,positive_to_positive,91.25,112.0,20.75,22.73972602739726,0.3333333333333333
2021-06-04 06:00:00,2021-06-04,6,0,6,positive_to_positive,90.25,108.75,18.5,20.498614958448755,0.25
2021-06-08 06:00:00,2021-06-08,6,0,6,positive_to_positive,87.25,97.5,10.25,11.74785100286533,0.25
2021-06-09 06:00:00,2021-06-09,6,0,6,zero_to_positive,84.5,103.25,18.75,22.189349112426036,0.3333333333333333
2021-06-10 06:00:00,2021-06-10,6,0,6,positive_to_positive,91.0,103.75,12.75,14.010989010989011,0.3333333333333333
2021-06-11 06:00:00,2021-06-11,6,0,6,positive_to_positive,89.75,105.25,15.5,17.270194986072422,0.25
2021-06-15 06:00:00,2021-06-15,6,0,6,zero_to_positive,97.25,118.25,21.0,21.59383033419023,0.25
2021-06-16 06:00:00,2021-06-16,6,0,6,positive_to_positive,91.75,114.75,23.0,25.068119891008173,0.3333333333333333
2021-06-17 06:00:00,2021-06-17,6,0,6,positive_to_positive,97.25,120.5,23.25,23.90745501285347,0.25
2021-06-18 06:00:00,2021-06-18,6,0,6,zero_to_positive,101.5,120.5,19.0,18.7192118226601,0.25
2021-06-22 06:00:00,2021-06-22,6,0,6,positive_to_positive,93.5,114.0,20.5,21.92513368983957,0.25
2021-06-23 06:00:00,2021-06-23,6,0,6,positive_to_positive,95.25,116.75,21.5,22.57217847769029,0.25
2021-06-24 06:00:00,2021-06-24,6,0,6,positive_to_positive,101.0,117.75,16.75,16.584158415841586,0.25
2021-06-25 06:00:00,2021-06-25,6,0,6,positive_to_positive,106.0,114.25,8.25,7.783018867924528,0.25
2021-06-29 06:00:00,2021-06-29,6,0,6,positive_to_positive,90.0,113.0,23.0,25.555555555555554,0.3333333333333333
2021-06-01 08:00:00,2021-06-01,6,0,8,positive_to_positive,122.0,179.25,57.25,46.92622950819672,0.3333333333333333
2021-06-02 08:00:00,2021-06-02,6,0,8,positive_to_positive,132.0,172.25,40.25,30.492424242424242,0.3333333333333333
2021-06-03 08:00:00,2021-06-03,6,0,8,positive_to_positive,128.5,170.25,41.75,32.490272373540854,0.3333333333333333
2021-06-04 08:00:00,2021-06-04,6,0,8,positive_to_positive,128.25,156.25,28.0,21.832358674463936,0.25
2021-06-07 08:00:00,2021-06-07,6,0,8,zero_to_positive,56.25,171.0,114.75,204.0,0.5
2021-06-08 08:00:00,2021-06-08,6,0,8,positive_to_positive,93.25,154.0,60.75,65.14745308310992,0.25
2021-06-09 08:00:00,2021-06-09,6,0,8,positive_to_positive,127.5,168.75,41.25,32.35294117647059,0.3333333333333333
2021-06-10 08:00:00,2021-06-10,6,0,8,positive_to_positive,118.5,155.0,36.5,30.801687763713083,0.3333333333333333
2021-06-11 08:00:00,2021-06-11,6,0,8,positive_to_positive,133.0,167.5,34.5,25.93984962406015,0.25
2021-06-14 08:00:00,2021-06-14,6,0,8,zero_to_positive,61.75,182.5,120.75,195.54655870445345,0.3333333333333333
2021-06-15 08:00:00,2021-06-15,6,0,8,positive_to_positive,132.25,187.75,55.5,41.965973534971646,0.25
2021-06-16 08:00:00,2021-06-16,6,0,8,positive_to_positive,130.25,177.0,46.75,35.892514395393476,0.3333333333333333
2021-06-17 08:00:00,2021-06-17,6,0,8,positive_to_positive,141.0,190.25,49.25,34.9290780141844,0.25
2021-06-18 08:00:00,2021-06-18,6,0,8,positive_to_positive,133.0,161.5,28.5,21.428571428571427,0.25
2021-06-21 08:00:00,2021-06-21,6,0,8,zero_to_positive,57.5,189.5,132.0,229.56521739130434,0.5
2021-06-22 08:00:00,2021-06-22,6,0,8,positive_to_positive,138.5,171.0,32.5,23.465703971119133,0.25
2021-06-23 08:00:00,2021-06-23,6,0,8,positive_to_positive,140.25,162.5,22.25,15.86452762923351,0.25
2021-06-24 08:00:00,2021-06-24,6,0,8,positive_to_positive,149.25,182.0,32.75,21.943048576214405,0.25
2021-06-25 08:00:00,2021-06-25,6,0,8,positive_to_positive,135.0,155.75,20.75,15.37037037037037,0.25
2021-06-28 08:00:00,2021-06-28,6,0,8,zero_to_positive,57.0,174.75,117.75,206.57894736842107,0.5
2021-06-29 08:00:00,2021-06-29,6,0,8,positive_to_positive,136.75,202.0,65.25,47.714808043875685,0.3333333333333333
2021-06-30 08:00:00,2021-06-30,6,0,8,positive_to_positive,131.5,179.75,48.25,36.69201520912547,0.3333333333333333
2021-06-01 13:00:00,2021-06-01,6,0,13,positive_to_positive,93.5,169.5,76.0,81.28342245989305,0.3333333333333333
2021-06-02 13:00:00,2021-06-02,6,0,13,positive_to_positive,102.75,181.75,79.0,76.88564476885644,0.3333333333333333
2021-06-03 13:00:00,2021-06-03,6,0,13,positive_to_positive,101.5,158.0,56.5,55.66502463054187,0.3333333333333333
2021-06-04 13:00:00,2021-06-04,6,0,13,positive_to_positive,89.25,155.25,66.0,73.94957983193278,0.25
2021-06-07 13:00:00,2021-06-07,6,0,13,positive_to_positive,115.0,174.75,59.75,51.95652173913044,0.5
2021-06-08 13:00:00,2021-06-08,6,0,13,positive_to_positive,102.75,164.75,62.0,60.34063260340633,0.25
2021-06-09 13:00:00,2021-06-09,6,0,13,zero_to_positive,109.75,169.25,59.5,54.21412300683372,0.3333333333333333
2021-06-10 13:00:00,2021-06-10,6,0,13,positive_to_positive,111.0,152.5,41.5,37.38738738738739,0.3333333333333333
2021-06-11 13:00:00,2021-06-11,6,0,13,positive_to_positive,104.0,153.5,49.5,47.59615384615385,0.25
2021-06-14 13:00:00,2021-06-14,6,0,13,zero_to_positive,118.75,185.5,66.75,56.21052631578948,0.3333333333333333
2021-06-15 13:00:00,2021-06-15,6,0,13,positive_to_positive,111.75,171.25,59.5,53.24384787472036,0.25
2021-06-16 13:00:00,2021-06-16,6,0,13,positive_to_positive,108.75,169.0,60.25,55.40229885057472,0.3333333333333333
2021-06-17 13:00:00,2021-06-17,6,0,13,positive_to_positive,103.0,182.75,79.75,77.42718446601941,0.25
2021-06-18 13:00:00,2021-06-18,6,0,13,positive_to_positive,101.5,174.25,72.75,71.67487684729063,0.25
2021-06-21 13:00:00,2021-06-21,6,0,13,positive_to_positive,114.5,189.5,75.0,65.50218340611353,0.5
2021-06-22 13:00:00,2021-06-22,6,0,13,positive_to_positive,110.75,166.25,55.5,50.112866817155755,0.25
2021-06-23 13:00:00,2021-06-23,6,0,13,positive_to_positive,93.0,153.25,60.25,64.78494623655914,0.25
2021-06-24 13:00:00,2021-06-24,6,0,13,positive_to_positive,105.25,170.5,65.25,61.995249406175766,0.25
2021-06-25 13:00:00,2021-06-25,6,0,13,positive_to_positive,121.75,179.25,57.5,47.227926078028744,0.25
2021-06-28 13:00:00,2021-06-28,6,0,13,positive_to_positive,121.25,185.0,63.75,52.57731958762887,0.5
2021-06-29 13:00:00,2021-06-29,6,0,13,positive_to_positive,117.75,186.5,68.75,58.3864118895966,0.3333333333333333
2021-06-30 13:00:00,2021-06-30,6,0,13,positive_to_positive,107.75,166.5,58.75,54.524361948955914,0.3333333333333333
2021-06-01 21:00:00,2021-06-01,6,0,21,positive_to_positive,120.75,121.0,0.25,0.2070393374741201,0.3333333333333333
2021-06-02 21:00:00,2021-06-02,6,0,21,zero_to_positive,112.5,111.25,1.25,1.1111111111111112,0.3333333333333333
2021-06-03 21:00:00,2021-06-03,6,0,21,positive_to_positive,122.25,122.75,0.5,0.408997955010225,0.3333333333333333
2021-06-04 21:00:00,2021-06-04,6,0,21,positive_to_positive,100.75,108.25,7.5,7.444168734491314,0.25
2021-06-07 21:00:00,2021-06-07,6,0,21,positive_to_positive,108.25,111.0,2.75,2.5404157043879905,0.5
2021-06-08 21:00:00,2021-06-08,6,0,21,positive_to_positive,128.75,121.25,7.5,5.825242718446602,0.25
2021-06-09 21:00:00,2021-06-09,6,0,21,positive_to_positive,109.25,105.0,4.25,3.8901601830663615,0.3333333333333333
2021-06-10 21:00:00,2021-06-10,6,0,21,positive_to_positive,133.25,129.0,4.25,3.189493433395872,0.3333333333333333
2021-06-11 21:00:00,2021-06-11,6,0,21,positive_to_positive,120.75,109.25,11.5,9.523809523809524,0.25
2021-06-14 21:00:00,2021-06-14,6,0,21,positive_to_positive,119.25,123.0,3.75,3.1446540880503147,0.3333333333333333
2021-06-15 21:00:00,2021-06-15,6,0,21,positive_to_positive,127.75,127.0,0.75,0.5870841487279843,0.25
2021-06-16 21:00:00,2021-06-16,6,0,21,positive_to_positive,113.75,117.5,3.75,3.296703296703297,0.3333333333333333
2021-06-17 21:00:00,2021-06-17,6,0,21,positive_to_positive,138.5,126.75,11.75,8.483754512635379,0.25
2021-06-18 21:00:00,2021-06-18,6,0,21,positive_to_positive,117.25,113.5,3.75,3.1982942430703627,0.25
2021-06-21 21:00:00,2021-06-21,6,0,21,positive_to_positive,126.75,126.75,0.0,0.0,0.5
2021-06-22 21:00:00,2021-06-22,6,0,21,positive_to_positive,132.5,125.5,7.0,5.283018867924529,0.25
2021-06-23 21:00:00,2021-06-23,6,0,21,positive_to_positive,127.5,125.75,1.75,1.3725490196078431,0.25
2021-06-24 21:00:00,2021-06-24,6,0,21,positive_to_positive,135.5,131.0,4.5,3.3210332103321036,0.25
2021-06-25 21:00:00,2021-06-25,6,0,21,positive_to_positive,108.75,116.25,7.5,6.896551724137931,0.25
2021-06-28 21:00:00,2021-06-28,6,0,21,zero_to_positive,111.75,117.75,6.0,5.369127516778524,0.5
2021-06-29 21:00:00,2021-06-29,6,0,21,positive_to_positive,134.5,123.75,10.75,7.992565055762081,0.3333333333333333
2021-06-30 21:00:00,2021-06-30,6,0,21,positive_to_positive,109.0,112.75,3.75,3.4403669724770642,0.3333333333333333
2021-06-01 23:00:00,2021-06-01,6,0,23,positive_to_positive,105.75,98.5,7.25,6.8557919621749415,0.3333333333333333
2021-06-02 23:00:00,2021-06-02,6,0,23,positive_to_positive,100.5,96.0,4.5,4.477611940298507,0.3333333333333333
2021-06-03 23:00:00,2021-06-03,6,0,23,positive_to_positive,112.75,104.5,8.25,7.317073170731707,0.3333333333333333
2021-06-07 23:00:00,2021-06-07,6,0,23,positive_to_positive,94.75,98.25,3.5,3.6939313984168867,0.5
2021-06-08 23:00:00,2021-06-08,6,0,23,positive_to_positive,107.0,101.25,5.75,5.373831775700935,0.25
2021-06-09 23:00:00,2021-06-09,6,0,23,positive_to_positive,101.0,94.5,6.5,6.435643564356436,0.3333333333333333
2021-06-10 23:00:00,2021-06-10,6,0,23,positive_to_positive,117.5,104.75,12.75,10.851063829787234,0.3333333333333333
2021-06-11 23:00:00,2021-06-11,6,0,23,positive_to_positive,104.0,99.75,4.25,4.086538461538462,0.25
2021-06-14 23:00:00,2021-06-14,6,0,23,zero_to_positive,111.5,106.75,4.75,4.260089686098654,0.3333333333333333
2021-06-15 23:00:00,2021-06-15,6,0,23,positive_to_positive,114.5,107.75,6.75,5.895196506550218,0.25
2021-06-17 23:00:00,2021-06-17,6,0,23,positive_to_positive,125.0,111.0,14.0,11.200000000000001,0.25
2021-06-18 23:00:00,2021-06-18,6,0,23,positive_to_positive,114.0,106.25,7.75,6.798245614035088,0.25
2021-06-21 23:00:00,2021-06-21,6,0,23,positive_to_positive,114.0,112.25,1.75,1.5350877192982455,0.5
2021-06-22 23:00:00,2021-06-22,6,0,23,positive_to_positive,113.5,113.25,0.25,0.22026431718061676,0.25
2021-06-23 23:00:00,2021-06-23,6,0,23,positive_to_positive,114.0,110.0,4.0,3.508771929824561,0.25
2021-06-24 23:00:00,2021-06-24,6,0,23,zero_to_positive,121.25,114.75,6.5,5.360824742268041,0.25
2021-06-25 23:00:00,2021-06-25,6,0,23,positive_to_positive,123.0,101.75,21.25,17.276422764227643,0.25
2021-06-28 23:00:00,2021-06-28,6,0,23,positive_to_positive,109.0,107.25,1.75,1.6055045871559634,0.5
2021-06-29 23:00:00,2021-06-29,6,0,23,positive_to_positive,112.5,103.5,9.0,8.0,0.3333333333333333
2021-06-05 01:00:00,2021-06-05,6,1,1,positive_to_positive,63.25,104.5,41.25,65.21739130434783,0.1428571428571428
2021-06-12 01:00:00,2021-06-12,6,1,1,zero_to_positive,66.25,106.0,39.75,60.0,0.1666666666666666
2021-06-19 01:00:00,2021-06-19,6,1,1,positive_to_positive,66.75,110.25,43.5,65.1685393258427,0.5
2021-06-26 01:00:00,2021-06-26,6,1,1,zero_to_positive,71.0,115.75,44.75,63.02816901408451,0.5
2021-07-01 01:00:00,2021-07-01,7,0,1,positive_to_positive,68.0,103.75,35.75,52.57352941176471,1.0
2021-07-02 01:00:00,2021-07-02,7,0,1,zero_to_positive,68.25,106.25,38.0,55.67765567765568,1.0
2021-07-06 01:00:00,2021-07-06,7,0,1,positive_to_positive,68.0,103.25,35.25,51.83823529411765,1.0
2021-07-07 01:00:00,2021-07-07,7,0,1,positive_to_positive,75.5,101.5,26.0,34.437086092715234,1.0
2021-07-08 01:00:00,2021-07-08,7,0,1,positive_to_positive,73.25,99.0,25.75,35.153583617747444,1.0
2021-07-09 01:00:00,2021-07-09,7,0,1,zero_to_positive,73.25,102.0,28.75,39.249146757679185,1.0
2021-07-14 01:00:00,2021-07-14,7,0,1,positive_to_positive,72.75,102.0,29.25,40.20618556701031,1.0
2021-07-16 01:00:00,2021-07-16,7,0,1,positive_to_positive,65.25,95.75,30.5,46.74329501915709,1.0
2021-07-20 01:00:00,2021-07-20,7,0,1,positive_to_positive,70.5,100.25,29.75,42.198581560283685,1.0
2021-07-21 01:00:00,2021-07-21,7,0,1,positive_to_positive,77.5,106.5,29.0,37.41935483870968,1.0
2021-07-22 01:00:00,2021-07-22,7,0,1,positive_to_positive,70.5,99.0,28.5,40.42553191489361,1.0
2021-07-23 01:00:00,2021-07-23,7,0,1,positive_to_positive,77.75,104.5,26.75,34.40514469453376,1.0
2021-07-27 01:00:00,2021-07-27,7,0,1,positive_to_positive,68.0,102.25,34.25,50.36764705882353,1.0
2021-07-28 01:00:00,2021-07-28,7,0,1,positive_to_positive,87.5,121.25,33.75,38.57142857142858,0.5
2021-07-29 01:00:00,2021-07-29,7,0,1,zero_to_positive,68.0,110.25,42.25,62.13235294117647,1.0
2021-07-30 01:00:00,2021-07-30,7,0,1,positive_to_positive,87.5,121.25,33.75,38.57142857142858,0.5
2021-07-01 06:00:00,2021-07-01,7,0,6,positive_to_positive,93.0,110.25,17.25,18.548387096774192,1.0
2021-07-02 06:00:00,2021-07-02,7,0,6,positive_to_positive,96.25,111.75,15.5,16.103896103896105,1.0
2021-07-06 06:00:00,2021-07-06,7,0,6,positive_to_positive,97.75,97.5,0.25,0.2557544757033248,1.0
2021-07-07 06:00:00,2021-07-07,7,0,6,positive_to_positive,94.25,102.0,7.75,8.222811671087534,1.0
2021-07-08 06:00:00,2021-07-08,7,0,6,positive_to_positive,96.0,110.0,14.0,14.583333333333334,1.0
2021-07-14 06:00:00,2021-07-14,7,0,6,zero_to_positive,89.25,105.5,16.25,18.207282913165265,1.0
2021-07-16 06:00:00,2021-07-16,7,0,6,positive_to_positive,87.5,106.0,18.5,21.142857142857142,1.0
2021-07-20 06:00:00,2021-07-20,7,0,6,positive_to_positive,90.75,110.0,19.25,21.21212121212121,1.0
2021-07-21 06:00:00,2021-07-21,7,0,6,positive_to_positive,93.5,105.75,12.25,13.101604278074866,1.0
2021-07-22 06:00:00,2021-07-22,7,0,6,zero_to_positive,85.5,105.75,20.25,23.684210526315788,1.0
2021-07-27 06:00:00,2021-07-27,7,0,6,positive_to_positive,88.75,105.25,16.5,18.591549295774648,1.0
2021-07-28 06:00:00,2021-07-28,7,0,6,positive_to_positive,105.0,123.5,18.5,17.61904761904762,0.5
2021-07-29 06:00:00,2021-07-29,7,0,6,positive_to_positive,94.0,116.25,22.25,23.670212765957448,1.0
2021-07-30 06:00:00,2021-07-30,7,0,6,positive_to_positive,105.0,123.5,18.5,17.61904761904762,0.5
2021-07-01 07:00:00,2021-07-01,7,0,7,positive_to_positive,110.25,129.0,18.75,17.006802721088434,1.0
2021-07-02 07:00:00,2021-07-02,7,0,7,positive_to_positive,111.75,132.5,20.75,18.568232662192393,1.0
2021-07-06 07:00:00,2021-07-06,7,0,7,positive_to_positive,97.5,118.75,21.25,21.794871794871796,1.0
2021-07-07 07:00:00,2021-07-07,7,0,7,positive_to_positive,102.0,129.75,27.75,27.205882352941174,1.0
2021-07-08 07:00:00,2021-07-08,7,0,7,positive_to_positive,110.0,132.5,22.5,20.454545454545457,1.0
2021-07-09 07:00:00,2021-07-09,7,0,7,zero_to_positive,113.25,136.75,23.5,20.750551876379692,1.0
2021-07-14 07:00:00,2021-07-14,7,0,7,positive_to_positive,105.5,132.0,26.5,25.118483412322274,1.0
2021-07-16 07:00:00,2021-07-16,7,0,7,positive_to_positive,106.0,135.25,29.25,27.594339622641513,1.0
2021-07-20 07:00:00,2021-07-20,7,0,7,positive_to_positive,110.0,133.25,23.25,21.136363636363637,1.0
2021-07-21 07:00:00,2021-07-21,7,0,7,positive_to_positive,105.75,128.0,22.25,21.04018912529551,1.0
2021-07-22 07:00:00,2021-07-22,7,0,7,positive_to_positive,105.75,121.75,16.0,15.130023640661939,1.0
2021-07-23 07:00:00,2021-07-23,7,0,7,zero_to_positive,103.25,122.25,19.0,18.401937046004843,1.0
2021-07-27 07:00:00,2021-07-27,7,0,7,positive_to_positive,105.25,133.75,28.5,27.078384798099762,1.0
2021-07-28 07:00:00,2021-07-28,7,0,7,positive_to_positive,123.5,156.0,32.5,26.31578947368421,0.5
2021-07-29 07:00:00,2021-07-29,7,0,7,positive_to_positive,116.25,140.5,24.25,20.86021505376344,1.0
2021-07-30 07:00:00,2021-07-30,7,0,7,positive_to_positive,123.5,156.0,32.5,26.31578947368421,0.5
2021-07-01 08:00:00,2021-07-01,7,0,8,positive_to_positive,129.0,181.75,52.75,40.89147286821706,1.0
2021-07-02 08:00:00,2021-07-02,7,0,8,positive_to_positive,132.5,161.0,28.5,21.50943396226415,1.0
2021-07-05 08:00:00,2021-07-05,7,0,8,zero_to_positive,63.0,168.25,105.25,167.06349206349208,1.0
2021-07-06 08:00:00,2021-07-06,7,0,8,positive_to_positive,118.75,179.5,60.75,51.1578947368421,1.0
2021-07-07 08:00:00,2021-07-07,7,0,8,positive_to_positive,129.75,181.0,51.25,39.4990366088632,1.0
2021-07-08 08:00:00,2021-07-08,7,0,8,positive_to_positive,132.5,166.0,33.5,25.28301886792453,1.0
2021-07-09 08:00:00,2021-07-09,7,0,8,positive_to_positive,136.75,173.75,37.0,27.056672760511884,1.0
2021-07-12 08:00:00,2021-07-12,7,0,8,zero_to_positive,65.0,185.5,120.5,185.3846153846154,1.0
2021-07-14 08:00:00,2021-07-14,7,0,8,positive_to_positive,132.0,178.75,46.75,35.41666666666667,1.0
2021-07-16 08:00:00,2021-07-16,7,0,8,positive_to_positive,135.25,186.5,51.25,37.89279112754159,1.0
2021-07-19 08:00:00,2021-07-19,7,0,8,zero_to_positive,64.5,187.75,123.25,191.08527131782947,1.0
2021-07-20 08:00:00,2021-07-20,7,0,8,positive_to_positive,133.25,188.25,55.0,41.275797373358344,1.0
2021-07-21 08:00:00,2021-07-21,7,0,8,positive_to_positive,128.0,193.0,65.0,50.78125,1.0
2021-07-22 08:00:00,2021-07-22,7,0,8,positive_to_positive,121.75,196.5,74.75,61.39630390143738,1.0
2021-07-23 08:00:00,2021-07-23,7,0,8,positive_to_positive,122.25,190.5,68.25,55.828220858895705,1.0
2021-07-26 08:00:00,2021-07-26,7,0,8,zero_to_positive,70.5,197.75,127.25,180.49645390070924,1.0
2021-07-27 08:00:00,2021-07-27,7,0,8,positive_to_positive,133.75,193.75,60.0,44.85981308411215,1.0
2021-07-28 08:00:00,2021-07-28,7,0,8,positive_to_positive,156.0,197.75,41.75,26.76282051282051,0.5
2021-07-29 08:00:00,2021-07-29,7,0,8,positive_to_positive,140.5,192.25,51.75,36.83274021352313,1.0
2021-07-30 08:00:00,2021-07-30,7,0,8,positive_to_positive,156.0,197.75,41.75,26.76282051282051,0.5
2021-07-01 13:00:00,2021-07-01,7,0,13,positive_to_positive,111.25,189.75,78.5,70.56179775280899,1.0
2021-07-02 13:00:00,2021-07-02,7,0,13,zero_to_positive,107.75,169.5,61.75,57.30858468677494,1.0
2021-07-05 13:00:00,2021-07-05,7,0,13,positive_to_positive,104.0,167.5,63.5,61.057692307692314,1.0
2021-07-06 13:00:00,2021-07-06,7,0,13,zero_to_positive,110.25,158.5,48.25,43.76417233560091,1.0
2021-07-07 13:00:00,2021-07-07,7,0,13,zero_to_positive,111.5,172.75,61.25,54.932735426008975,1.0
2021-07-08 13:00:00,2021-07-08,7,0,13,zero_to_positive,119.75,186.0,66.25,55.323590814196244,1.0
2021-07-09 13:00:00,2021-07-09,7,0,13,zero_to_positive,99.5,173.75,74.25,74.62311557788944,1.0
2021-07-12 13:00:00,2021-07-12,7,0,13,positive_to_positive,114.75,166.75,52.0,45.31590413943355,1.0
2021-07-14 13:00:00,2021-07-14,7,0,13,positive_to_positive,99.25,165.75,66.5,67.00251889168766,1.0
2021-07-16 13:00:00,2021-07-16,7,0,13,positive_to_positive,116.25,172.0,55.75,47.956989247311824,1.0
2021-07-19 13:00:00,2021-07-19,7,0,13,zero_to_positive,117.25,178.0,60.75,51.812366737739865,1.0
2021-07-20 13:00:00,2021-07-20,7,0,13,zero_to_positive,121.0,177.75,56.75,46.90082644628099,1.0
2021-07-21 13:00:00,2021-07-21,7,0,13,positive_to_positive,127.5,188.75,61.25,48.03921568627451,1.0
2021-07-22 13:00:00,2021-07-22,7,0,13,positive_to_positive,103.5,170.5,67.0,64.73429951690821,1.0
2021-07-23 13:00:00,2021-07-23,7,0,13,zero_to_positive,113.0,179.75,66.75,59.070796460176986,1.0
2021-07-26 13:00:00,2021-07-26,7,0,13,zero_to_positive,113.0,169.0,56.0,49.557522123893804,1.0
2021-07-27 13:00:00,2021-07-27,7,0,13,positive_to_positive,109.5,181.75,72.25,65.98173515981736,1.0
2021-07-28 13:00:00,2021-07-28,7,0,13,positive_to_positive,120.75,194.25,73.5,60.86956521739131,0.5
2021-07-29 13:00:00,2021-07-29,7,0,13,positive_to_positive,112.0,191.75,79.75,71.20535714285714,1.0
2021-07-30 13:00:00,2021-07-30,7,0,13,zero_to_positive,120.75,194.25,73.5,60.86956521739131,0.5
2021-07-01 22:00:00,2021-07-01,7,0,22,positive_to_positive,139.5,119.25,20.25,14.516129032258066,1.0
2021-07-02 22:00:00,2021-07-02,7,0,22,positive_to_positive,113.75,110.75,3.0,2.6373626373626373,1.0
2021-07-05 22:00:00,2021-07-05,7,0,22,positive_to_positive,116.5,104.25,12.25,10.515021459227468,1.0
2021-07-06 22:00:00,2021-07-06,7,0,22,positive_to_positive,125.75,112.0,13.75,10.934393638170974,1.0
2021-07-07 22:00:00,2021-07-07,7,0,22,positive_to_positive,115.0,104.25,10.75,9.347826086956522,1.0
2021-07-09 22:00:00,2021-07-09,7,0,22,positive_to_positive,103.25,102.0,1.25,1.2106537530266344,1.0
2021-07-12 22:00:00,2021-07-12,7,0,22,positive_to_positive,119.5,115.5,4.0,3.3472803347280333,1.0
2021-07-14 22:00:00,2021-07-14,7,0,22,positive_to_positive,111.5,110.25,1.25,1.1210762331838564,1.0
2021-07-16 22:00:00,2021-07-16,7,0,22,positive_to_positive,113.5,101.75,11.75,10.352422907488986,1.0
2021-07-19 22:00:00,2021-07-19,7,0,22,positive_to_positive,124.0,105.75,18.25,14.717741935483872,1.0
2021-07-20 22:00:00,2021-07-20,7,0,22,positive_to_positive,129.5,112.0,17.5,13.513513513513514,1.0
2021-07-21 22:00:00,2021-07-21,7,0,22,positive_to_positive,117.0,103.5,13.5,11.538461538461538,1.0
2021-07-22 22:00:00,2021-07-22,7,0,22,zero_to_positive,119.75,114.75,5.0,4.175365344467641,1.0
2021-07-23 22:00:00,2021-07-23,7,0,22,positive_to_positive,106.5,100.0,6.5,6.103286384976526,1.0
2021-07-26 22:00:00,2021-07-26,7,0,22,zero_to_positive,109.75,109.5,0.25,0.22779043280182232,1.0
2021-07-27 22:00:00,2021-07-27,7,0,22,positive_to_positive,143.5,129.25,14.25,9.930313588850174,1.0
2021-07-28 22:00:00,2021-07-28,7,0,22,positive_to_positive,109.5,103.0,6.5,5.93607305936073,0.5
2021-07-29 22:00:00,2021-07-29,7,0,22,positive_to_positive,125.75,122.0,3.75,2.982107355864811,1.0
2021-07-03 01:00:00,2021-07-03,7,1,1,positive_to_positive,67.0,103.5,36.5,54.47761194029851,1.0
2021-07-10 01:00:00,2021-07-10,7,1,1,zero_to_positive,65.0,96.5,31.5,48.46153846153846,1.0
2021-07-17 01:00:00,2021-07-17,7,1,1,positive_to_positive,63.5,100.5,37.0,58.26771653543307,1.0
2021-07-24 01:00:00,2021-07-24,7,1,1,zero_to_positive,68.25,96.25,28.0,41.02564102564102,1.0
2021-08-10 01:00:00,2021-08-10,8,0,1,zero_to_positive,68.25,99.0,30.75,45.05494505494506,1.0
2021-08-11 01:00:00,2021-08-11,8,0,1,zero_to_positive,76.5,99.0,22.5,29.411764705882355,1.0
2021-08-12 01:00:00,2021-08-12,8,0,1,zero_to_positive,75.75,104.75,29.0,38.28382838283829,1.0
2021-08-13 01:00:00,2021-08-13,8,0,1,positive_to_positive,71.75,99.5,27.75,38.67595818815331,1.0
2021-08-17 01:00:00,2021-08-17,8,0,1,positive_to_positive,69.5,96.25,26.75,38.489208633093526,1.0
2021-08-18 01:00:00,2021-08-18,8,0,1,positive_to_positive,65.0,95.25,30.25,46.53846153846154,1.0
2021-08-19 01:00:00,2021-08-19,8,0,1,positive_to_positive,70.75,102.25,31.5,44.522968197879855,1.0
2021-08-20 01:00:00,2021-08-20,8,0,1,positive_to_positive,73.0,100.75,27.75,38.013698630136986,1.0
2021-08-24 01:00:00,2021-08-24,8,0,1,zero_to_positive,65.0,104.75,39.75,61.15384615384616,1.0
2021-08-25 01:00:00,2021-08-25,8,0,1,zero_to_positive,76.75,104.25,27.5,35.83061889250814,1.0
2021-08-26 01:00:00,2021-08-26,8,0,1,positive_to_positive,71.5,103.25,31.75,44.40559440559441,1.0
2021-08-27 01:00:00,2021-08-27,8,0,1,zero_to_positive,71.5,102.25,30.75,43.00699300699301,1.0
2021-08-31 01:00:00,2021-08-31,8,0,1,positive_to_positive,72.75,106.25,33.5,46.04810996563574,1.0
2021-08-09 07:00:00,2021-08-09,8,0,7,zero_to_positive,20.0,69.75,49.75,248.74999999999997,1.0
2021-08-10 07:00:00,2021-08-10,8,0,7,positive_to_positive,99.75,127.75,28.0,28.07017543859649,1.0
2021-08-11 07:00:00,2021-08-11,8,0,7,positive_to_positive,121.5,132.25,10.75,8.847736625514404,1.0
2021-08-12 07:00:00,2021-08-12,8,0,7,positive_to_positive,114.25,129.75,15.5,13.566739606126916,1.0
2021-08-13 07:00:00,2021-08-13,8,0,7,positive_to_positive,110.25,135.75,25.5,23.12925170068027,1.0
2021-08-16 07:00:00,2021-08-16,8,0,7,zero_to_positive,23.0,59.75,36.75,159.7826086956522,1.0
2021-08-17 07:00:00,2021-08-17,8,0,7,positive_to_positive,93.5,124.5,31.0,33.155080213903744,1.0
2021-08-18 07:00:00,2021-08-18,8,0,7,positive_to_positive,100.75,124.5,23.75,23.573200992555833,1.0
2021-08-19 07:00:00,2021-08-19,8,0,7,positive_to_positive,109.0,123.0,14.0,12.844036697247708,1.0
2021-08-20 07:00:00,2021-08-20,8,0,7,positive_to_positive,110.5,127.0,16.5,14.93212669683258,1.0
2021-08-24 07:00:00,2021-08-24,8,0,7,positive_to_positive,109.0,131.0,22.0,20.18348623853211,1.0
2021-08-25 07:00:00,2021-08-25,8,0,7,positive_to_positive,104.0,138.75,34.75,33.41346153846153,1.0
2021-08-26 07:00:00,2021-08-26,8,0,7,positive_to_positive,104.5,133.75,29.25,27.990430622009573,1.0
2021-08-27 07:00:00,2021-08-27,8,0,7,positive_to_positive,100.5,124.75,24.25,24.129353233830848,1.0
2021-08-31 07:00:00,2021-08-31,8,0,7,positive_to_positive,112.75,123.25,10.5,9.312638580931264,1.0
2021-08-09 08:00:00,2021-08-09,8,0,8,positive_to_positive,69.75,193.0,123.25,176.70250896057348,1.0
2021-08-10 08:00:00,2021-08-10,8,0,8,positive_to_positive,127.75,183.0,55.25,43.24853228962818,1.0
2021-08-11 08:00:00,2021-08-11,8,0,8,positive_to_positive,132.25,203.0,70.75,53.497164461247635,1.0
2021-08-12 08:00:00,2021-08-12,8,0,8,positive_to_positive,129.75,187.0,57.25,44.1233140655106,1.0
2021-08-13 08:00:00,2021-08-13,8,0,8,positive_to_positive,135.75,195.75,60.0,44.19889502762431,1.0
2021-08-16 08:00:00,2021-08-16,8,0,8,positive_to_positive,59.75,174.25,114.5,191.63179916317992,1.0
2021-08-17 08:00:00,2021-08-17,8,0,8,positive_to_positive,124.5,164.25,39.75,31.92771084337349,1.0
2021-08-18 08:00:00,2021-08-18,8,0,8,positive_to_positive,124.5,163.25,38.75,31.12449799196787,1.0
2021-08-19 08:00:00,2021-08-19,8,0,8,positive_to_positive,123.0,173.75,50.75,41.260162601626014,1.0
2021-08-20 08:00:00,2021-08-20,8,0,8,positive_to_positive,127.0,170.75,43.75,34.44881889763779,1.0
2021-08-23 08:00:00,2021-08-23,8,0,8,zero_to_positive,57.5,167.0,109.5,190.43478260869566,1.0
2021-08-24 08:00:00,2021-08-24,8,0,8,positive_to_positive,131.0,186.5,55.5,42.36641221374045,1.0
2021-08-25 08:00:00,2021-08-25,8,0,8,positive_to_positive,138.75,173.5,34.75,25.045045045045043,1.0
2021-08-26 08:00:00,2021-08-26,8,0,8,positive_to_positive,133.75,182.75,49.0,36.63551401869159,1.0
2021-08-27 08:00:00,2021-08-27,8,0,8,positive_to_positive,124.75,181.0,56.25,45.09018036072144,1.0
2021-08-30 08:00:00,2021-08-30,8,0,8,zero_to_positive,51.5,167.0,115.5,224.27184466019418,1.0
2021-08-31 08:00:00,2021-08-31,8,0,8,positive_to_positive,123.25,167.0,43.75,35.496957403651116,1.0
2021-08-09 13:00:00,2021-08-09,8,0,13,positive_to_positive,129.25,182.0,52.75,40.81237911025145,1.0
2021-08-10 13:00:00,2021-08-10,8,0,13,zero_to_positive,107.25,181.25,74.0,68.997668997669,1.0
2021-08-11 13:00:00,2021-08-11,8,0,13,positive_to_positive,113.25,182.5,69.25,61.147902869757175,1.0
2021-08-12 13:00:00,2021-08-12,8,0,13,positive_to_positive,119.5,170.0,50.5,42.25941422594142,1.0
2021-08-13 13:00:00,2021-08-13,8,0,13,positive_to_positive,110.5,183.25,72.75,65.83710407239819,1.0
2021-08-16 13:00:00,2021-08-16,8,0,13,zero_to_positive,96.5,152.5,56.0,58.03108808290155,1.0
2021-08-17 13:00:00,2021-08-17,8,0,13,zero_to_positive,110.25,162.0,51.75,46.93877551020408,1.0
2021-08-18 13:00:00,2021-08-18,8,0,13,positive_to_positive,101.75,171.25,69.5,68.3046683046683,1.0
2021-08-19 13:00:00,2021-08-19,8,0,13,positive_to_positive,104.75,167.75,63.0,60.14319809069213,1.0
2021-08-20 13:00:00,2021-08-20,8,0,13,positive_to_positive,110.75,177.25,66.5,60.0451467268623,1.0
2021-08-23 13:00:00,2021-08-23,8,0,13,positive_to_positive,115.5,183.5,68.0,58.87445887445888,1.0
2021-08-24 13:00:00,2021-08-24,8,0,13,positive_to_positive,114.75,174.0,59.25,51.633986928104584,1.0
2021-08-25 13:00:00,2021-08-25,8,0,13,positive_to_positive,109.75,173.75,64.0,58.31435079726651,1.0
2021-08-26 13:00:00,2021-08-26,8,0,13,positive_to_positive,110.5,183.25,72.75,65.83710407239819,1.0
2021-08-27 13:00:00,2021-08-27,8,0,13,positive_to_positive,106.25,172.75,66.5,62.588235294117645,1.0
2021-08-30 13:00:00,2021-08-30,8,0,13,positive_to_positive,114.25,171.5,57.25,50.10940919037199,1.0
2021-08-31 13:00:00,2021-08-31,8,0,13,positive_to_positive,112.0,173.75,61.75,55.13392857142857,1.0
2021-08-09 21:00:00,2021-08-09,8,0,21,positive_to_positive,108.75,115.25,6.5,5.977011494252873,1.0
2021-08-10 21:00:00,2021-08-10,8,0,21,positive_to_positive,129.0,122.5,6.5,5.038759689922481,1.0
2021-08-11 21:00:00,2021-08-11,8,0,21,positive_to_positive,124.75,108.25,16.5,13.226452905811623,1.0
2021-08-13 21:00:00,2021-08-13,8,0,21,zero_to_positive,116.5,112.75,3.75,3.2188841201716736,1.0
2021-08-16 21:00:00,2021-08-16,8,0,21,positive_to_positive,98.25,111.75,13.5,13.740458015267176,1.0
2021-08-17 21:00:00,2021-08-17,8,0,21,positive_to_positive,120.0,117.75,2.25,1.875,1.0
2021-08-18 21:00:00,2021-08-18,8,0,21,positive_to_positive,119.5,114.5,5.0,4.184100418410042,1.0
2021-08-19 21:00:00,2021-08-19,8,0,21,positive_to_positive,128.25,121.25,7.0,5.458089668615984,1.0
2021-08-20 21:00:00,2021-08-20,8,0,21,positive_to_positive,114.0,118.25,4.25,3.7280701754385963,1.0
2021-08-23 21:00:00,2021-08-23,8,0,21,positive_to_positive,112.0,111.0,1.0,0.8928571428571428,1.0
2021-08-24 21:00:00,2021-08-24,8,0,21,zero_to_positive,121.0,121.25,0.25,0.2066115702479339,1.0
2021-08-25 21:00:00,2021-08-25,8,0,21,positive_to_positive,111.0,121.25,10.25,9.234234234234235,1.0
2021-08-26 21:00:00,2021-08-26,8,0,21,positive_to_positive,116.0,124.5,8.5,7.327586206896551,1.0
2021-08-27 21:00:00,2021-08-27,8,0,21,positive_to_positive,108.0,106.75,1.25,1.1574074074074074,1.0
2021-08-30 21:00:00,2021-08-30,8,0,21,positive_to_positive,127.5,129.0,1.5,1.1764705882352942,1.0
2021-08-31 21:00:00,2021-08-31,8,0,21,positive_to_positive,147.25,130.5,16.75,11.37521222410866,1.0
