method,budget,excluded_unit,excluded,remaining_start_events,delta_pre_start_capture
lag1,2,start_date,2021-07-01,74,-32
lag1,2,start_date,2021-07-02,73,-33
lag1,2,start_date,2021-07-05,73,-32
lag1,2,start_date,2021-07-06,73,-31
lag1,2,start_date,2021-07-07,74,-32
lag1,2,start_date,2021-07-08,74,-31
lag1,2,start_date,2021-07-09,74,-31
lag1,2,start_date,2021-07-12,74,-32
lag1,2,start_date,2021-07-19,74,-31
lag1,2,start_date,2021-07-21,74,-31
lag1,2,start_date,2021-07-23,74,-31
lag1,2,start_date,2021-07-26,73,-32
lag1,2,start_date,2021-07-27,74,-31
lag1,2,start_date,2021-07-28,73,-32
lag1,2,start_date,2021-07-29,74,-31
lag1,2,start_date,2021-07-30,73,-32
lag1,2,start_date,2021-08-09,74,-33
lag1,2,start_date,2021-08-10,73,-33
lag1,2,start_date,2021-08-11,72,-33
lag1,2,start_date,2021-08-12,73,-32
lag1,2,start_date,2021-08-13,74,-33
lag1,2,start_date,2021-08-16,75,-32
lag1,2,start_date,2021-08-18,74,-32
lag1,2,start_date,2021-08-19,73,-32
lag1,2,start_date,2021-08-20,74,-32
lag1,2,start_date,2021-08-23,74,-33
lag1,2,start_date,2021-08-24,73,-32
lag1,2,start_date,2021-08-25,73,-33
lag1,2,start_date,2021-08-26,74,-31
lag1,2,start_date,2021-08-27,74,-31
lag1,2,start_date,2021-08-30,74,-34
lag1,2,start_date,2021-08-31,74,-32
lag1,2,start_week,2021-06-28/2021-07-04,71,-32
lag1,2,start_week,2021-07-05/2021-07-11,64,-25
lag1,2,start_week,2021-07-12/2021-07-18,74,-32
lag1,2,start_week,2021-07-19/2021-07-25,70,-27
lag1,2,start_week,2021-07-26/2021-08-01,63,-26
lag1,2,start_week,2021-08-09/2021-08-15,62,-32
lag1,2,start_week,2021-08-16/2021-08-22,68,-29
lag1,2,start_week,2021-08-23/2021-08-29,64,-28
lag1,2,start_week,2021-08-30/2021-09-05,72,-33
hgb_lag1_high_blend05,2,start_date,2021-07-01,74,-1
hgb_lag1_high_blend05,2,start_date,2021-07-02,73,-1
hgb_lag1_high_blend05,2,start_date,2021-07-05,73,-1
hgb_lag1_high_blend05,2,start_date,2021-07-06,73,-1
hgb_lag1_high_blend05,2,start_date,2021-07-07,74,-1
hgb_lag1_high_blend05,2,start_date,2021-07-08,74,-1
hgb_lag1_high_blend05,2,start_date,2021-07-09,74,-1
hgb_lag1_high_blend05,2,start_date,2021-07-12,74,-1
hgb_lag1_high_blend05,2,start_date,2021-07-19,74,-1
hgb_lag1_high_blend05,2,start_date,2021-07-21,74,-1
hgb_lag1_high_blend05,2,start_date,2021-07-23,74,-1
hgb_lag1_high_blend05,2,start_date,2021-07-26,73,-1
hgb_lag1_high_blend05,2,start_date,2021-07-27,74,0
hgb_lag1_high_blend05,2,start_date,2021-07-28,73,-1
hgb_lag1_high_blend05,2,start_date,2021-07-29,74,-1
hgb_lag1_high_blend05,2,start_date,2021-07-30,73,-1
hgb_lag1_high_blend05,2,start_date,2021-08-09,74,-1
hgb_lag1_high_blend05,2,start_date,2021-08-10,73,-1
hgb_lag1_high_blend05,2,start_date,2021-08-11,72,-1
hgb_lag1_high_blend05,2,start_date,2021-08-12,73,-1
hgb_lag1_high_blend05,2,start_date,2021-08-13,74,-1
hgb_lag1_high_blend05,2,start_date,2021-08-16,75,-1
hgb_lag1_high_blend05,2,start_date,2021-08-18,74,-1
hgb_lag1_high_blend05,2,start_date,2021-08-19,73,-1
hgb_lag1_high_blend05,2,start_date,2021-08-20,74,-1
hgb_lag1_high_blend05,2,start_date,2021-08-23,74,-1
hgb_lag1_high_blend05,2,start_date,2021-08-24,73,-1
hgb_lag1_high_blend05,2,start_date,2021-08-25,73,-1
hgb_lag1_high_blend05,2,start_date,2021-08-26,74,-1
hgb_lag1_high_blend05,2,start_date,2021-08-27,74,-1
hgb_lag1_high_blend05,2,start_date,2021-08-30,74,-1
hgb_lag1_high_blend05,2,start_date,2021-08-31,74,-1
hgb_lag1_high_blend05,2,start_week,2021-06-28/2021-07-04,71,-1
hgb_lag1_high_blend05,2,start_week,2021-07-05/2021-07-11,64,-1
hgb_lag1_high_blend05,2,start_week,2021-07-12/2021-07-18,74,-1
hgb_lag1_high_blend05,2,start_week,2021-07-19/2021-07-25,70,-1
hgb_lag1_high_blend05,2,start_week,2021-07-26/2021-08-01,63,0
hgb_lag1_high_blend05,2,start_week,2021-08-09/2021-08-15,62,-1
hgb_lag1_high_blend05,2,start_week,2021-08-16/2021-08-22,68,-1
hgb_lag1_high_blend05,2,start_week,2021-08-23/2021-08-29,64,-1
hgb_lag1_high_blend05,2,start_week,2021-08-30/2021-09-05,72,-1
hgb_q75_calendar,2,start_date,2021-07-01,74,6
hgb_q75_calendar,2,start_date,2021-07-02,73,6
hgb_q75_calendar,2,start_date,2021-07-05,73,7
hgb_q75_calendar,2,start_date,2021-07-06,73,8
hgb_q75_calendar,2,start_date,2021-07-07,74,6
hgb_q75_calendar,2,start_date,2021-07-08,74,7
hgb_q75_calendar,2,start_date,2021-07-09,74,7
hgb_q75_calendar,2,start_date,2021-07-12,74,7
hgb_q75_calendar,2,start_date,2021-07-19,74,7
hgb_q75_calendar,2,start_date,2021-07-21,74,7
hgb_q75_calendar,2,start_date,2021-07-23,74,7
hgb_q75_calendar,2,start_date,2021-07-26,73,7
hgb_q75_calendar,2,start_date,2021-07-27,74,7
hgb_q75_calendar,2,start_date,2021-07-28,73,7
hgb_q75_calendar,2,start_date,2021-07-29,74,7
hgb_q75_calendar,2,start_date,2021-07-30,73,7
hgb_q75_calendar,2,start_date,2021-08-09,74,7
hgb_q75_calendar,2,start_date,2021-08-10,73,7
hgb_q75_calendar,2,start_date,2021-08-11,72,5
hgb_q75_calendar,2,start_date,2021-08-12,73,7
hgb_q75_calendar,2,start_date,2021-08-13,74,6
hgb_q75_calendar,2,start_date,2021-08-16,75,7
hgb_q75_calendar,2,start_date,2021-08-18,74,8
hgb_q75_calendar,2,start_date,2021-08-19,73,6
hgb_q75_calendar,2,start_date,2021-08-20,74,8
hgb_q75_calendar,2,start_date,2021-08-23,74,6
hgb_q75_calendar,2,start_date,2021-08-24,73,7
hgb_q75_calendar,2,start_date,2021-08-25,73,6
hgb_q75_calendar,2,start_date,2021-08-26,74,7
hgb_q75_calendar,2,start_date,2021-08-27,74,7
hgb_q75_calendar,2,start_date,2021-08-30,74,6
hgb_q75_calendar,2,start_date,2021-08-31,74,7
hgb_q75_calendar,2,start_week,2021-06-28/2021-07-04,71,5
hgb_q75_calendar,2,start_week,2021-07-05/2021-07-11,64,7
hgb_q75_calendar,2,start_week,2021-07-12/2021-07-18,74,7
hgb_q75_calendar,2,start_week,2021-07-19/2021-07-25,70,7
hgb_q75_calendar,2,start_week,2021-07-26/2021-08-01,63,7
hgb_q75_calendar,2,start_week,2021-08-09/2021-08-15,62,4
hgb_q75_calendar,2,start_week,2021-08-16/2021-08-22,68,8
hgb_q75_calendar,2,start_week,2021-08-23/2021-08-29,64,5
hgb_q75_calendar,2,start_week,2021-08-30/2021-09-05,72,6
