phase,period,method,budget,events,start_identifiable_events,start_evaluable_events,start_available_rate,events_any_prediction,events_any_capture,any_capture_rate_evaluable,complete_miss_confirmed,partial_miss_unresolved,active_before_start_update,start_new_notifications,start_continued_warnings,right_unknown_events,pre_start_capture,late_capture,missed_observed,start_unavailable,start_unknown,pre_start_rate_evaluable,pre_start_rate_service,late_delay_mean_records,late_delay_max_records
development,pooled,hgb_calendar,1,46,46,46,1.0,46,23,0.5,23,0,1,20,1,0,21,2,23,0,0,0.45652173913043476,0.45652173913043476,1.0,1.0
development,5,hgb_calendar,1,9,9,9,1.0,9,3,0.3333333333333333,6,0,0,3,0,0,3,0,6,0,0,0.3333333333333333,0.3333333333333333,,
development,6,hgb_calendar,1,37,37,37,1.0,37,20,0.5405405405405406,17,0,1,17,1,0,18,2,17,0,0,0.4864864864864865,0.4864864864864865,1.0,1.0
review,pooled,hgb_calendar,1,85,85,76,0.8941176470588236,76,38,0.5,38,0,6,24,3,0,27,11,38,9,0,0.35526315789473684,0.3176470588235294,1.1818181818181819,2.0
review,7,hgb_calendar,1,47,47,38,0.8085106382978723,38,27,0.7105263157894737,11,0,2,20,2,0,22,5,11,9,0,0.5789473684210527,0.46808510638297873,1.0,1.0
review,8,hgb_calendar,1,38,38,38,1.0,38,11,0.2894736842105263,27,0,4,4,1,0,5,6,27,0,0,0.13157894736842105,0.13157894736842105,1.3333333333333333,2.0
development,pooled,hgb_calendar,2,46,46,46,1.0,46,38,0.8260869565217391,8,0,9,28,9,0,37,1,8,0,0,0.8043478260869565,0.8043478260869565,1.0,1.0
development,5,hgb_calendar,2,9,9,9,1.0,9,5,0.5555555555555556,4,0,0,5,0,0,5,0,4,0,0,0.5555555555555556,0.5555555555555556,,
development,6,hgb_calendar,2,37,37,37,1.0,37,33,0.8918918918918919,4,0,9,23,9,0,32,1,4,0,0,0.8648648648648649,0.8648648648648649,1.0,1.0
review,pooled,hgb_calendar,2,85,85,76,0.8941176470588236,76,52,0.6842105263157895,24,0,18,34,13,0,47,5,24,9,0,0.618421052631579,0.5529411764705883,1.0,1.0
review,7,hgb_calendar,2,47,47,38,0.8085106382978723,38,32,0.8421052631578947,6,0,7,24,5,0,29,3,6,9,0,0.7631578947368421,0.6170212765957447,1.0,1.0
review,8,hgb_calendar,2,38,38,38,1.0,38,20,0.5263157894736842,18,0,11,10,8,0,18,2,18,0,0,0.47368421052631576,0.47368421052631576,1.0,1.0
development,pooled,hgb_calendar,4,46,46,46,1.0,46,45,0.9782608695652174,1,0,14,31,14,0,45,0,1,0,0,0.9782608695652174,0.9782608695652174,,
development,5,hgb_calendar,4,9,9,9,1.0,9,8,0.8888888888888888,1,0,1,7,1,0,8,0,1,0,0,0.8888888888888888,0.8888888888888888,,
development,6,hgb_calendar,4,37,37,37,1.0,37,37,1.0,0,0,13,24,13,0,37,0,0,0,0,1.0,1.0,,
review,pooled,hgb_calendar,4,85,85,76,0.8941176470588236,76,71,0.9342105263157895,5,0,28,41,25,0,66,5,5,9,0,0.868421052631579,0.7764705882352941,1.0,1.0
review,7,hgb_calendar,4,47,47,38,0.8085106382978723,38,38,1.0,0,0,11,27,9,0,36,2,0,9,0,0.9473684210526315,0.7659574468085106,1.0,1.0
review,8,hgb_calendar,4,38,38,38,1.0,38,33,0.868421052631579,5,0,17,14,16,0,30,3,5,0,0,0.7894736842105263,0.7894736842105263,1.0,1.0
development,pooled,lag1,1,46,46,46,1.0,46,18,0.391304347826087,28,0,9,0,0,0,0,18,28,0,0,0.0,0.0,1.0,1.0
development,5,lag1,1,9,9,9,1.0,9,2,0.2222222222222222,7,0,0,0,0,0,0,2,7,0,0,0.0,0.0,1.0,1.0
development,6,lag1,1,37,37,37,1.0,37,16,0.43243243243243246,21,0,9,0,0,0,0,16,21,0,0,0.0,0.0,1.0,1.0
review,pooled,lag1,1,85,85,76,0.8941176470588236,76,48,0.631578947368421,28,0,24,0,0,0,0,48,28,9,0,0.0,0.0,1.0,1.0
review,7,lag1,1,47,47,38,0.8085106382978723,38,28,0.7368421052631579,10,0,13,0,0,0,0,28,10,9,0,0.0,0.0,1.0,1.0
review,8,lag1,1,38,38,38,1.0,38,20,0.5263157894736842,18,0,11,0,0,0,0,20,18,0,0,0.0,0.0,1.0,1.0
development,pooled,lag1,2,46,46,46,1.0,46,24,0.5217391304347826,22,0,19,3,4,0,7,17,22,0,0,0.15217391304347827,0.15217391304347827,1.0,1.0
development,5,lag1,2,9,9,9,1.0,9,3,0.3333333333333333,6,0,2,0,1,0,1,2,6,0,0,0.1111111111111111,0.1111111111111111,1.0,1.0
development,6,lag1,2,37,37,37,1.0,37,21,0.5675675675675675,16,0,17,3,3,0,6,15,16,0,0,0.16216216216216217,0.16216216216216217,1.0,1.0
review,pooled,lag1,2,85,85,76,0.8941176470588236,76,59,0.7763157894736842,17,0,32,7,7,0,14,45,17,9,0,0.18421052631578946,0.16470588235294117,1.0,1.0
review,7,lag1,2,47,47,38,0.8085106382978723,38,31,0.8157894736842105,7,0,16,3,3,0,6,25,7,9,0,0.15789473684210525,0.1276595744680851,1.0,1.0
review,8,lag1,2,38,38,38,1.0,38,28,0.7368421052631579,10,0,16,4,4,0,8,20,10,0,0,0.21052631578947367,0.21052631578947367,1.0,1.0
development,pooled,lag1,4,46,46,46,1.0,46,31,0.6739130434782609,15,0,25,3,11,0,14,17,15,0,0,0.30434782608695654,0.30434782608695654,1.0,1.0
development,5,lag1,4,9,9,9,1.0,9,3,0.3333333333333333,6,0,3,0,1,0,1,2,6,0,0,0.1111111111111111,0.1111111111111111,1.0,1.0
development,6,lag1,4,37,37,37,1.0,37,28,0.7567567567567568,9,0,22,3,10,0,13,15,9,0,0,0.35135135135135137,0.35135135135135137,1.0,1.0
review,pooled,lag1,4,85,85,76,0.8941176470588236,76,71,0.9342105263157895,5,0,36,15,17,0,32,39,5,9,0,0.42105263157894735,0.3764705882352941,1.0,1.0
review,7,lag1,4,47,47,38,0.8085106382978723,38,36,0.9473684210526315,2,0,18,7,7,0,14,22,2,9,0,0.3684210526315789,0.2978723404255319,1.0,1.0
review,8,lag1,4,38,38,38,1.0,38,35,0.9210526315789473,3,0,18,8,10,0,18,17,3,0,0,0.47368421052631576,0.47368421052631576,1.0,1.0
development,pooled,hgb_lag1_high_blend05,1,46,46,46,1.0,46,22,0.4782608695652174,24,0,3,17,2,0,19,3,24,0,0,0.41304347826086957,0.41304347826086957,1.0,1.0
development,5,hgb_lag1_high_blend05,1,9,9,9,1.0,9,3,0.3333333333333333,6,0,0,3,0,0,3,0,6,0,0,0.3333333333333333,0.3333333333333333,,
development,6,hgb_lag1_high_blend05,1,37,37,37,1.0,37,19,0.5135135135135135,18,0,3,14,2,0,16,3,18,0,0,0.43243243243243246,0.43243243243243246,1.0,1.0
review,pooled,hgb_lag1_high_blend05,1,85,85,76,0.8941176470588236,76,44,0.5789473684210527,32,0,6,21,3,0,24,20,32,9,0,0.3157894736842105,0.2823529411764706,1.15,2.0
review,7,hgb_lag1_high_blend05,1,47,47,38,0.8085106382978723,38,27,0.7105263157894737,11,0,2,18,2,0,20,7,11,9,0,0.5263157894736842,0.425531914893617,1.0,1.0
review,8,hgb_lag1_high_blend05,1,38,38,38,1.0,38,17,0.4473684210526316,21,0,4,3,1,0,4,13,21,0,0,0.10526315789473684,0.10526315789473684,1.2307692307692308,2.0
development,pooled,hgb_lag1_high_blend05,2,46,46,46,1.0,46,38,0.8260869565217391,8,0,9,28,9,0,37,1,8,0,0,0.8043478260869565,0.8043478260869565,1.0,1.0
development,5,hgb_lag1_high_blend05,2,9,9,9,1.0,9,5,0.5555555555555556,4,0,0,5,0,0,5,0,4,0,0,0.5555555555555556,0.5555555555555556,,
development,6,hgb_lag1_high_blend05,2,37,37,37,1.0,37,33,0.8918918918918919,4,0,9,23,9,0,32,1,4,0,0,0.8648648648648649,0.8648648648648649,1.0,1.0
review,pooled,hgb_lag1_high_blend05,2,85,85,76,0.8941176470588236,76,63,0.8289473684210527,13,0,21,31,15,0,46,17,13,9,0,0.6052631578947368,0.5411764705882353,1.0,1.0
review,7,hgb_lag1_high_blend05,2,47,47,38,0.8085106382978723,38,34,0.8947368421052632,4,0,10,21,7,0,28,6,4,9,0,0.7368421052631579,0.5957446808510638,1.0,1.0
review,8,hgb_lag1_high_blend05,2,38,38,38,1.0,38,29,0.7631578947368421,9,0,11,10,8,0,18,11,9,0,0,0.47368421052631576,0.47368421052631576,1.0,1.0
development,pooled,hgb_lag1_high_blend05,4,46,46,46,1.0,46,45,0.9782608695652174,1,0,14,31,14,0,45,0,1,0,0,0.9782608695652174,0.9782608695652174,,
development,5,hgb_lag1_high_blend05,4,9,9,9,1.0,9,8,0.8888888888888888,1,0,1,7,1,0,8,0,1,0,0,0.8888888888888888,0.8888888888888888,,
development,6,hgb_lag1_high_blend05,4,37,37,37,1.0,37,37,1.0,0,0,13,24,13,0,37,0,0,0,0,1.0,1.0,,
review,pooled,hgb_lag1_high_blend05,4,85,85,76,0.8941176470588236,76,72,0.9473684210526315,4,0,36,33,32,0,65,7,4,9,0,0.8552631578947368,0.7647058823529411,1.0,1.0
review,7,hgb_lag1_high_blend05,4,47,47,38,0.8085106382978723,38,37,0.9736842105263158,1,0,17,20,15,0,35,2,1,9,0,0.9210526315789473,0.7446808510638298,1.0,1.0
review,8,hgb_lag1_high_blend05,4,38,38,38,1.0,38,35,0.9210526315789473,3,0,19,13,17,0,30,5,3,0,0,0.7894736842105263,0.7894736842105263,1.0,1.0
development,pooled,hgb_q75_calendar,1,46,46,46,1.0,46,24,0.5217391304347826,22,0,4,20,3,0,23,1,22,0,0,0.5,0.5,1.0,1.0
development,5,hgb_q75_calendar,1,9,9,9,1.0,9,4,0.4444444444444444,5,0,0,3,0,0,3,1,5,0,0,0.3333333333333333,0.3333333333333333,1.0,1.0
development,6,hgb_q75_calendar,1,37,37,37,1.0,37,20,0.5405405405405406,17,0,4,17,3,0,20,0,17,0,0,0.5405405405405406,0.5405405405405406,,
review,pooled,hgb_q75_calendar,1,85,85,76,0.8941176470588236,76,41,0.5394736842105263,35,0,12,31,3,0,34,7,35,9,0,0.4473684210526316,0.4,1.0,1.0
review,7,hgb_q75_calendar,1,47,47,38,0.8085106382978723,38,28,0.7368421052631579,10,0,5,23,0,0,23,5,10,9,0,0.6052631578947368,0.48936170212765956,1.0,1.0
review,8,hgb_q75_calendar,1,38,38,38,1.0,38,13,0.34210526315789475,25,0,7,8,3,0,11,2,25,0,0,0.2894736842105263,0.2894736842105263,1.0,1.0
development,pooled,hgb_q75_calendar,2,46,46,46,1.0,46,37,0.8043478260869565,9,0,10,26,10,0,36,1,9,0,0,0.782608695652174,0.782608695652174,1.0,1.0
development,5,hgb_q75_calendar,2,9,9,9,1.0,9,5,0.5555555555555556,4,0,1,4,1,0,5,0,4,0,0,0.5555555555555556,0.5555555555555556,,
development,6,hgb_q75_calendar,2,37,37,37,1.0,37,32,0.8648648648648649,5,0,9,22,9,0,31,1,5,0,0,0.8378378378378378,0.8378378378378378,1.0,1.0
review,pooled,hgb_q75_calendar,2,85,85,76,0.8941176470588236,76,62,0.8157894736842105,14,0,22,39,15,0,54,8,14,9,0,0.7105263157894737,0.6352941176470588,1.25,2.0
review,7,hgb_q75_calendar,2,47,47,38,0.8085106382978723,38,33,0.868421052631579,5,0,9,25,6,0,31,2,5,9,0,0.8157894736842105,0.6595744680851063,1.0,1.0
review,8,hgb_q75_calendar,2,38,38,38,1.0,38,29,0.7631578947368421,9,0,13,14,9,0,23,6,9,0,0,0.6052631578947368,0.6052631578947368,1.3333333333333333,2.0
development,pooled,hgb_q75_calendar,4,46,46,46,1.0,46,43,0.9347826086956522,3,0,14,30,13,0,43,0,3,0,0,0.9347826086956522,0.9347826086956522,,
development,5,hgb_q75_calendar,4,9,9,9,1.0,9,7,0.7777777777777778,2,0,1,6,1,0,7,0,2,0,0,0.7777777777777778,0.7777777777777778,,
development,6,hgb_q75_calendar,4,37,37,37,1.0,37,36,0.972972972972973,1,0,13,24,12,0,36,0,1,0,0,0.972972972972973,0.972972972972973,,
review,pooled,hgb_q75_calendar,4,85,85,76,0.8941176470588236,76,74,0.9736842105263158,2,0,29,41,26,0,67,7,2,9,0,0.881578947368421,0.788235294117647,1.0,1.0
review,7,hgb_q75_calendar,4,47,47,38,0.8085106382978723,38,38,1.0,0,0,12,26,10,0,36,2,0,9,0,0.9473684210526315,0.7659574468085106,1.0,1.0
review,8,hgb_q75_calendar,4,38,38,38,1.0,38,36,0.9473684210526315,2,0,17,15,16,0,31,5,2,0,0,0.8157894736842105,0.8157894736842105,1.0,1.0
