hour,target,method,n,mae,rmse,bias,under_rate,mean_shortfall
0,mean,hgb_calendar,56,7.08905791387741,9.82325098016366,-0.7678409521721294,0.5357142857142857,3.9284494330247695
0,mean,hgb_power,56,5.0720398346786055,8.111987609177186,1.2064683254641817,0.4642857142857143,1.9327857546072118
0,mean,lag1,56,19.892857142857142,26.510105889749184,19.571428571428573,0.08928571428571429,0.16071428571428573
0,mean,lag168,56,12.535714285714286,22.992234713982395,-0.07142857142857142,0.5,6.303571428571429
0,mean,lag24,56,15.535714285714286,25.165878259489148,1.2857142857142858,0.39285714285714285,7.125
0,mean,ridge_calendar,56,9.593883724250592,13.246777945321911,8.757021583657128,0.07142857142857142,0.41843107029673227
0,mean,ridge_power,56,8.692002322260892,12.9038053418342,7.55843766028551,0.17857142857142858,0.5667823309876913
0,peak,hgb_calendar,56,7.196345479332149,10.577639361111077,-1.56738647548957,0.5535714285714286,4.381865977410859
0,peak,hgb_power,56,6.907475433261084,10.319930789793865,2.0084132992585504,0.4642857142857143,2.4495310670012667
0,peak,lag1,56,24.410714285714285,32.29412817039213,23.803571428571427,0.08928571428571429,0.30357142857142855
0,peak,lag168,56,14.267857142857142,24.851343740616635,-0.4107142857142857,0.4642857142857143,7.339285714285714
0,peak,lag24,56,17.642857142857142,26.858757550245265,1.25,0.42857142857142855,8.196428571428571
0,peak,ridge_calendar,56,10.17675297541908,13.837766933445964,9.488196615665212,0.08928571428571429,0.3442781798769336
0,peak,ridge_power,56,9.522729655234647,13.684696113367252,8.656056104720781,0.125,0.43333677525693354
1,mean,hgb_calendar,56,4.101367868391706,5.92297551225428,0.9029719586736338,0.42857142857142855,1.5991979548590365
1,mean,hgb_power,56,4.3944572451039985,6.405045028459266,0.9936222869778887,0.375,1.700417479063055
1,mean,lag1,56,18.482142857142858,24.042744673363966,-18.160714285714285,0.7678571428571429,18.321428571428573
1,mean,lag168,56,18.607142857142858,35.925021125354164,0.9642857142857143,0.4642857142857143,8.821428571428571
1,mean,lag24,56,22.946428571428573,40.73060449903908,2.482142857142857,0.39285714285714285,10.232142857142858
1,mean,ridge_calendar,56,15.35276687133465,17.798372002144426,-9.026170709425767,0.5714285714285714,12.189468790380207
1,mean,ridge_power,56,15.040469956850881,18.553626605112502,-11.226867187498438,0.6964285714285714,13.13366857217466
1,peak,hgb_calendar,56,5.0555192749539986,7.109327014743944,2.813220356549437,0.32142857142857145,1.121149459202281
1,peak,hgb_power,56,5.716643834215349,7.976441195487384,1.6450076914522873,0.375,2.0358180713815313
1,peak,lag1,56,20.964285714285715,26.81683905949501,-20.285714285714285,0.8035714285714286,20.625
1,peak,lag168,56,20.660714285714285,38.78673374087736,1.2321428571428572,0.39285714285714285,9.714285714285714
1,peak,lag24,56,25.375,43.40280603173684,2.8392857142857144,0.4642857142857143,11.267857142857142
1,peak,ridge_calendar,56,16.492981626275,19.173412541232373,-9.512076928959386,0.6071428571428571,13.002529277617194
1,peak,ridge_power,56,16.126470196311722,19.764469165463815,-11.588570858510506,0.6607142857142857,13.857520527411115
2,mean,hgb_calendar,56,3.8999620624487656,5.658155497635229,0.267316340115239,0.375,1.8163228611667634
2,mean,hgb_power,56,3.693129328046562,5.790108438597542,0.13299672861250697,0.4107142857142857,1.7800662997170276
2,mean,lag1,56,3.625,5.177216571534498,-2.267857142857143,0.48214285714285715,2.9464285714285716
2,mean,lag168,56,19.625,38.06268326251917,0.5178571428571429,0.4107142857142857,9.553571428571429
2,mean,lag24,56,23.696428571428573,42.50693220775037,2.9107142857142856,0.39285714285714285,10.392857142857142
2,mean,ridge_calendar,56,7.59015202498225,9.25883533569364,3.631196841438201,0.2857142857142857,1.979477591772024
2,mean,ridge_power,56,6.312509282359839,8.456183106385957,1.4289619021154718,0.4107142857142857,2.4417736901221834
2,peak,hgb_calendar,56,3.8966768837114967,5.36996405701538,1.315954227041944,0.35714285714285715,1.2903613283347763
2,peak,hgb_power,56,4.663991102817582,6.615938069166788,2.0928217457268703,0.35714285714285715,1.2855846785453555
2,peak,lag1,56,3.1964285714285716,4.3486451091937,-0.625,0.4107142857142857,1.9107142857142858
2,peak,lag168,56,21.946428571428573,40.483903326772094,0.9107142857142857,0.48214285714285715,10.517857142857142
2,peak,lag24,56,25.267857142857142,44.412232870814194,3.017857142857143,0.375,11.125
2,peak,ridge_calendar,56,7.9984666942888705,9.845439634482316,4.329544519051803,0.2857142857142857,1.8344610876185339
2,peak,ridge_power,56,6.580442204645216,8.900919001637039,2.070066118456393,0.35714285714285715,2.255188043094411
3,mean,hgb_calendar,56,3.874546868893514,5.552617136636665,1.6344953540927318,0.42857142857142855,1.1200257574003911
3,mean,hgb_power,56,4.060973562198717,6.086624746464433,2.4427179328055226,0.3392857142857143,0.8091278146965971
3,mean,lag1,56,3.5714285714285716,5.4182232195751086,2.4285714285714284,0.26785714285714285,0.5714285714285714
3,mean,lag168,56,19.464285714285715,36.88689275532512,1.4642857142857142,0.3392857142857143,9.0
3,mean,lag24,56,23.678571428571427,40.49118069760024,3.107142857142857,0.42857142857142855,10.285714285714286
3,mean,ridge_calendar,56,7.452164636251139,9.042702971093602,2.2840042665579436,0.2857142857142857,2.5840801848465977
3,mean,ridge_power,56,6.053154661281484,8.257822759984274,0.12698149152789487,0.4107142857142857,2.9630865848767947
3,peak,hgb_calendar,56,4.023307693816571,5.722535928610181,2.1499784489342644,0.39285714285714285,0.9366646224411538
3,peak,hgb_power,56,4.412155841682913,6.410794298361972,2.926749509426471,0.3392857142857143,0.7427031661282211
3,peak,lag1,56,3.4464285714285716,4.600077639096354,0.7321428571428571,0.35714285714285715,1.3571428571428572
3,peak,lag168,56,21.232142857142858,39.120007668710905,1.4821428571428572,0.44642857142857145,9.875
3,peak,lag24,56,26.071428571428573,43.77132133519128,3.3214285714285716,0.42857142857142855,11.375
3,peak,ridge_calendar,56,8.224583891701545,9.95675987299913,3.144774293176348,0.2857142857142857,2.539904799262598
3,peak,ridge_power,56,6.706335203296141,8.901663520454271,0.7096130098091856,0.375,2.9983610967434773
4,mean,hgb_calendar,56,3.9073678431730463,5.304519772249939,1.4212902253486555,0.3392857142857143,1.243038808912195
4,mean,hgb_power,56,3.9836262298233396,5.516358552421699,1.6651170726995292,0.26785714285714285,1.159254578561905
4,mean,lag1,56,2.767857142857143,3.86143940593586,-1.1964285714285714,0.5357142857142857,1.9821428571428572
4,mean,lag168,56,19.892857142857142,37.40845970021831,1.2142857142857142,0.39285714285714285,9.339285714285714
4,mean,lag24,56,23.160714285714285,41.658689712608926,2.9107142857142856,0.3392857142857143,10.125
4,mean,ridge_calendar,56,8.725281479393345,9.816997228216769,6.09475393436413,0.17857142857142858,1.315263772514607
4,mean,ridge_power,56,6.885784420322862,8.437054907464404,3.3711287277431867,0.25,1.7573278462898376
4,peak,hgb_calendar,56,3.954403966841124,5.463845997243444,2.974643177330814,0.26785714285714285,0.48988039475515505
4,peak,hgb_power,56,4.33852476279475,5.972013124236495,3.017986336766119,0.26785714285714285,0.6602692130143151
4,peak,lag1,56,3.232142857142857,4.0686080455816125,0.625,0.32142857142857145,1.3035714285714286
4,peak,lag168,56,20.892857142857142,38.828376957360156,1.3571428571428572,0.39285714285714285,9.767857142857142
4,peak,lag24,56,24.428571428571427,43.591037742047064,2.892857142857143,0.375,10.767857142857142
4,peak,ridge_calendar,56,9.61108584265464,10.878074597207656,7.520890602937811,0.16071428571428573,1.045097619858414
4,peak,ridge_power,56,7.282246008715927,8.848036664086182,4.228109142218709,0.21428571428571427,1.527068433248609
5,mean,hgb_calendar,56,4.495406369411676,6.088653516417242,3.4326466013676713,0.16071428571428573,0.5313798840220022
5,mean,hgb_power,56,4.189308544379806,6.19934555457382,3.183536904438005,0.21428571428571427,0.5028858199709002
5,mean,lag1,56,8.589285714285714,11.344444833107902,8.232142857142858,0.14285714285714285,0.17857142857142858
5,mean,lag168,56,16.0,30.28908337055731,0.6785714285714286,0.48214285714285715,7.660714285714286
5,mean,lag24,56,20.035714285714285,34.66678113534215,2.3214285714285716,0.42857142857142855,8.857142857142858
5,mean,ridge_calendar,56,5.880733442194469,6.930172041805519,4.583160507680583,0.19642857142857142,0.6487864672569429
5,mean,ridge_power,56,4.105288761352998,5.3302896259305665,2.010169853521492,0.39285714285714285,1.0475594539157531
5,peak,hgb_calendar,56,6.324929127516575,7.840101848994821,3.7099792650864423,0.30357142857142855,1.3074749312150666
5,peak,hgb_power,56,4.926386892024509,6.817080451488159,2.075357059523418,0.32142857142857145,1.4255149162505458
5,peak,lag1,56,3.8392857142857144,4.937104414532874,1.8392857142857142,0.25,1.0
5,peak,lag168,56,19.892857142857142,36.55817282086182,1.1428571428571428,0.42857142857142855,9.375
5,peak,lag24,56,24.214285714285715,42.00637706688967,2.857142857142857,0.44642857142857145,10.678571428571429
5,peak,ridge_calendar,56,8.172388206399967,9.800060155646793,4.931485848756595,0.21428571428571427,1.6204511788216858
5,peak,ridge_power,56,6.106018938067227,8.095650163622762,1.678984258757369,0.4107142857142857,2.213517339654929
6,mean,hgb_calendar,56,5.641421028391155,7.5143306411629105,2.2431433962669614,0.3392857142857143,1.6991388160620964
6,mean,hgb_power,56,4.906850345680668,7.8050200588241685,1.194387602336729,0.2857142857142857,1.8562313716719692
6,mean,lag1,56,8.982142857142858,12.404636230055278,-8.410714285714286,0.7142857142857143,8.696428571428571
6,mean,lag168,56,20.678571428571427,38.38805617822889,1.5714285714285714,0.4107142857142857,9.553571428571429
6,mean,lag24,56,24.5,41.012628717088035,3.0357142857142856,0.42857142857142855,10.732142857142858
6,mean,ridge_calendar,56,10.418055113602039,12.765203130407686,9.319756027425337,0.05357142857142857,0.5491495430883521
6,mean,ridge_power,56,8.552476943230186,11.665881411932906,7.058236559170605,0.17857142857142858,0.7471201920297906
6,peak,hgb_calendar,56,6.540105086469743,8.445514146446294,4.282270806036278,0.26785714285714285,1.1289171402167324
6,peak,hgb_power,56,5.709285537290435,8.127754249573604,2.6783273758367057,0.26785714285714285,1.515479080726865
6,peak,lag1,56,4.964285714285714,6.879057244377936,-2.3214285714285716,0.5357142857142857,3.642857142857143
6,peak,lag168,56,21.517857142857142,39.698191754429175,1.6607142857142858,0.375,9.928571428571429
6,peak,lag24,56,26.303571428571427,43.11094491458719,3.232142857142857,0.42857142857142855,11.535714285714286
6,peak,ridge_calendar,56,12.09761281620485,14.078849283613641,11.023198193512757,0.07142857142857142,0.5372073113460468
6,peak,ridge_power,56,9.602396991873508,12.363066059160099,7.982275095160353,0.16071428571428573,0.8100609483565785
7,mean,hgb_calendar,56,12.595675665888406,16.265453910426732,-0.26263868981342936,0.5535714285714286,6.429157177850917
7,mean,hgb_power,56,13.346774331249959,18.33205784824069,-1.683789566023919,0.5714285714285714,7.5152819486369395
7,mean,lag1,56,20.446428571428573,25.195308520210094,-11.982142857142858,0.6428571428571429,16.214285714285715
7,mean,lag168,56,26.571428571428573,47.78037552923047,1.2142857142857142,0.42857142857142855,12.678571428571429
7,mean,lag24,56,31.660714285714285,43.73275170199757,2.517857142857143,0.48214285714285715,14.571428571428571
7,mean,ridge_calendar,56,22.311688750894778,25.874211371119923,-12.281056370465958,0.6071428571428571,17.296372560680368
7,mean,ridge_power,56,23.09753923675867,27.373699542949932,-14.491509787772575,0.6428571428571429,18.79452451226562
7,peak,hgb_calendar,56,17.07126665532855,22.692768524324705,1.9292663874183222,0.42857142857142855,7.571000133955115
7,peak,hgb_power,56,18.724877897370586,26.06904226415383,-5.556733578276037,0.48214285714285715,12.140805737823312
7,peak,lag1,56,30.625,41.89549072223815,-27.267857142857142,0.6607142857142857,28.946428571428573
7,peak,lag168,56,33.25,57.63710362505835,1.5714285714285714,0.42857142857142855,15.839285714285714
7,peak,lag24,56,38.839285714285715,53.83722159037768,1.0535714285714286,0.48214285714285715,18.892857142857142
7,peak,ridge_calendar,56,28.266292867389648,34.96411305059141,-16.043034455864397,0.625,22.154663661627023
7,peak,ridge_power,56,29.27973276942742,36.95544312923174,-18.97888760701691,0.6428571428571429,24.12931018822217
8,mean,hgb_calendar,56,13.462333704735373,17.490800030793473,-0.5157844637081179,0.48214285714285715,6.989059084221746
8,mean,hgb_power,56,12.486896096053373,16.811936175799907,-2.063045893016628,0.48214285714285715,7.274970994535002
8,mean,lag1,56,43.910714285714285,57.50636610721584,-34.625,0.7321428571428571,39.267857142857146
8,mean,lag168,56,37.80357142857143,74.06404082182624,1.5178571428571428,0.4642857142857143,18.142857142857142
8,mean,lag24,56,50.17857142857143,85.49394297676464,0.32142857142857145,0.44642857142857145,24.928571428571427
8,mean,ridge_calendar,56,21.3012544155656,26.651875032671462,-10.522064236554499,0.5892857142857143,15.91165932606005
8,mean,ridge_power,56,21.557570835993467,27.302806155144733,-12.153911046806167,0.6964285714285714,16.85574094139982
8,peak,hgb_calendar,56,16.412440166535852,21.45766591784715,0.17661371382520855,0.4642857142857143,8.117913226355322
8,peak,hgb_power,56,14.595308128398276,19.98031938429405,-3.2818672432515683,0.5178571428571429,8.938587685824922
8,peak,lag1,56,39.82142857142857,49.2888715344839,-24.107142857142858,0.7321428571428571,31.964285714285715
8,peak,lag168,56,41.17857142857143,78.85542829398983,1.3928571428571428,0.5178571428571429,19.892857142857142
8,peak,lag24,56,54.44642857142857,91.39347819807963,0.30357142857142855,0.42857142857142855,27.071428571428573
8,peak,ridge_calendar,56,23.478402542204957,29.414793742765013,-11.665183951640431,0.5714285714285714,17.5717932469227
8,peak,ridge_power,56,23.814818273345235,30.249022255660062,-13.964813313676476,0.6607142857142857,18.889815793510856
9,mean,hgb_calendar,56,9.580079503166768,12.846850631532181,-2.666136327959346,0.5892857142857143,6.123107915563056
9,mean,hgb_power,56,10.10036888728698,13.709952691144814,-2.302600503114635,0.5357142857142857,6.201484695200809
9,mean,lag1,56,4.303571428571429,6.5805449188172425,0.375,0.35714285714285715,1.9642857142857142
9,mean,lag168,56,36.125,71.38965011020255,0.875,0.48214285714285715,17.625
9,mean,lag24,56,49.42857142857143,84.9991596597116,0.07142857142857142,0.4107142857142857,24.678571428571427
9,mean,ridge_calendar,56,12.15813271964777,15.519353506467239,1.046385941465361,0.5,5.555873389091205
9,mean,ridge_power,56,11.639003814295705,15.310332712889185,0.2619398106296017,0.5357142857142857,5.688532001833051
9,peak,hgb_calendar,56,9.061458670995075,12.105147902388667,-2.0540857179978484,0.625,5.557772194496461
9,peak,hgb_power,56,10.336420701695051,14.019710613311137,-0.667609992811156,0.6071428571428571,5.502015347253105
9,peak,lag1,56,5.964285714285714,8.928285709714139,3.892857142857143,0.17857142857142858,1.0357142857142858
9,peak,lag168,56,37.785714285714285,74.33682994124975,0.8214285714285714,0.44642857142857145,18.482142857142858
9,peak,lag24,56,51.089285714285715,87.97858911608633,-0.08928571428571429,0.4642857142857143,25.589285714285715
9,peak,ridge_calendar,56,12.236313126262774,15.65855827462152,2.4981742557642357,0.48214285714285715,4.869069435249268
9,peak,ridge_power,56,11.645284610231217,15.271527875045901,1.1385294670838222,0.5357142857142857,5.253377571573698
10,mean,hgb_calendar,56,9.45882619630379,12.439061914054369,-1.7583607428066939,0.5178571428571429,5.608593469555241
10,mean,hgb_power,56,9.927751783898644,13.030477206059684,-0.3247049641424039,0.5178571428571429,5.126228374020525
10,mean,lag1,56,5.803571428571429,8.879148929615141,3.875,0.32142857142857145,0.9642857142857143
10,mean,lag168,56,36.160714285714285,69.30870384426063,-0.4107142857142857,0.5357142857142857,18.285714285714285
10,mean,lag24,56,46.67857142857143,80.7631015466133,-0.32142857142857145,0.48214285714285715,23.5
10,mean,ridge_calendar,56,9.945664400266097,12.819671057009536,3.691897449262893,0.35714285714285715,3.126883475501601
10,mean,ridge_power,56,10.011462293702367,13.108374530891396,2.380676804518557,0.42857142857142855,3.815392744591906
10,peak,hgb_calendar,56,10.135159204913464,13.014625460569766,-2.137364048384806,0.5,6.136261626649135
10,peak,hgb_power,56,12.476665745079574,15.853963337260163,-0.5073612671283747,0.5,6.492013506103974
10,peak,lag1,56,5.642857142857143,8.325949109346547,0.0,0.42857142857142855,2.8214285714285716
10,peak,lag168,56,39.07142857142857,75.33354403678919,-0.2857142857142857,0.5535714285714286,19.678571428571427
10,peak,lag24,56,51.42857142857143,88.41884899241144,-0.5714285714285714,0.4107142857142857,26.0
10,peak,ridge_calendar,56,11.011873072367393,14.100112447945522,4.265292622874072,0.30357142857142855,3.373290224746661
10,peak,ridge_power,56,10.954949618780708,14.277488400435434,2.386403268052385,0.375,4.284273175364161
11,mean,hgb_calendar,56,11.942245306770985,15.636816067404947,-4.2084977354978514,0.5892857142857143,8.075371521134418
11,mean,hgb_power,56,12.961772719872739,17.20820836571973,-4.181888557218685,0.5714285714285714,8.57183063854571
11,mean,lag1,56,7.392857142857143,10.288690045731908,-6.607142857142857,0.7321428571428571,7.0
11,mean,lag168,56,38.92857142857143,74.5764229307283,0.35714285714285715,0.42857142857142855,19.285714285714285
11,mean,lag24,56,49.982142857142854,85.77097827520515,-0.6964285714285714,0.5178571428571429,25.339285714285715
11,mean,ridge_calendar,56,10.80094262002481,15.28288100824837,-1.8885863441516137,0.5535714285714286,6.344764482088211
11,mean,ridge_power,56,11.410668623360975,16.368411535083705,-3.0109308205417276,0.5714285714285714,7.210799721951351
11,peak,hgb_calendar,56,11.538042160716445,14.906789647350374,-3.866827831629019,0.625,7.702434996172731
11,peak,hgb_power,56,14.399414357504785,18.536808595786866,-3.221376878492712,0.5892857142857143,8.810395617998749
11,peak,lag1,56,5.642857142857143,8.598172563316663,-3.5714285714285716,0.6071428571428571,4.607142857142857
11,peak,lag168,56,40.285714285714285,76.92250274510982,-0.2857142857142857,0.5178571428571429,20.285714285714285
11,peak,lag24,56,50.94642857142857,88.45812164925438,-1.1964285714285714,0.5178571428571429,26.071428571428573
11,peak,ridge_calendar,56,10.619639304593514,15.128901349655278,-1.401189295041199,0.5535714285714286,6.010414299817357
11,peak,ridge_power,56,11.263705597564988,16.195687026406567,-3.127752272476669,0.6607142857142857,7.195728935020827
12,mean,hgb_calendar,56,4.6674422455632,6.551018295767273,1.2938477831393296,0.44642857142857145,1.6867972312119355
12,mean,hgb_power,56,6.424016751545183,9.247844440706583,4.801979317573808,0.26785714285714285,0.8110187169856876
12,mean,lag1,56,43.107142857142854,55.923736335426355,42.535714285714285,0.16071428571428573,0.2857142857142857
12,mean,lag168,56,22.017857142857142,40.56454292676232,0.16071428571428573,0.4107142857142857,10.928571428571429
12,mean,lag24,56,29.017857142857142,47.71137181008318,-0.4107142857142857,0.5178571428571429,14.714285714285714
12,mean,ridge_calendar,56,27.66132605121386,34.37371383719103,26.066272521654778,0.26785714285714285,0.7975267647795408
12,mean,ridge_power,56,26.864799274808288,33.66173649359593,26.378904483914372,0.19642857142857142,0.24294739544695787
12,peak,hgb_calendar,56,6.437339484354589,9.371636345628259,2.7093878729217833,0.4107142857142857,1.8639758057164026
12,peak,hgb_power,56,9.937734975559335,13.253299058050391,7.5744571434824755,0.21428571428571427,1.1816389160384306
12,peak,lag1,56,38.392857142857146,49.04116346790433,37.57142857142857,0.125,0.4107142857142857
12,peak,lag168,56,26.803571428571427,48.41432049065058,-0.26785714285714285,0.375,13.535714285714286
12,peak,lag24,56,34.625,56.33303395243074,-0.8035714285714286,0.5,17.714285714285715
12,peak,ridge_calendar,56,28.740307271047538,35.48703547753386,27.799669863931797,0.16071428571428573,0.47031870355787014
12,peak,ridge_power,56,28.02604092759889,34.47814324694459,27.73135110905094,0.10714285714285714,0.14734490927397154
13,mean,hgb_calendar,56,8.590158775527547,13.157625328918035,-2.6861951800415125,0.5,5.638176977784531
13,mean,hgb_power,56,10.658073026563695,16.302560049596405,-2.816101327678896,0.42857142857142855,6.737087177121295
13,mean,lag1,56,38.375,49.83275600875965,-37.69642857142857,0.6785714285714286,38.035714285714285
13,mean,lag168,56,35.392857142857146,68.94433572507192,0.0,0.4642857142857143,17.696428571428573
13,mean,lag24,56,47.892857142857146,81.42634708741392,-0.35714285714285715,0.5178571428571429,24.125
13,mean,ridge_calendar,56,27.479845454229203,36.12487852619024,-22.80188992583906,0.75,25.14086769003413
13,mean,ridge_power,56,28.673318947805456,37.23163606089899,-22.470410643438008,0.6607142857142857,25.57186479562173
13,peak,hgb_calendar,56,10.811389974890156,15.97301767486786,-3.389722284680642,0.44642857142857145,7.100556129785398
13,peak,hgb_power,56,13.855669848602535,20.32445025876541,-2.886945704976156,0.39285714285714285,8.371307776789347
13,peak,lag1,56,35.214285714285715,45.70089089472358,-33.964285714285715,0.6964285714285714,34.589285714285715
13,peak,lag168,56,39.392857142857146,74.4402924689119,0.10714285714285714,0.42857142857142855,19.642857142857142
13,peak,lag24,56,51.982142857142854,86.39971478127526,-0.4107142857142857,0.5178571428571429,26.196428571428573
13,peak,ridge_calendar,56,28.668127815610255,38.08281094621408,-23.503182806851253,0.7321428571428571,26.08565531123075
13,peak,ridge_power,56,30.104635045141144,39.578714919894004,-23.45792894193601,0.625,26.781281993538578
14,mean,hgb_calendar,56,10.443429558729841,13.108131496508683,-2.6964537426556747,0.6071428571428571,6.569941650692757
14,mean,hgb_power,56,10.950345596574008,14.111555183014303,-2.199827436599088,0.5714285714285714,6.5750865165865475
14,mean,lag1,56,4.0,6.330199726029864,-2.4285714285714284,0.5714285714285714,3.2142857142857144
14,mean,lag168,56,36.017857142857146,70.67897747663626,-0.625,0.48214285714285715,18.321428571428573
14,mean,lag24,56,48.392857142857146,82.38563501693032,-0.75,0.5357142857142857,24.571428571428573
14,mean,ridge_calendar,56,10.208341016408834,13.63395882141507,-4.9548744080740885,0.7857142857142857,7.581607712241461
14,mean,ridge_power,56,10.261307382456835,14.138205364189444,-3.436577543483662,0.6428571428571429,6.848942462970249
14,peak,hgb_calendar,56,10.548253378393506,13.613131643898564,-2.0231428451244216,0.6071428571428571,6.285698111758963
14,peak,hgb_power,56,12.405365392583182,16.010701078851607,-1.3807076082212528,0.5535714285714286,6.893036500402218
14,peak,lag1,56,4.357142857142857,6.117889458675388,-0.9285714285714286,0.5357142857142857,2.642857142857143
14,peak,lag168,56,38.214285714285715,74.32241538440088,-0.42857142857142855,0.5178571428571429,19.321428571428573
14,peak,lag24,56,50.660714285714285,86.00072674111539,-0.5535714285714286,0.5178571428571429,25.607142857142858
14,peak,ridge_calendar,56,9.925969288614587,13.705285941382325,-4.180463853479692,0.7678571428571429,7.053216571047139
14,peak,ridge_power,56,10.18318804321173,14.249271477038782,-2.650080881774907,0.6071428571428571,6.416634462493319
15,mean,hgb_calendar,56,7.430670856227386,10.182206179141467,0.6283300245049322,0.4642857142857143,3.401170415861227
15,mean,hgb_power,56,8.343551897795269,11.700823273136296,1.6870011012407713,0.39285714285714285,3.3282753982772486
15,mean,lag1,56,10.553571428571429,14.994641900168396,9.982142857142858,0.17857142857142858,0.2857142857142857
15,mean,lag168,56,33.267857142857146,61.103395977637774,-0.5892857142857143,0.44642857142857145,16.928571428571427
15,mean,lag24,56,43.82142857142857,74.10296890138748,-0.14285714285714285,0.4107142857142857,21.982142857142858
15,mean,ridge_calendar,56,8.55812503522101,11.022849718753431,-3.264507835796351,0.6785714285714286,5.911316435508681
15,mean,ridge_power,56,8.33149972746661,11.02258805115553,-0.16416215820844457,0.44642857142857145,4.247830942837527
15,peak,hgb_calendar,56,9.33237754335862,12.364178705850989,-1.8897052083523234,0.48214285714285715,5.611041375855471
15,peak,hgb_power,56,11.004841830337025,14.375007743919499,-1.019517281354321,0.48214285714285715,6.012179555845672
15,peak,lag1,56,6.517857142857143,9.152478196797693,2.1964285714285716,0.4107142857142857,2.1607142857142856
15,peak,lag168,56,38.982142857142854,71.13028790285371,-0.05357142857142857,0.4107142857142857,19.517857142857142
15,peak,lag24,56,51.25,85.41223565742791,-0.17857142857142858,0.42857142857142855,25.714285714285715
15,peak,ridge_calendar,56,10.980986466897308,14.999450401944864,-4.316187614711476,0.6785714285714286,7.648587040804393
15,peak,ridge_power,56,11.517357154300615,15.150974899667101,-0.7730540100644926,0.4107142857142857,6.145205582182555
16,mean,hgb_calendar,56,6.745830910805231,10.72822754575091,-1.709776759064704,0.5357142857142857,4.227803834934967
16,mean,hgb_power,56,7.711422962316936,12.512135008550494,-0.1369020561371396,0.44642857142857145,3.924162509227038
16,mean,lag1,56,6.803571428571429,9.387491677759293,-4.196428571428571,0.5892857142857143,5.5
16,mean,lag168,56,36.17857142857143,67.0277128187609,-0.9285714285714286,0.48214285714285715,18.553571428571427
16,mean,lag24,56,47.035714285714285,78.06499123898533,-0.5357142857142857,0.5357142857142857,23.785714285714285
16,mean,ridge_calendar,56,9.610401068276257,12.778903303937033,3.800092883404434,0.44642857142857145,2.9051540924359114
16,mean,ridge_power,56,9.88696440355631,13.899561698362373,6.680620806546029,0.2857142857142857,1.6031717985051408
16,peak,hgb_calendar,56,7.868500238781125,11.877985744292827,-0.6959222026149778,0.5535714285714286,4.282211220698051
16,peak,hgb_power,56,8.581001351480063,12.780145908966418,1.267330814024089,0.39285714285714285,3.6568352687279875
16,peak,lag1,56,6.714285714285714,8.691128481717106,3.607142857142857,0.35714285714285715,1.5535714285714286
16,peak,lag168,56,37.785714285714285,69.41052822570528,-1.2142857142857142,0.5,19.5
16,peak,lag24,56,49.767857142857146,81.06445847948056,-0.30357142857142855,0.5178571428571429,25.035714285714285
16,peak,ridge_calendar,56,11.008188599144384,13.601747959218988,4.621648503411646,0.5,3.1932700478663683
16,peak,ridge_power,56,11.200783101289323,14.771377354079801,7.897333328926725,0.25,1.6517248861813003
17,mean,hgb_calendar,56,6.581685656469996,9.111137812272387,2.956240115722455,0.39285714285714285,1.8127227703737705
17,mean,hgb_power,56,7.642773523988241,10.688364554847155,1.881108378797713,0.30357142857142855,2.880832572595264
17,mean,lag1,56,20.553571428571427,26.748497955158957,20.196428571428573,0.10714285714285714,0.17857142857142858
17,mean,lag168,56,27.803571428571427,52.31480943016314,0.4107142857142857,0.42857142857142855,13.696428571428571
17,mean,lag24,56,39.464285714285715,63.08667507032346,0.0,0.5357142857142857,19.732142857142858
17,mean,ridge_calendar,56,7.614222085364567,9.337851607019465,1.4185556379960291,0.5,3.097833223684269
17,mean,ridge_power,56,7.448917953458661,10.077846287817962,4.862155956774613,0.3392857142857143,1.2933809983420244
17,peak,hgb_calendar,56,8.917842970213849,12.830074388366654,-0.31669592600019925,0.4642857142857143,4.617269448107024
17,peak,hgb_power,56,10.966821400609234,15.39058623874291,-1.3389038104218227,0.4642857142857143,6.152862605515529
17,peak,lag1,56,10.446428571428571,15.201621154149505,8.339285714285714,0.21428571428571427,1.0535714285714286
17,peak,lag168,56,36.410714285714285,65.54265241592138,0.8392857142857143,0.4107142857142857,17.785714285714285
17,peak,lag24,56,50.892857142857146,78.73009952634743,0.2857142857142857,0.5178571428571429,25.303571428571427
17,peak,ridge_calendar,56,10.257668483414756,13.269499766627645,-0.5249813570414695,0.5892857142857143,5.391324920228112
17,peak,ridge_power,56,10.882704938154847,14.275153851542612,3.4977428045805956,0.35714285714285715,3.692481066787125
18,mean,hgb_calendar,56,7.565980928154609,10.765255534772328,-0.9113650435632306,0.5714285714285714,4.238672985858919
18,mean,hgb_power,56,8.457529340964445,12.13890476250231,2.2208642100116585,0.39285714285714285,3.118332565476393
18,mean,lag1,56,16.160714285714285,21.795723695912724,-12.982142857142858,0.6785714285714286,14.571428571428571
18,mean,lag168,56,33.285714285714285,63.645783161853814,0.8571428571428571,0.5178571428571429,16.214285714285715
18,mean,lag24,56,45.660714285714285,74.29634195955698,0.19642857142857142,0.48214285714285715,22.732142857142858
18,mean,ridge_calendar,56,12.842392315054235,16.674012745765534,8.42969000640477,0.42857142857142855,2.2063511543247323
18,mean,ridge_power,56,14.07784884810407,18.900225284244392,12.369770148776897,0.19642857142857142,0.854039349663586
18,peak,hgb_calendar,56,7.835425323677514,11.765495757303038,0.8149316723628051,0.5357142857142857,3.510246825657355
18,peak,hgb_power,56,8.810682727314346,12.787694663899954,3.5627689687605124,0.32142857142857145,2.6239568792769172
18,peak,lag1,56,8.071428571428571,14.218951136724938,-0.8571428571428571,0.44642857142857145,4.464285714285714
18,peak,lag168,56,34.25,66.31526434927547,1.25,0.44642857142857145,16.5
18,peak,lag24,56,48.357142857142854,77.78197551030517,0.03571428571428571,0.44642857142857145,24.160714285714285
18,peak,ridge_calendar,56,13.81252080248923,17.621906978600485,8.835817814959741,0.42857142857142855,2.4883514937647435
18,peak,ridge_power,56,15.269825802289033,20.207243235029956,13.431486533109105,0.19642857142857142,0.9191696345899649
19,mean,hgb_calendar,56,5.265261823833063,8.014018615381522,0.601355152248214,0.5,2.331953335792424
19,mean,hgb_power,56,6.44377845315294,9.731034320008474,1.0066466053939334,0.375,2.7185659238795035
19,mean,lag1,56,9.464285714285714,14.656787798539916,8.785714285714286,0.17857142857142858,0.3392857142857143
19,mean,lag168,56,29.696428571428573,56.09287578904931,0.8035714285714286,0.44642857142857145,14.446428571428571
19,mean,lag24,56,40.732142857142854,63.35289484873036,-0.30357142857142855,0.4642857142857143,20.517857142857142
19,mean,ridge_calendar,56,8.735481093618459,11.183882456876542,-0.17589836601545322,0.5714285714285714,4.455689729816956
19,mean,ridge_power,56,8.95927393060021,12.127532510862784,3.4399542397870735,0.3392857142857143,2.759659845406568
19,peak,hgb_calendar,56,7.401511222265422,9.750115787691305,-0.6573064893618404,0.4642857142857143,4.029408855813632
19,peak,hgb_power,56,8.457063138703763,11.157671489163308,1.7107755499202402,0.39285714285714285,3.373143794391761
19,peak,lag1,56,8.375,12.063078261491016,5.696428571428571,0.32142857142857145,1.3392857142857142
19,peak,lag168,56,34.517857142857146,62.78691287658144,1.2321428571428572,0.4642857142857143,16.642857142857142
19,peak,lag24,56,43.785714285714285,70.35877445533814,-0.32142857142857145,0.4642857142857143,22.053571428571427
19,peak,ridge_calendar,56,9.483278797189923,12.191413869825507,0.038354218443033314,0.5535714285714286,4.722462289373445
19,peak,ridge_power,56,10.145525526652975,13.491793496462176,4.126105501786705,0.3392857142857143,3.0097100124331346
20,mean,hgb_calendar,56,5.876571104509414,8.456565505787328,1.4030938555013563,0.42857142857142855,2.236738624504028
20,mean,hgb_power,56,7.133370446346139,10.496692615987346,1.8325467928805845,0.375,2.6504118267327774
20,mean,lag1,56,15.571428571428571,21.68030706161041,14.392857142857142,0.14285714285714285,0.5892857142857143
20,mean,lag168,56,23.428571428571427,42.83481561266989,0.35714285714285715,0.44642857142857145,11.535714285714286
20,mean,lag24,56,34.107142857142854,51.49965325819472,-0.8571428571428571,0.44642857142857145,17.482142857142858
20,mean,ridge_calendar,56,7.907344157857679,10.213265476411511,1.6807566998521501,0.5535714285714286,3.113293729002765
20,mean,ridge_power,56,8.758346818920272,11.75078132427042,5.515911788950354,0.21428571428571427,1.6212175149849586
20,peak,hgb_calendar,56,6.127075011499813,8.476539874671618,1.1855496235428993,0.44642857142857145,2.470762693978457
20,peak,hgb_power,56,7.421013882774416,10.158671058621422,2.3756976778081658,0.4107142857142857,2.522658102483125
20,peak,lag1,56,19.964285714285715,27.905452616187496,18.535714285714285,0.14285714285714285,0.7142857142857143
20,peak,lag168,56,24.803571428571427,44.602410248774675,0.3392857142857143,0.39285714285714285,12.232142857142858
20,peak,lag24,56,35.57142857142857,54.638421855477695,-0.9642857142857143,0.42857142857142855,18.267857142857142
20,peak,ridge_calendar,56,8.562655533528618,10.931802055283368,2.313330116521548,0.5178571428571429,3.1246627085035357
20,peak,ridge_power,56,9.81688520741154,12.793785718168936,6.475079119171544,0.23214285714285715,1.6709030441199972
21,mean,hgb_calendar,56,4.849193293764546,7.898423265256068,1.5116427553748468,0.4642857142857143,1.6687752691948496
21,mean,hgb_power,56,5.015588646630509,7.49764102855564,0.652591895239146,0.5178571428571429,2.1814983756956816
21,mean,lag1,56,3.75,5.70087712549569,1.0,0.375,1.375
21,mean,lag168,56,20.964285714285715,40.88747625234057,0.42857142857142855,0.4642857142857143,10.267857142857142
21,mean,lag24,56,32.55357142857143,50.6823088322881,-0.26785714285714285,0.48214285714285715,16.410714285714285
21,mean,ridge_calendar,56,6.032432444994524,8.046548986560833,0.3252583127581534,0.5,2.8535870661181852
21,mean,ridge_power,56,6.498573649284336,8.735363105627327,3.5583783056392164,0.21428571428571427,1.4700976718225598
21,peak,hgb_calendar,56,4.371295706204492,6.573595215348916,1.4745706203233016,0.375,1.4483625429405953
21,peak,hgb_power,56,5.198872194554361,7.278551501478224,2.3997018405377477,0.375,1.3995851770083063
21,peak,lag1,56,4.839285714285714,6.701545663928157,1.4107142857142858,0.375,1.7142857142857142
21,peak,lag168,56,21.625,42.14367432621752,0.3392857142857143,0.5,10.642857142857142
21,peak,lag24,56,34.017857142857146,53.07222168221069,-0.26785714285714285,0.48214285714285715,17.142857142857142
21,peak,ridge_calendar,56,5.960423545206132,7.90406335218818,1.5746161150098048,0.48214285714285715,2.1929037150981636
21,peak,ridge_power,56,7.0003613584851125,8.934387785426452,4.893418240510605,0.19642857142857142,1.053471558987254
22,mean,hgb_calendar,56,3.9807360881630616,5.587865747571133,0.6770695550070565,0.5,1.6518332665780027
22,mean,hgb_power,56,4.916277896543037,6.698902642476975,2.1142160283525437,0.42857142857142855,1.4010309340952465
22,mean,lag1,56,5.875,8.22561330757253,5.160714285714286,0.21428571428571427,0.35714285714285715
22,mean,lag168,56,20.0,38.83251583034875,1.0357142857142858,0.39285714285714285,9.482142857142858
22,mean,lag24,56,28.785714285714285,45.717689605415785,-0.17857142857142858,0.42857142857142855,14.482142857142858
22,mean,ridge_calendar,56,5.694531027604222,7.356737855554729,0.8623933107305947,0.48214285714285715,2.4160688584368137
22,mean,ridge_power,56,6.571798055092564,8.687303488866672,4.035627349713755,0.21428571428571427,1.2680853526894047
22,peak,hgb_calendar,56,4.603071020683454,6.2783029219749125,3.214463953170842,0.30357142857142855,0.6943035337563062
22,peak,hgb_power,56,5.603658527529535,7.742995166387337,3.72422438222473,0.35714285714285715,0.9397170726524026
22,peak,lag1,56,5.517857142857143,7.3787823230820795,3.982142857142857,0.2857142857142857,0.7678571428571429
22,peak,lag168,56,21.678571428571427,41.20679555607303,1.5357142857142858,0.39285714285714285,10.071428571428571
22,peak,lag24,56,30.303571428571427,48.88707833948996,-0.125,0.44642857142857145,15.214285714285714
22,peak,ridge_calendar,56,6.3060515188116995,8.061273847559775,2.0011329577040384,0.5178571428571429,2.1524592805538307
22,peak,ridge_power,56,7.466645303606746,9.707619165813126,5.143556080027098,0.19642857142857142,1.1615446117898232
23,mean,hgb_calendar,56,3.4481108681599557,5.064612328821562,1.8296383648347867,0.30357142857142855,0.8092362516625846
23,mean,hgb_power,56,4.393001783372562,6.093608047658274,2.723605016311216,0.30357142857142855,0.8346983835306735
23,mean,lag1,56,4.714285714285714,6.716185141666574,3.892857142857143,0.17857142857142858,0.4107142857142857
23,mean,lag168,56,17.821428571428573,35.012242756743575,0.6071428571428571,0.48214285714285715,8.607142857142858
23,mean,lag24,56,26.482142857142858,42.850445905331185,-0.125,0.5535714285714286,13.303571428571429
23,mean,ridge_calendar,56,4.815628510977924,5.995235376830511,-0.32534965015951733,0.5178571428571429,2.570489080568721
23,mean,ridge_power,56,5.446420530174668,6.769439532590102,3.1131960658912314,0.26785714285714285,1.1666122321417183
23,peak,hgb_calendar,56,4.489255159118928,6.149694555869591,2.6534544626153322,0.2857142857142857,0.9179003482517977
23,peak,hgb_power,56,4.31758929327583,6.183481627783058,2.272735875854544,0.32142857142857145,1.0224267087106431
23,peak,lag1,56,4.107142857142857,5.298247688757914,1.6071428571428572,0.3392857142857143,1.25
23,peak,lag168,56,21.660714285714285,40.30840926088323,1.1607142857142858,0.44642857142857145,10.25
23,peak,lag24,56,30.589285714285715,48.7191294198549,-0.08928571428571429,0.4642857142857143,15.339285714285714
23,peak,ridge_calendar,56,5.572805034085086,7.3124398647941735,0.23209596610439423,0.5178571428571429,2.6703545339903454
23,peak,ridge_power,56,6.46814095524578,8.187425721921022,3.5227636345425606,0.26785714285714285,1.4726886603516098
