stage,month,method,prediction_day_status,dates,dates_with_prediction_at_peak,tied_peak_dates,date_weighted_mean_shortfall_available,date_weighted_mae_available,high_peak_dates,high_peak_dates_any_alarm,high_peak_dates_all_peaks_available,high_peak_dates_all_alarms
Jul-Aug,7,hgb_calendar,complete,25,25,7,12.317045029416827,13.059598110035772,16,10,16,9
Jul-Aug,7,hgb_calendar,none,4,0,1,,,4,0,0,0
Jul-Aug,7,hgb_power,complete,25,25,7,12.625182649106968,13.72826575455063,16,13,16,12
Jul-Aug,7,hgb_power,none,4,0,1,,,4,0,0,0
Jul-Aug,7,lag1,complete,25,25,7,23.066666666666666,23.066666666666666,16,10,16,8
Jul-Aug,7,lag1,none,4,0,1,,,4,0,0,0
Jul-Aug,7,lag168,complete,25,25,7,9.343333333333332,11.723333333333333,16,15,16,15
Jul-Aug,7,lag168,none,4,0,1,,,4,0,0,0
Jul-Aug,7,lag24,complete,25,25,7,34.093333333333334,44.35,16,12,16,12
Jul-Aug,7,lag24,none,4,0,1,,,4,0,0,0
Jul-Aug,7,ridge_calendar,complete,25,25,7,15.064802132639224,15.825295963612817,16,10,16,8
Jul-Aug,7,ridge_calendar,none,4,0,1,,,4,0,0,0
Jul-Aug,7,ridge_power,complete,25,25,7,15.373899370119092,15.850973185793292,16,11,16,9
Jul-Aug,7,ridge_power,none,4,0,1,,,4,0,0,0
Jul-Aug,8,hgb_calendar,complete,31,31,6,12.705446744679072,13.557862671931272,16,4,16,4
Jul-Aug,8,hgb_power,complete,31,31,6,13.631216913432759,15.052670961398347,16,5,16,5
Jul-Aug,8,lag1,complete,31,31,6,17.220430107526884,17.220430107526884,16,7,16,7
Jul-Aug,8,lag168,complete,31,31,6,38.95698924731183,59.86021505376344,16,7,16,6
Jul-Aug,8,lag24,complete,31,31,6,29.413978494623656,33.94086021505377,16,9,16,8
Jul-Aug,8,ridge_calendar,complete,31,31,6,15.79670679760776,18.807504464892844,16,7,16,6
Jul-Aug,8,ridge_power,complete,31,31,6,16.017994048175716,19.111683165743486,16,6,16,5
Jun,6,hgb_calendar,complete,30,30,4,6.564763319800291,7.4421566723961385,17,10,17,9
Jun,6,hgb_power,complete,30,30,4,6.257872830739595,7.21840508582118,17,12,17,11
Jun,6,hgb_q75_calendar,complete,30,30,4,6.109109998908725,6.644215694897673,17,13,17,12
Jun,6,lag1,complete,30,30,4,32.30555555555556,32.30555555555556,17,2,17,2
Jun,6,lag168,complete,30,30,4,12.627777777777776,13.66111111111111,17,6,17,6
Jun,6,lag24,complete,30,30,4,28.54444444444444,32.52777777777778,17,8,17,8
Jun,6,ridge_calendar,complete,30,30,4,19.18490421497493,19.881327907646387,17,3,17,3
Jun,6,ridge_power,complete,30,30,4,20.346060456279606,20.874804066097898,17,2,17,2
May,5,hgb_calendar,complete,31,31,7,5.720146540520822,6.92682412035119,7,3,7,3
May,5,hgb_power,complete,31,31,7,6.440080747911057,8.322531227556754,7,3,7,3
May,5,hgb_q75_calendar,complete,31,31,7,3.9896769505686582,6.701259236110869,7,4,7,4
May,5,lag1,complete,31,31,7,35.48963133640553,35.48963133640553,7,0,7,0
May,5,lag168,complete,31,31,7,19.878341013824883,24.62027649769585,7,2,7,2
May,5,lag24,complete,31,31,7,39.60437788018433,44.95161290322581,7,2,7,2
May,5,ridge_calendar,complete,31,31,7,17.618880379142833,19.300543653452095,7,0,7,0
May,5,ridge_power,complete,31,31,7,18.47344161543954,19.931782163796065,7,0,7,0
