state,bin_left,bin_right,n,dates,temperature_mean,power_mean,power_median,power_q10,power_q90,production_mean,displayed
positive,-12.0,-8.0,21,3,-10.233333333333334,113.14285714285714,105.0,93.0,154.0,442.6190476190476,False
positive,-8.0,-4.0,59,7,-5.9355932203389825,135.71186440677965,136.0,102.0,175.4,807.0847457627119,True
positive,-4.0,0.0,118,18,-2.0033898305084743,121.50847457627118,113.5,81.10000000000001,170.0,596.7457627118644,True
positive,0.0,4.0,179,29,2.17877094972067,117.66480446927375,115.0,50.800000000000026,170.40000000000003,680.1061452513967,True
positive,4.0,8.0,246,43,6.189024390243903,116.8170731707317,115.0,67.0,166.5,594.2032520325204,True
positive,8.0,12.0,363,55,9.947658402203857,116.59504132231405,114.0,25.0,171.0,728.3829201101928,True
positive,12.0,16.0,493,72,14.056997971602433,120.67951318458418,112.0,88.0,169.0,662.5233265720082,True
positive,16.0,20.0,487,71,17.982340862423,131.21971252566735,127.0,99.0,168.40000000000003,913.8193018480492,True
positive,20.0,24.0,689,84,22.15486211901306,128.45137880986937,125.0,95.0,168.0,826.6473149492017,True
positive,24.0,28.0,462,64,25.49134199134199,142.6839826839827,151.0,100.1,181.90000000000003,1012.1709956709957,True
positive,28.0,32.0,153,22,29.447712418300654,171.01307189542484,178.0,132.2,193.8,1478.5032679738563,True
positive,32.0,36.0,7,3,32.528571428571425,172.28571428571428,178.0,142.6,194.8,1017.8571428571429,False
zero,-12.0,-8.0,11,4,-9.663636363636364,66.9090909090909,68.0,22.0,107.0,0.0,False
zero,-8.0,-4.0,56,13,-5.737499999999999,68.83928571428571,63.0,21.0,130.5,0.0,True
zero,-4.0,0.0,141,21,-2.021985815602837,61.851063829787236,24.0,21.0,129.0,0.0,True
zero,0.0,4.0,141,28,1.9028368794326243,50.45390070921986,23.0,21.0,113.0,0.0,True
zero,4.0,8.0,264,49,6.0397727272727275,58.43560606060606,24.0,21.0,120.40000000000003,0.0,True
zero,8.0,12.0,436,64,10.011009174311926,54.080275229357795,23.0,21.0,136.5,0.0,True
zero,12.0,16.0,294,61,13.985034013605443,49.414965986394556,23.0,20.3,124.0,0.0,True
zero,16.0,20.0,237,61,17.79240506329114,44.358649789029535,23.0,20.0,112.0,0.0,True
zero,20.0,24.0,397,63,22.22846347607053,33.82367758186398,23.0,20.0,76.40000000000003,0.0,True
zero,24.0,28.0,354,56,25.722598870056494,29.533898305084747,23.0,21.0,37.39999999999998,0.0,True
zero,28.0,32.0,149,26,29.525503355704693,29.25503355704698,23.0,21.0,27.400000000000034,0.0,True
zero,32.0,36.0,27,7,32.544444444444444,22.037037037037038,22.0,21.0,24.0,0.0,False
