method,k,silhouette,highest_group_silhouette,boundary,min_selected,all_n,all_rate,median_selected,mean_selected,mean_highest,mean_neighbor,observed_monotone,includes_observed_max,bic,overlap_high_neighbor,mean_posterior_of_selected,silhouette_loss_from_k3,bic_difference
KMeans,3,0.7718106466498592,0.6889189381762673,141.4,142.0,1753,0.3030774550484094,172.0,171.81460353679407,169.12471655328696,113.59857328145273,True,True,,,,0.0,
KMeans,4,0.749396286199921,0.698447633993833,144.05,145.0,1690,0.2921853388658368,173.0,172.907100591716,170.3054459352793,117.7648686030432,True,True,,,,0.022414360449938164,
KMeans,5,0.7124403927327264,0.5919847421288187,166.55,167.0,1087,0.18793222683264177,180.0,181.47746090156394,178.9452603471304,154.1321044546857,True,True,,,,0.0593702539171328,
KMeans,6,0.6840648742784405,0.5517440354516331,169.85000000000002,170.0,984,0.17012448132780084,181.0,182.8810975609756,180.4009077155833,159.2183908045983,True,True,,,,0.08774577237141867,
KMeans,7,0.6717544801583124,0.547862107125561,175.20000000000002,176.0,729,0.12603734439834025,184.0,186.45816186556928,184.20270270270333,166.17027863777162,True,True,,,,0.1000561664915468,
KMeans,8,0.6746077604045719,0.4987653929699853,183.15,184.0,400,0.06915629322268327,190.0,192.4975,190.560606060606,175.66734693877615,True,True,,,,0.09720288624528728,
GMM,3,0.7640052762881965,0.7395253253434355,146.65,147.0,1650,0.28526970954356845,174.0,173.57090909090908,170.52455197377003,113.9274822129607,True,True,39949.874391606405,0.07062250906679986,0.958411831293868,0.0078053703616627335,437.7816366781335
GMM,4,0.7620198306026378,0.6551084026664084,138.45000000000002,139.0,1797,0.31068464730290457,172.0,171.03505843071787,168.08211059842958,114.84120531143704,True,True,39512.09275492827,0.03899200153653245,0.9803590844880037,0.009790816047221429,0.0
GMM,5,0.6826872788595739,0.504675634841198,151.65,152.0,1569,0.2712655601659751,174.0,174.842574888464,172.1969864615936,142.19700957361994,True,True,39519.06512772452,0.25637048961860476,0.9219897797354996,0.08912336779028529,6.972372796248237
GMM,6,0.6833700335376882,0.5484217250782526,171.25,172.0,915,0.15819502074688796,181.0,183.82622950819672,178.7206901662322,163.52383588329928,True,True,39551.99175622828,0.4409272922444037,0.8252545780997146,0.088440613112171,39.89900130000751
GMM,7,0.6625882629281681,0.5235087804828138,169.9,170.0,984,0.17012448132780084,181.0,182.8810975609756,178.69816831155768,162.24149744906615,True,True,39569.96239091885,0.3783310719664679,0.8539938109945028,0.10922238372169113,57.86963599058072
GMM,8,0.6801507853058305,0.49461815516109164,169.70000000000002,170.0,984,0.17012448132780084,181.0,182.8810975609756,178.84037562108824,162.59842628747288,True,True,39568.19381151371,0.3466987328469007,0.8802713347246615,0.0916598613440287,56.10105658543762
