profile,days,dates,production_daily_min,production_daily_max,distinct_daily_production_totals,zero_production_days,daily_temperature_min,daily_temperature_max
1,7,20210102;20210205;20210306;20210313;20210320;20210327;20210605,0,19048,7,1,-0.17499999999999996,22.208333333333332
2,2,20210103;20210606,0,0,1,2,-0.4791666666666667,22.900000000000002
3,4,20210104;20210204;20210304;20210604,13672,16443,4,0,1.0,20.9375
4,15,20210105;20210106;20210112;20210113;20210119;20210120;20210126;20210127;20210131;20210305;20210312;20210319;20210326;20210331;20210530,0,0,1,15,-3.420833333333333,19.241666666666667
5,2,20210107;20210607,16624,16805,2,0,-6.545833333333333,24.175
6,4,20210108;20210208;20210308;20210608,14362,21783,4,0,-8.825000000000001,24.070833333333336
9,4,20210111;20210211;20210311;20210611,0,17899,4,1,-1.2583333333333333,20.845833333333335
10,3,20210114;20210314;20210614,0,17561,3,1,6.958333333333333,21.787499999999998
11,4,20210115;20210215;20210315;20210615,14345,21534,4,0,8.950000000000001,20.683333333333334
13,4,20210117;20210217;20210317;20210617,24,19628,4,0,-3.6125000000000003,18.620833333333334
14,4,20210118;20210218;20210318;20210618,15145,16376,4,0,-4.05,20.929166666666667
15,2,20210121;20210621,15640,17215,2,0,6.729166666666667,22.09583333333333
16,4,20210122;20210222;20210322;20210622,15307,20869,4,0,7.695833333333333,19.583333333333332
17,4,20210123;20210223;20210323;20210623,3180,21418,4,0,6.708333333333333,19.495833333333334
18,4,20210124;20210224;20210324;20210624,0,17643,4,1,5.920833333333333,21.008333333333333
19,4,20210125;20210225;20210325;20210625,14441,19571,4,0,6.858333333333333,22.375
20,2,20210128;20210628,13830,17807,2,0,3.75,22.920833333333334
21,3,20210129;20210329;20210629,15502,21196,3,0,-3.608333333333333,22.816666666666666
22,3,20210130;20210330;20210630,1532,24212,3,0,2.029166666666667,22.7375
23,3,20210201;20210301;20210601,0,20368,3,1,10.629166666666666,20.170833333333334
24,3,20210202;20210302;20210602,18267,23620,3,0,1.9041666666666666,21.154166666666665
25,3,20210203;20210303;20210603,14536,22814,3,0,-0.5291666666666667,18.575
26,6,20210206;20210212;20210213;20210220;20210227;20210612,0,2871,5,2,7.125,21.154166666666665
27,5,20210207;20210214;20210221;20210228;20210613,0,0,1,5,9.083333333333334,23.054166666666664
28,3,20210209;20210309;20210609,15164,17492,3,0,1.6458333333333333,22.504166666666666
29,3,20210210;20210310;20210610,7576,13519,3,0,6.029166666666666,21.97083333333333
30,3,20210216;20210316;20210616,16985,19441,3,0,1.1166666666666667,19.0625
31,2,20210219;20210619,1559,20786,2,0,3.9166666666666665,23.083333333333332
32,2,20210226;20210626,3813,16936,2,0,8.5875,22.3625
36,3,20210401;20210405;20210503,14606,17709,3,0,10.0375,15.35
37,3,20210402;20210406;20210504,2134,18060,3,0,11.316666666666668,16.908333333333335
38,2,20210403;20210501,56,2792,2,0,12.237499999999999,14.549999999999999
39,2,20210404;20210502,0,0,1,2,10.266666666666667,12.554166666666667
40,2,20210407;20210506,16556,21648,2,0,14.9125,16.820833333333333
41,2,20210408;20210507,15068,15641,2,0,13.070833333333333,19.033333333333335
42,3,20210409;20210509;20210510,0,16646,3,1,9.179166666666667,19.095833333333335
43,3,20210410;20210417;20210508,2848,3055,3,0,8.904166666666667,17.775000000000002
44,4,20210411;20210418;20210425;20210516,0,0,1,4,11.6,19.7375
45,6,20210412;20210413;20210414;20210415;20210416;20210518,16126,23411,6,0,10.633333333333335,17.429166666666667
46,3,20210419;20210420;20210524,14814,16585,3,0,16.458333333333332,19.820833333333333
47,5,20210421;20210422;20210423;20210430;20210525,13853,22021,5,0,15.804166666666667,19.0125
48,2,20210424;20210522,2543,2904,2,0,14.833333333333334,19.291666666666668
49,3,20210426;20210427;20210527,14427,26142,3,0,11.970833333333333,18.908333333333335
50,3,20210428;20210429;20210528,18873,20601,3,0,16.283333333333335,18.445833333333333
92,2,20210728;20210730,12688,24285,2,0,26.854166666666668,28.59166666666667
