period,month,hour,weekend,feature,events,controls,event_mean,control_mean,difference
train,1,8,False,평균_lag3,6,15,46.5,55.266666666666666,-8.766666666666666
train,1,8,False,평균_lag2,6,15,53.5,62.4,-8.899999999999999
train,1,8,False,평균_lag1,6,15,83.66666666666667,67.6,16.066666666666677
train,1,8,False,peak_lag1,6,15,117.5,78.6,38.900000000000006
train,1,8,False,pre_delta2,6,15,7.0,7.133333333333334,-0.13333333333333375
train,1,8,False,pre_delta1,6,15,30.166666666666668,5.2,24.96666666666667
train,1,8,False,생산량_lag1,6,15,1083.1666666666667,145.93333333333334,937.2333333333333
train,1,8,False,production_pre_delta,6,15,986.5,74.8,911.7
train,1,8,False,production_pre_start,6,15,0.0,0.0,0.0
train,1,8,False,production_at_start,6,15,0.0,0.26666666666666666,-0.26666666666666666
train,1,8,False,current_jump,6,15,101.16666666666667,9.666666666666666,91.5
train,1,8,True,평균_lag3,4,6,97.0,57.333333333333336,39.666666666666664
train,1,8,True,평균_lag2,4,6,117.0,66.0,51.0
train,1,8,True,평균_lag1,4,6,120.75,55.666666666666664,65.08333333333334
train,1,8,True,peak_lag1,4,6,142.25,70.0,72.25
train,1,8,True,pre_delta2,4,6,20.0,8.666666666666666,11.333333333333334
train,1,8,True,pre_delta1,4,6,3.75,-10.333333333333334,14.083333333333334
train,1,8,True,생산량_lag1,4,6,301.75,215.16666666666666,86.58333333333334
train,1,8,True,production_pre_delta,4,6,275.75,165.66666666666666,110.08333333333334
train,1,8,True,production_pre_start,4,6,0.0,0.0,0.0
train,1,8,True,production_at_start,4,6,0.0,0.0,0.0
train,1,8,True,current_jump,4,6,61.5,12.5,49.0
train,1,9,False,평균_lag3,1,14,121.0,58.214285714285715,62.785714285714285
train,1,9,False,평균_lag2,1,14,133.0,62.92857142857143,70.07142857142857
train,1,9,False,평균_lag1,1,14,162.0,71.21428571428571,90.78571428571429
train,1,9,False,peak_lag1,1,14,177.0,74.0,103.0
train,1,9,False,pre_delta2,1,14,12.0,4.714285714285714,7.285714285714286
train,1,9,False,pre_delta1,1,14,29.0,8.285714285714286,20.714285714285715
train,1,9,False,생산량_lag1,1,14,592.0,154.07142857142858,437.92857142857144
train,1,9,False,production_pre_delta,1,14,592.0,-2.2857142857142856,594.2857142857143
train,1,9,False,production_pre_start,1,14,1.0,0.21428571428571427,0.7857142857142857
train,1,9,False,production_at_start,1,14,0.0,0.0,0.0
train,1,9,False,current_jump,1,14,9.0,1.2857142857142858,7.714285714285714
train,1,10,False,평균_lag3,2,13,137.0,51.0,86.0
train,1,10,False,평균_lag2,2,13,163.5,64.6923076923077,98.8076923076923
train,1,10,False,평균_lag1,2,13,168.5,64.92307692307692,103.57692307692308
train,1,10,False,peak_lag1,2,13,177.0,67.3076923076923,109.6923076923077
train,1,10,False,pre_delta2,2,13,26.5,13.692307692307692,12.807692307692308
train,1,10,False,pre_delta1,2,13,5.0,0.23076923076923078,4.769230769230769
train,1,10,False,생산량_lag1,2,13,601.5,210.15384615384616,391.3461538461538
train,1,10,False,production_pre_delta,2,13,143.5,73.3076923076923,70.1923076923077
train,1,10,False,production_pre_start,2,13,0.0,0.0,0.0
train,1,10,False,production_at_start,2,13,0.0,0.0,0.0
train,1,10,False,current_jump,2,13,3.5,-1.6923076923076923,5.1923076923076925
train,1,11,False,평균_lag3,4,13,183.75,64.6923076923077,119.0576923076923
train,1,11,False,평균_lag2,4,13,178.5,64.92307692307692,113.57692307692308
train,1,11,False,평균_lag1,4,13,165.75,63.23076923076923,102.51923076923077
train,1,11,False,peak_lag1,4,13,178.75,69.23076923076923,109.51923076923077
train,1,11,False,pre_delta2,4,13,-5.25,0.23076923076923078,-5.480769230769231
train,1,11,False,pre_delta1,4,13,-12.75,-1.6923076923076923,-11.057692307692308
train,1,11,False,생산량_lag1,4,13,1329.0,523.2307692307693,805.7692307692307
train,1,11,False,production_pre_delta,4,13,666.25,313.0769230769231,353.1730769230769
train,1,11,False,production_pre_start,4,13,0.0,0.0,0.0
train,1,11,False,production_at_start,4,13,0.0,0.0,0.0
train,1,11,False,current_jump,4,13,15.25,2.1538461538461537,13.096153846153847
train,1,11,True,평균_lag3,1,9,190.0,105.33333333333333,84.66666666666667
train,1,11,True,평균_lag2,1,9,180.0,70.44444444444444,109.55555555555556
train,1,11,True,평균_lag1,1,9,166.0,81.88888888888889,84.11111111111111
train,1,11,True,peak_lag1,1,9,177.0,88.44444444444444,88.55555555555556
train,1,11,True,pre_delta2,1,9,-10.0,-34.888888888888886,24.888888888888886
train,1,11,True,pre_delta1,1,9,-14.0,11.444444444444445,-25.444444444444443
train,1,11,True,생산량_lag1,1,9,0.0,0.0,0.0
train,1,11,True,production_pre_delta,1,9,0.0,0.0,0.0
train,1,11,True,production_pre_start,1,9,0.0,0.0,0.0
train,1,11,True,production_at_start,1,9,0.0,0.1111111111111111,-0.1111111111111111
train,1,11,True,current_jump,1,9,17.0,1.0,16.0
train,1,13,False,평균_lag3,7,14,170.14285714285714,70.71428571428571,99.42857142857143
train,1,13,False,평균_lag2,7,14,179.71428571428572,73.71428571428571,106.00000000000001
train,1,13,False,평균_lag1,7,14,117.28571428571429,50.0,67.28571428571429
train,1,13,False,peak_lag1,7,14,132.57142857142858,57.642857142857146,74.92857142857144
train,1,13,False,pre_delta2,7,14,9.571428571428571,3.0,6.571428571428571
train,1,13,False,pre_delta1,7,14,-62.42857142857143,-23.714285714285715,-38.714285714285715
train,1,13,False,생산량_lag1,7,14,1416.7142857142858,166.78571428571428,1249.9285714285716
train,1,13,False,production_pre_delta,7,14,238.28571428571428,-172.5,410.7857142857143
train,1,13,False,production_pre_start,7,14,0.0,0.0,0.0
train,1,13,False,production_at_start,7,14,0.14285714285714285,0.0,0.14285714285714285
train,1,13,False,current_jump,7,14,63.857142857142854,22.071428571428573,41.78571428571428
train,1,13,True,평균_lag3,3,7,159.66666666666666,60.57142857142857,99.09523809523809
train,1,13,True,평균_lag2,3,7,163.66666666666666,62.57142857142857,101.09523809523809
train,1,13,True,평균_lag1,3,7,105.33333333333333,44.57142857142857,60.76190476190476
train,1,13,True,peak_lag1,3,7,119.33333333333333,48.142857142857146,71.19047619047618
train,1,13,True,pre_delta2,3,7,4.0,2.0,2.0
train,1,13,True,pre_delta1,3,7,-58.333333333333336,-18.0,-40.333333333333336
train,1,13,True,생산량_lag1,3,7,0.0,0.0,0.0
train,1,13,True,production_pre_delta,3,7,0.0,-1.7142857142857142,1.7142857142857142
train,1,13,True,production_pre_start,3,7,0.0,0.0,0.0
train,1,13,True,production_at_start,3,7,0.0,0.0,0.0
train,1,13,True,current_jump,3,7,68.33333333333333,17.0,51.33333333333333
train,1,14,False,평균_lag3,1,13,173.0,66.07692307692308,106.92307692307692
train,1,14,False,평균_lag2,1,13,112.0,45.23076923076923,66.76923076923077
train,1,14,False,평균_lag1,1,13,171.0,64.46153846153847,106.53846153846153
train,1,14,False,peak_lag1,1,13,177.0,66.38461538461539,110.61538461538461
train,1,14,False,pre_delta2,1,13,-61.0,-20.846153846153847,-40.15384615384615
train,1,14,False,pre_delta1,1,13,59.0,19.23076923076923,39.769230769230774
train,1,14,False,생산량_lag1,1,13,946.0,515.7692307692307,430.2307692307693
train,1,14,False,production_pre_delta,1,13,-817.0,471.7692307692308,-1288.7692307692307
train,1,14,False,production_pre_start,1,13,0.0,0.0,0.0
train,1,14,False,production_at_start,1,13,0.0,0.0,0.0
train,1,14,False,current_jump,1,13,6.0,0.7692307692307693,5.230769230769231
train,1,18,False,평균_lag3,2,19,180.0,94.15789473684211,85.84210526315789
train,1,18,False,평균_lag2,2,19,169.5,94.47368421052632,75.02631578947368
train,1,18,False,평균_lag1,2,19,148.0,81.10526315789474,66.89473684210526
train,1,18,False,peak_lag1,2,19,179.0,95.89473684210526,83.10526315789474
train,1,18,False,pre_delta2,2,19,-10.5,0.3157894736842105,-10.81578947368421
train,1,18,False,pre_delta1,2,19,-21.5,-13.368421052631579,-8.131578947368421
train,1,18,False,생산량_lag1,2,19,380.5,320.4736842105263,60.0263157894737
train,1,18,False,production_pre_delta,2,19,-994.0,-401.0,-593.0
train,1,18,False,production_pre_start,2,19,0.0,0.0,0.0
train,1,18,False,production_at_start,2,19,0.0,0.0,0.0
train,1,18,False,current_jump,2,19,27.0,8.947368421052632,18.05263157894737
train,2,8,False,평균_lag3,5,15,95.4,92.2,3.200000000000003
train,2,8,False,평균_lag2,5,15,116.2,108.66666666666667,7.533333333333331
train,2,8,False,평균_lag1,5,15,134.8,111.26666666666667,23.533333333333346
train,2,8,False,peak_lag1,5,15,156.8,131.93333333333334,24.866666666666674
train,2,8,False,pre_delta2,5,15,20.8,16.466666666666665,4.333333333333336
train,2,8,False,pre_delta1,5,15,18.6,2.6,16.0
train,2,8,False,생산량_lag1,5,15,991.4,861.2666666666667,130.13333333333333
train,2,8,False,production_pre_delta,5,15,785.8,676.0,109.79999999999995
train,2,8,False,production_pre_start,5,15,0.0,0.13333333333333333,-0.13333333333333333
train,2,8,False,production_at_start,5,15,0.4,0.13333333333333333,0.2666666666666667
train,2,8,False,current_jump,5,15,48.4,14.666666666666666,33.733333333333334
train,2,9,False,평균_lag3,1,14,121.0,107.78571428571429,13.214285714285708
train,2,9,False,평균_lag2,1,14,133.0,109.71428571428571,23.285714285714292
train,2,9,False,평균_lag1,1,14,162.0,123.35714285714286,38.64285714285714
train,2,9,False,peak_lag1,1,14,177.0,129.42857142857142,47.571428571428584
train,2,9,False,pre_delta2,1,14,12.0,1.9285714285714286,10.071428571428571
train,2,9,False,pre_delta1,1,14,29.0,13.642857142857142,15.357142857142858
train,2,9,False,생산량_lag1,1,14,197.0,644.5714285714286,-447.57142857142856
train,2,9,False,production_pre_delta,1,14,-1171.0,-180.5,-990.5
train,2,9,False,production_pre_start,1,14,0.0,0.14285714285714285,-0.14285714285714285
train,2,9,False,production_at_start,1,14,0.0,0.0,0.0
train,2,9,False,current_jump,1,14,9.0,2.5,6.5
train,2,10,False,평균_lag3,3,12,135.33333333333334,106.58333333333333,28.750000000000014
train,2,10,False,평균_lag2,3,12,166.33333333333334,117.5,48.83333333333334
train,2,10,False,평균_lag1,3,12,171.33333333333334,117.5,53.83333333333334
train,2,10,False,peak_lag1,3,12,178.0,121.16666666666667,56.83333333333333
train,2,10,False,pre_delta2,3,12,31.0,10.916666666666666,20.083333333333336
train,2,10,False,pre_delta1,3,12,5.0,0.0,5.0
train,2,10,False,생산량_lag1,3,12,1198.3333333333333,638.6666666666666,559.6666666666666
train,2,10,False,production_pre_delta,3,12,462.6666666666667,11.333333333333334,451.33333333333337
train,2,10,False,production_pre_start,3,12,0.0,0.0,0.0
train,2,10,False,production_at_start,3,12,0.0,0.0,0.0
train,2,10,False,current_jump,3,12,1.0,-5.916666666666667,6.916666666666667
train,2,11,False,평균_lag3,3,12,180.0,117.5,62.5
train,2,11,False,평균_lag2,3,12,179.0,117.5,61.5
train,2,11,False,평균_lag1,3,12,165.0,111.58333333333333,53.41666666666667
train,2,11,False,peak_lag1,3,12,179.0,121.08333333333333,57.91666666666667
train,2,11,False,pre_delta2,3,12,-1.0,0.0,-1.0
train,2,11,False,pre_delta1,3,12,-14.0,-5.916666666666667,-8.083333333333332
train,2,11,False,생산량_lag1,3,12,1045.3333333333333,1408.6666666666667,-363.3333333333335
train,2,11,False,production_pre_delta,3,12,-492.6666666666667,770.0,-1262.6666666666667
train,2,11,False,production_pre_start,3,12,0.0,0.0,0.0
train,2,11,False,production_at_start,3,12,0.0,0.0,0.0
train,2,11,False,current_jump,3,12,12.666666666666666,4.666666666666667,7.999999999999999
train,2,13,False,평균_lag3,5,15,167.4,124.2,43.2
train,2,13,False,평균_lag2,5,15,173.4,128.73333333333332,44.666666666666686
train,2,13,False,평균_lag1,5,15,108.8,81.46666666666667,27.33333333333333
train,2,13,False,peak_lag1,5,15,125.6,94.86666666666666,30.733333333333334
train,2,13,False,pre_delta2,5,15,6.0,4.533333333333333,1.4666666666666668
train,2,13,False,pre_delta1,5,15,-64.6,-47.266666666666666,-17.33333333333333
train,2,13,False,생산량_lag1,5,15,109.2,136.46666666666667,-27.266666666666666
train,2,13,False,production_pre_delta,5,15,-1497.6,-1079.2,-418.39999999999986
train,2,13,False,production_pre_start,5,15,0.0,0.0,0.0
train,2,13,False,production_at_start,5,15,0.0,0.13333333333333333,-0.13333333333333333
train,2,13,False,current_jump,5,15,67.4,44.06666666666667,23.333333333333336
train,2,14,False,평균_lag3,1,14,173.0,125.57142857142857,47.42857142857143
train,2,14,False,평균_lag2,1,14,112.0,79.28571428571429,32.71428571428571
train,2,14,False,평균_lag1,1,14,171.0,122.28571428571429,48.71428571428571
train,2,14,False,peak_lag1,1,14,177.0,127.78571428571429,49.21428571428571
train,2,14,False,pre_delta2,1,14,-61.0,-46.285714285714285,-14.714285714285715
train,2,14,False,pre_delta1,1,14,59.0,43.0,16.0
train,2,14,False,생산량_lag1,1,14,2776.0,812.8571428571429,1963.142857142857
train,2,14,False,production_pre_delta,1,14,2776.0,666.6428571428571,2109.357142857143
train,2,14,False,production_pre_start,1,14,1.0,0.07142857142857142,0.9285714285714286
train,2,14,False,production_at_start,1,14,0.0,0.0,0.0
train,2,14,False,current_jump,1,14,6.0,-0.2857142857142857,6.285714285714286
train,3,8,False,평균_lag3,7,16,95.0,70.0625,24.9375
train,3,8,False,평균_lag2,7,16,115.42857142857143,81.5625,33.86607142857143
train,3,8,False,평균_lag1,7,16,134.71428571428572,95.5625,39.15178571428572
train,3,8,False,peak_lag1,7,16,155.28571428571428,109.25,46.03571428571428
train,3,8,False,pre_delta2,7,16,20.428571428571427,11.5,8.928571428571427
train,3,8,False,pre_delta1,7,16,19.285714285714285,14.0,5.285714285714285
train,3,8,False,생산량_lag1,7,16,341.85714285714283,449.375,-107.51785714285717
train,3,8,False,production_pre_delta,7,16,232.71428571428572,314.8125,-82.09821428571428
train,3,8,False,production_pre_start,7,16,0.2857142857142857,0.0625,0.2232142857142857
train,3,8,False,production_at_start,7,16,0.14285714285714285,0.125,0.01785714285714285
train,3,8,False,current_jump,7,16,50.714285714285715,23.25,27.464285714285715
train,3,8,True,평균_lag3,4,4,22.5,92.0,-69.5
train,3,8,True,평균_lag2,4,4,22.5,107.0,-84.5
train,3,8,True,평균_lag1,4,4,41.5,61.0,-19.5
train,3,8,True,peak_lag1,4,4,63.5,92.0,-28.5
train,3,8,True,pre_delta2,4,4,0.0,15.0,-15.0
train,3,8,True,pre_delta1,4,4,19.0,-46.0,65.0
train,3,8,True,생산량_lag1,4,4,0.0,1016.25,-1016.25
train,3,8,True,production_pre_delta,4,4,0.0,873.5,-873.5
train,3,8,True,production_pre_start,4,4,0.0,0.0,0.0
train,3,8,True,production_at_start,4,4,0.0,0.0,0.0
train,3,8,True,current_jump,4,4,138.25,-37.0,175.25
train,3,9,False,평균_lag3,1,15,121.0,78.93333333333334,42.06666666666666
train,3,9,False,평균_lag2,1,15,133.0,93.06666666666666,39.93333333333334
train,3,9,False,평균_lag1,1,15,162.0,115.93333333333334,46.06666666666666
train,3,9,False,peak_lag1,1,15,177.0,121.13333333333334,55.86666666666666
train,3,9,False,pre_delta2,1,15,12.0,14.133333333333333,-2.133333333333333
train,3,9,False,pre_delta1,1,15,29.0,22.866666666666667,6.133333333333333
train,3,9,False,생산량_lag1,1,15,309.0,331.6666666666667,-22.666666666666686
train,3,9,False,production_pre_delta,1,15,-144.0,-117.46666666666667,-26.53333333333333
train,3,9,False,production_pre_start,1,15,0.0,0.13333333333333333,-0.13333333333333333
train,3,9,False,production_at_start,1,15,0.0,0.0,0.0
train,3,9,False,current_jump,1,15,9.0,2.4,6.6
train,3,10,False,평균_lag3,3,13,135.33333333333334,87.61538461538461,47.71794871794873
train,3,10,False,평균_lag2,3,13,166.33333333333334,109.38461538461539,56.948717948717956
train,3,10,False,평균_lag1,3,13,171.33333333333334,109.46153846153847,61.871794871794876
train,3,10,False,peak_lag1,3,13,178.0,112.61538461538461,65.38461538461539
train,3,10,False,pre_delta2,3,13,31.0,21.76923076923077,9.23076923076923
train,3,10,False,pre_delta1,3,13,5.0,0.07692307692307693,4.923076923076923
train,3,10,False,생산량_lag1,3,13,745.3333333333334,671.9230769230769,73.41025641025647
train,3,10,False,production_pre_delta,3,13,130.33333333333334,390.84615384615387,-260.51282051282055
train,3,10,False,production_pre_start,3,13,0.0,0.0,0.0
train,3,10,False,production_at_start,3,13,0.0,0.0,0.0
train,3,10,False,current_jump,3,13,1.0,-5.0,6.0
train,3,11,False,평균_lag3,4,14,185.5,114.42857142857143,71.07142857142857
train,3,11,False,평균_lag2,4,14,179.0,114.42857142857143,64.57142857142857
train,3,11,False,평균_lag1,4,14,164.5,108.35714285714286,56.14285714285714
train,3,11,False,peak_lag1,4,14,178.0,118.07142857142857,59.92857142857143
train,3,11,False,pre_delta2,4,14,-6.5,0.0,-6.5
train,3,11,False,pre_delta1,4,14,-14.5,-6.071428571428571,-8.428571428571429
train,3,11,False,생산량_lag1,4,14,628.75,482.7142857142857,146.03571428571428
train,3,11,False,production_pre_delta,4,14,-848.5,-227.57142857142858,-620.9285714285714
train,3,11,False,production_pre_start,4,14,0.0,0.0,0.0
train,3,11,False,production_at_start,4,14,0.0,0.0,0.0
train,3,11,False,current_jump,4,14,17.0,2.357142857142857,14.642857142857142
train,3,11,True,평균_lag3,1,5,183.0,53.4,129.6
train,3,11,True,평균_lag2,1,5,178.0,50.8,127.2
train,3,11,True,평균_lag1,1,5,171.0,49.8,121.2
train,3,11,True,peak_lag1,1,5,180.0,52.8,127.2
train,3,11,True,pre_delta2,1,5,-5.0,-2.6,-2.4
train,3,11,True,pre_delta1,1,5,-7.0,-1.0,-6.0
train,3,11,True,생산량_lag1,1,5,0.0,0.0,0.0
train,3,11,True,production_pre_delta,1,5,0.0,0.0,0.0
train,3,11,True,production_pre_start,1,5,0.0,0.0,0.0
train,3,11,True,production_at_start,1,5,0.0,0.0,0.0
train,3,11,True,current_jump,1,5,10.0,3.8,6.2
train,3,13,False,평균_lag3,7,16,165.57142857142858,117.625,47.946428571428584
train,3,13,False,평균_lag2,7,16,172.0,121.375,50.625
train,3,13,False,평균_lag1,7,16,110.0,77.125,32.875
train,3,13,False,peak_lag1,7,16,125.85714285714286,89.625,36.23214285714286
train,3,13,False,pre_delta2,7,16,6.428571428571429,3.75,2.678571428571429
train,3,13,False,pre_delta1,7,16,-62.0,-44.25,-17.75
train,3,13,False,생산량_lag1,7,16,1255.2857142857142,480.3125,774.9732142857142
train,3,13,False,production_pre_delta,7,16,223.71428571428572,-547.9375,771.6517857142858
train,3,13,False,production_pre_start,7,16,0.0,0.0,0.0
train,3,13,False,production_at_start,7,16,0.2857142857142857,0.0625,0.2232142857142857
train,3,13,False,current_jump,7,16,66.42857142857143,41.375,25.05357142857143
train,3,13,True,평균_lag3,4,4,171.0,22.0,149.0
train,3,13,True,평균_lag2,4,4,178.25,25.0,153.25
train,3,13,True,평균_lag1,4,4,117.5,22.0,95.5
train,3,13,True,peak_lag1,4,4,134.0,23.0,111.0
train,3,13,True,pre_delta2,4,4,7.25,3.0,4.25
train,3,13,True,pre_delta1,4,4,-60.75,-3.0,-57.75
train,3,13,True,생산량_lag1,4,4,0.0,0.0,0.0
train,3,13,True,production_pre_delta,4,4,0.0,0.0,0.0
train,3,13,True,production_pre_start,4,4,0.0,0.0,0.0
train,3,13,True,production_at_start,4,4,0.0,0.0,0.0
train,3,13,True,current_jump,4,4,66.5,0.0,66.5
train,3,14,False,평균_lag3,1,15,173.0,117.93333333333334,55.06666666666666
train,3,14,False,평균_lag2,1,15,112.0,74.8,37.2
train,3,14,False,평균_lag1,1,15,171.0,115.0,56.0
train,3,14,False,peak_lag1,1,15,177.0,119.6,57.400000000000006
train,3,14,False,pre_delta2,1,15,-61.0,-43.13333333333333,-17.866666666666667
train,3,14,False,pre_delta1,1,15,59.0,40.2,18.799999999999997
train,3,14,False,생산량_lag1,1,15,1059.0,719.4,339.6
train,3,14,False,production_pre_delta,1,15,-4148.0,554.2,-4702.2
train,3,14,False,production_pre_start,1,15,0.0,0.06666666666666667,-0.06666666666666667
train,3,14,False,production_at_start,1,15,0.0,0.0,0.0
train,3,14,False,current_jump,1,15,6.0,0.26666666666666666,5.733333333333333
train,3,18,True,평균_lag3,2,6,180.0,72.0,108.0
train,3,18,True,평균_lag2,2,6,169.5,69.5,100.0
train,3,18,True,평균_lag1,2,6,148.0,59.666666666666664,88.33333333333334
train,3,18,True,peak_lag1,2,6,179.0,67.5,111.5
train,3,18,True,pre_delta2,2,6,-10.5,-2.5,-8.0
train,3,18,True,pre_delta1,2,6,-21.5,-9.833333333333334,-11.666666666666666
train,3,18,True,생산량_lag1,2,6,0.0,0.0,0.0
train,3,18,True,production_pre_delta,2,6,0.0,0.0,0.0
train,3,18,True,production_pre_start,2,6,0.0,0.0,0.0
train,3,18,True,production_at_start,2,6,0.0,0.0,0.0
train,3,18,True,current_jump,2,6,27.0,8.333333333333334,18.666666666666664
train,4,8,False,평균_lag3,4,18,22.0,78.66666666666667,-56.66666666666667
train,4,8,False,평균_lag2,4,18,23.25,93.22222222222223,-69.97222222222223
train,4,8,False,평균_lag1,4,18,59.5,112.38888888888889,-52.888888888888886
train,4,8,False,peak_lag1,4,18,105.0,134.22222222222223,-29.22222222222223
train,4,8,False,pre_delta2,4,18,1.25,14.555555555555555,-13.305555555555555
train,4,8,False,pre_delta1,4,18,36.25,19.166666666666668,17.083333333333332
train,4,8,False,생산량_lag1,4,18,566.0,985.6666666666666,-419.66666666666663
train,4,8,False,production_pre_delta,4,18,483.5,889.1111111111111,-405.6111111111111
train,4,8,False,production_pre_start,4,18,0.0,0.16666666666666666,-0.16666666666666666
train,4,8,False,production_at_start,4,18,0.25,0.1111111111111111,0.1388888888888889
train,4,8,False,current_jump,4,18,118.5,52.5,66.0
train,4,13,False,평균_lag3,7,15,156.14285714285714,156.93333333333334,-0.7904761904761983
train,4,13,False,평균_lag2,7,15,169.0,164.06666666666666,4.933333333333337
train,4,13,False,평균_lag1,7,15,101.0,98.2,2.799999999999997
train,4,13,False,peak_lag1,7,15,131.14285714285714,118.73333333333333,12.409523809523805
train,4,13,False,pre_delta2,7,15,12.857142857142858,7.133333333333334,5.723809523809524
train,4,13,False,pre_delta1,7,15,-68.0,-65.86666666666666,-2.13333333333334
train,4,13,False,생산량_lag1,7,15,591.2857142857143,824.2666666666667,-232.98095238095232
train,4,13,False,production_pre_delta,7,15,-1565.857142857143,-351.46666666666664,-1214.3904761904762
train,4,13,False,production_pre_start,7,15,0.0,0.0,0.0
train,4,13,False,production_at_start,7,15,0.0,0.0,0.0
train,4,13,False,current_jump,7,15,76.57142857142857,60.93333333333333,15.63809523809524
train,5,8,False,평균_lag3,4,17,21.75,76.47058823529412,-54.720588235294116
train,5,8,False,평균_lag2,4,17,23.0,88.23529411764706,-65.23529411764706
train,5,8,False,평균_lag1,4,17,57.25,101.76470588235294,-44.51470588235294
train,5,8,False,peak_lag1,4,17,102.5,124.76470588235294,-22.264705882352942
train,5,8,False,pre_delta2,4,17,1.25,11.764705882352942,-10.514705882352942
train,5,8,False,pre_delta1,4,17,34.25,13.529411764705882,20.720588235294116
train,5,8,False,생산량_lag1,4,17,6.0,1382.764705882353,-1376.764705882353
train,5,8,False,production_pre_delta,4,17,6.0,1191.0588235294117,-1185.0588235294117
train,5,8,False,production_pre_start,4,17,0.25,0.0,0.25
train,5,8,False,production_at_start,4,17,0.75,0.17647058823529413,0.5735294117647058
train,5,8,False,current_jump,4,17,120.5,44.35294117647059,76.14705882352942
train,5,8,True,평균_lag3,1,9,24.0,56.55555555555556,-32.55555555555556
train,5,8,True,평균_lag2,1,9,24.0,65.44444444444444,-41.44444444444444
train,5,8,True,평균_lag1,1,9,64.0,45.888888888888886,18.111111111111114
train,5,8,True,peak_lag1,1,9,131.0,59.111111111111114,71.88888888888889
train,5,8,True,pre_delta2,1,9,0.0,8.88888888888889,-8.88888888888889
train,5,8,True,pre_delta1,1,9,40.0,-19.555555555555557,59.55555555555556
train,5,8,True,생산량_lag1,1,9,0.0,651.8888888888889,-651.8888888888889
train,5,8,True,production_pre_delta,1,9,0.0,308.1111111111111,-308.1111111111111
train,5,8,True,production_pre_start,1,9,0.0,0.0,0.0
train,5,8,True,production_at_start,1,9,0.0,0.0,0.0
train,5,8,True,current_jump,1,9,113.0,-24.22222222222222,137.22222222222223
train,5,11,False,평균_lag3,2,19,171.5,150.10526315789474,21.39473684210526
train,5,11,False,평균_lag2,2,19,160.0,148.0,12.0
train,5,11,False,평균_lag1,2,19,156.5,140.68421052631578,15.81578947368422
train,5,11,False,peak_lag1,2,19,173.0,153.10526315789474,19.89473684210526
train,5,11,False,pre_delta2,2,19,-11.5,-2.1052631578947367,-9.394736842105264
train,5,11,False,pre_delta1,2,19,-3.5,-7.315789473684211,3.8157894736842106
train,5,11,False,생산량_lag1,2,19,617.0,1333.3684210526317,-716.3684210526317
train,5,11,False,production_pre_delta,2,19,-245.5,272.05263157894734,-517.5526315789473
train,5,11,False,production_pre_start,2,19,0.0,0.0,0.0
train,5,11,False,production_at_start,2,19,0.0,0.0,0.0
train,5,11,False,current_jump,2,19,12.0,8.842105263157896,3.1578947368421044
train,5,13,False,평균_lag3,4,17,154.25,139.35294117647058,14.89705882352942
train,5,13,False,평균_lag2,4,17,169.5,147.05882352941177,22.441176470588232
train,5,13,False,평균_lag1,4,17,99.75,89.88235294117646,9.867647058823536
train,5,13,False,peak_lag1,4,17,129.5,109.41176470588235,20.088235294117652
train,5,13,False,pre_delta2,4,17,15.25,7.705882352941177,7.544117647058823
train,5,13,False,pre_delta1,4,17,-69.75,-57.1764705882353,-12.573529411764703
train,5,13,False,생산량_lag1,4,17,247.0,417.5882352941176,-170.58823529411762
train,5,13,False,production_pre_delta,4,17,-944.75,-874.0,-70.75
train,5,13,False,production_pre_start,4,17,0.0,0.0,0.0
train,5,13,False,production_at_start,4,17,0.25,0.0,0.25
train,5,13,False,current_jump,4,17,77.75,54.35294117647059,23.397058823529413
train,6,8,False,평균_lag3,11,11,68.81818181818181,92.36363636363636,-23.545454545454547
train,6,8,False,평균_lag2,11,11,81.63636363636364,109.0909090909091,-27.454545454545453
train,6,8,False,평균_lag1,11,11,106.9090909090909,128.0909090909091,-21.181818181818187
train,6,8,False,peak_lag1,11,11,134.72727272727272,147.0909090909091,-12.363636363636374
train,6,8,False,pre_delta2,11,11,12.818181818181818,16.727272727272727,-3.9090909090909083
train,6,8,False,pre_delta1,11,11,25.272727272727273,19.0,6.272727272727273
train,6,8,False,생산량_lag1,11,11,720.8181818181819,1004.9090909090909,-284.090909090909
train,6,8,False,production_pre_delta,11,11,654.0,837.2727272727273,-183.27272727272725
train,6,8,False,production_pre_start,11,11,0.09090909090909091,0.0,0.09090909090909091
train,6,8,False,production_at_start,11,11,0.36363636363636365,0.0,0.36363636363636365
train,6,8,False,current_jump,11,11,76.45454545454545,35.18181818181818,41.27272727272727
train,6,9,False,평균_lag3,1,10,121.0,107.9,13.099999999999994
train,6,9,False,평균_lag2,1,10,133.0,127.6,5.400000000000006
train,6,9,False,평균_lag1,1,10,162.0,163.4,-1.4000000000000057
train,6,9,False,peak_lag1,1,10,177.0,171.2,5.800000000000011
train,6,9,False,pre_delta2,1,10,12.0,19.7,-7.699999999999999
train,6,9,False,pre_delta1,1,10,29.0,35.8,-6.799999999999997
train,6,9,False,생산량_lag1,1,10,470.0,757.4,-287.4
train,6,9,False,production_pre_delta,1,10,-616.0,-239.4,-376.6
train,6,9,False,production_pre_start,1,10,0.0,0.0,0.0
train,6,9,False,production_at_start,1,10,0.0,0.0,0.0
train,6,9,False,current_jump,1,10,9.0,3.6,5.4
train,6,10,False,평균_lag3,3,9,135.33333333333334,119.44444444444444,15.8888888888889
train,6,10,False,평균_lag2,3,9,166.33333333333334,165.33333333333334,1.0
train,6,10,False,평균_lag1,3,9,171.33333333333334,164.88888888888889,6.444444444444457
train,6,10,False,peak_lag1,3,9,178.0,170.88888888888889,7.111111111111114
train,6,10,False,pre_delta2,3,9,31.0,45.888888888888886,-14.888888888888886
train,6,10,False,pre_delta1,3,9,5.0,-0.4444444444444444,5.444444444444445
train,6,10,False,생산량_lag1,3,9,2338.3333333333335,974.3333333333334,1364.0
train,6,10,False,production_pre_delta,3,9,1722.3333333333333,193.11111111111111,1529.2222222222222
train,6,10,False,production_pre_start,3,9,0.0,0.0,0.0
train,6,10,False,production_at_start,3,9,0.0,0.0,0.0
train,6,10,False,current_jump,3,9,1.0,-8.88888888888889,9.88888888888889
train,6,11,False,평균_lag3,5,10,185.0,166.8,18.19999999999999
train,6,11,False,평균_lag2,5,10,178.8,166.3,12.5
train,6,11,False,평균_lag1,5,10,165.8,156.3,9.5
train,6,11,False,peak_lag1,5,10,178.4,169.9,8.5
train,6,11,False,pre_delta2,5,10,-6.2,-0.5,-5.7
train,6,11,False,pre_delta1,5,10,-13.0,-10.0,-3.0
train,6,11,False,생산량_lag1,5,10,881.2,2001.0,-1119.8
train,6,11,False,production_pre_delta,5,10,-88.6,980.4,-1069.0
train,6,11,False,production_pre_start,5,10,0.0,0.0,0.0
train,6,11,False,production_at_start,5,10,0.0,0.0,0.0
train,6,11,False,current_jump,5,10,15.6,4.5,11.1
train,6,13,False,평균_lag3,11,11,167.54545454545453,160.63636363636363,6.9090909090909065
train,6,13,False,평균_lag2,11,11,174.27272727272728,166.54545454545453,7.727272727272748
train,6,13,False,평균_lag1,11,11,112.72727272727273,102.63636363636364,10.090909090909093
train,6,13,False,peak_lag1,11,11,128.8181818181818,120.81818181818181,8.0
train,6,13,False,pre_delta2,11,11,6.7272727272727275,5.909090909090909,0.8181818181818183
train,6,13,False,pre_delta1,11,11,-61.54545454545455,-63.90909090909091,2.3636363636363598
train,6,13,False,생산량_lag1,11,11,254.0909090909091,325.3636363636364,-71.27272727272728
train,6,13,False,production_pre_delta,11,11,-1829.4545454545455,-914.0,-915.4545454545455
train,6,13,False,production_pre_start,11,11,0.0,0.0,0.0
train,6,13,False,production_at_start,11,11,0.09090909090909091,0.09090909090909091,0.0
train,6,13,False,current_jump,11,11,66.45454545454545,60.18181818181818,6.272727272727273
train,6,14,False,평균_lag3,1,10,173.0,165.9,7.099999999999994
train,6,14,False,평균_lag2,1,10,112.0,101.7,10.299999999999997
train,6,14,False,평균_lag1,1,10,171.0,162.0,9.0
train,6,14,False,peak_lag1,1,10,177.0,168.9,8.099999999999994
train,6,14,False,pre_delta2,1,10,-61.0,-64.2,3.200000000000003
train,6,14,False,pre_delta1,1,10,59.0,60.3,-1.2999999999999972
train,6,14,False,생산량_lag1,1,10,2845.0,1065.1,1779.9
train,6,14,False,production_pre_delta,1,10,2571.0,734.6,1836.4
train,6,14,False,production_pre_start,1,10,0.0,0.1,-0.1
train,6,14,False,production_at_start,1,10,0.0,0.0,0.0
train,6,14,False,current_jump,1,10,6.0,-0.6,6.6
train,6,18,False,평균_lag3,2,20,180.0,158.1,21.900000000000006
train,6,18,False,평균_lag2,2,20,169.5,160.85,8.650000000000006
train,6,18,False,평균_lag1,2,20,148.0,134.85,13.150000000000006
train,6,18,False,peak_lag1,2,20,179.0,160.45,18.55000000000001
train,6,18,False,pre_delta2,2,20,-10.5,2.75,-13.25
train,6,18,False,pre_delta1,2,20,-21.5,-26.0,4.5
train,6,18,False,생산량_lag1,2,20,1521.5,811.25,710.25
train,6,18,False,production_pre_delta,2,20,-58.5,-587.6,529.1
train,6,18,False,production_pre_start,2,20,0.0,0.0,0.0
train,6,18,False,production_at_start,2,20,0.0,0.0,0.0
train,6,18,False,current_jump,2,20,27.0,16.95,10.05
validation,7,8,False,평균_lag3,19,1,79.05263157894737,96.0,-16.94736842105263
validation,7,8,False,평균_lag2,19,1,91.26315789473684,112.0,-20.736842105263165
validation,7,8,False,평균_lag1,19,1,119.52631578947368,133.0,-13.473684210526315
validation,7,8,False,peak_lag1,19,1,146.26315789473685,143.0,3.2631578947368496
validation,7,8,False,pre_delta2,19,1,12.210526315789474,16.0,-3.7894736842105257
validation,7,8,False,pre_delta1,19,1,28.263157894736842,21.0,7.2631578947368425
validation,7,8,False,생산량_lag1,19,1,925.4736842105264,938.0,-12.526315789473642
validation,7,8,False,production_pre_delta,19,1,819.4736842105264,902.0,-82.52631578947364
validation,7,8,False,production_pre_start,19,1,0.10526315789473684,0.0,0.10526315789473684
validation,7,8,False,production_at_start,19,1,0.21052631578947367,0.0,0.21052631578947367
validation,7,8,False,current_jump,19,1,66.78947368421052,28.0,38.78947368421052
validation,7,10,False,평균_lag3,1,1,63.0,137.0,-74.0
validation,7,10,False,평균_lag2,1,1,168.0,174.0,-6.0
validation,7,10,False,평균_lag1,1,1,170.0,166.0,4.0
validation,7,10,False,peak_lag1,1,1,175.0,168.0,7.0
validation,7,10,False,pre_delta2,1,1,105.0,37.0,68.0
validation,7,10,False,pre_delta1,1,1,2.0,-8.0,10.0
validation,7,10,False,생산량_lag1,1,1,2566.0,565.0,2001.0
validation,7,10,False,production_pre_delta,1,1,1584.0,1.0,1583.0
validation,7,10,False,production_pre_start,1,1,0.0,0.0,0.0
validation,7,10,False,production_at_start,1,1,0.0,0.0,0.0
validation,7,10,False,current_jump,1,1,3.0,-2.0,5.0
validation,7,11,False,평균_lag3,2,1,170.5,174.0,-3.5
validation,7,11,False,평균_lag2,2,1,177.5,166.0,11.5
validation,7,11,False,평균_lag1,2,1,166.0,164.0,2.0
validation,7,11,False,peak_lag1,2,1,177.5,176.0,1.5
validation,7,11,False,pre_delta2,2,1,7.0,-8.0,15.0
validation,7,11,False,pre_delta1,2,1,-11.5,-2.0,-9.5
validation,7,11,False,생산량_lag1,2,1,652.0,1753.0,-1101.0
validation,7,11,False,production_pre_delta,2,1,-141.0,1188.0,-1329.0
validation,7,11,False,production_pre_start,2,1,0.0,0.0,0.0
validation,7,11,False,production_at_start,2,1,0.0,0.0,0.0
validation,7,11,False,current_jump,2,1,11.5,7.0,4.5
validation,7,13,False,평균_lag3,12,8,181.41666666666666,173.625,7.791666666666657
validation,7,13,False,평균_lag2,12,8,194.25,182.75,11.5
validation,7,13,False,평균_lag1,12,8,115.5,108.625,6.875
validation,7,13,False,peak_lag1,12,8,132.25,123.25,9.0
validation,7,13,False,pre_delta2,12,8,12.833333333333334,9.125,3.708333333333334
validation,7,13,False,pre_delta1,12,8,-78.75,-74.125,-4.625
validation,7,13,False,생산량_lag1,12,8,92.33333333333333,73.875,18.45833333333333
validation,7,13,False,production_pre_delta,12,8,-1183.75,-1377.75,194.0
validation,7,13,False,production_pre_start,12,8,0.0,0.0,0.0
validation,7,13,False,production_at_start,12,8,0.5833333333333334,0.375,0.20833333333333337
validation,7,13,False,current_jump,12,8,68.66666666666667,59.125,9.541666666666671
validation,7,14,False,평균_lag3,6,2,183.66666666666666,180.0,3.666666666666657
validation,7,14,False,평균_lag2,6,2,108.16666666666667,110.0,-1.8333333333333286
validation,7,14,False,평균_lag1,6,2,167.0,170.0,-3.0
validation,7,14,False,peak_lag1,6,2,177.0,181.0,-4.0
validation,7,14,False,pre_delta2,6,2,-75.5,-70.0,-5.5
validation,7,14,False,pre_delta1,6,2,58.833333333333336,60.0,-1.1666666666666643
validation,7,14,False,생산량_lag1,6,2,1684.8333333333333,1374.0,310.83333333333326
validation,7,14,False,production_pre_delta,6,2,1632.8333333333333,1234.5,398.33333333333326
validation,7,14,False,production_pre_start,6,2,0.5,0.0,0.5
validation,7,14,False,production_at_start,6,2,0.0,0.0,0.0
validation,7,14,False,current_jump,6,2,13.666666666666666,-2.5,16.166666666666664
validation,7,17,False,평균_lag3,2,11,196.0,178.36363636363637,17.636363636363626
validation,7,17,False,평균_lag2,2,11,161.0,157.0909090909091,3.9090909090909065
validation,7,17,False,평균_lag1,2,11,174.0,166.1818181818182,7.818181818181813
validation,7,17,False,peak_lag1,2,11,181.0,173.0,8.0
validation,7,17,False,pre_delta2,2,11,-35.0,-21.272727272727273,-13.727272727272727
validation,7,17,False,pre_delta1,2,11,13.0,9.090909090909092,3.9090909090909083
validation,7,17,False,생산량_lag1,2,11,2161.0,1743.1818181818182,417.81818181818176
validation,7,17,False,production_pre_delta,2,11,1616.0,89.45454545454545,1526.5454545454545
validation,7,17,False,production_pre_start,2,11,0.0,0.0,0.0
validation,7,17,False,production_at_start,2,11,0.0,0.0,0.0
validation,7,17,False,current_jump,2,11,-27.0,-30.636363636363637,3.6363636363636367
validation,7,18,False,평균_lag3,2,14,162.5,160.07142857142858,2.4285714285714164
validation,7,18,False,평균_lag2,2,14,177.0,169.57142857142858,7.428571428571416
validation,7,18,False,평균_lag1,2,14,134.0,135.28571428571428,-1.2857142857142776
validation,7,18,False,peak_lag1,2,14,164.0,163.42857142857142,0.5714285714285836
validation,7,18,False,pre_delta2,2,14,14.5,9.5,5.0
validation,7,18,False,pre_delta1,2,14,-43.0,-34.285714285714285,-8.714285714285715
validation,7,18,False,생산량_lag1,2,14,3730.0,826.5,2903.5
validation,7,18,False,production_pre_delta,2,14,1909.5,-1247.7142857142858,3157.214285714286
validation,7,18,False,production_pre_start,2,14,0.0,0.0,0.0
validation,7,18,False,production_at_start,2,14,0.0,0.0,0.0
validation,7,18,False,current_jump,2,14,41.0,26.785714285714285,14.214285714285715
validation,8,8,False,평균_lag3,12,10,71.83333333333333,47.8,24.03333333333333
validation,8,8,False,평균_lag2,12,10,86.5,54.9,31.6
validation,8,8,False,평균_lag1,12,10,113.33333333333333,65.9,47.43333333333332
validation,8,8,False,peak_lag1,12,10,137.41666666666666,78.1,59.31666666666666
validation,8,8,False,pre_delta2,12,10,14.666666666666666,7.1,7.566666666666666
validation,8,8,False,pre_delta1,12,10,26.833333333333332,11.0,15.833333333333332
validation,8,8,False,생산량_lag1,12,10,667.8333333333334,461.7,206.13333333333338
validation,8,8,False,production_pre_delta,12,10,430.8333333333333,392.0,38.833333333333314
validation,8,8,False,production_pre_start,12,10,0.16666666666666666,0.0,0.16666666666666666
validation,8,8,False,production_at_start,12,10,0.08333333333333333,0.1,-0.016666666666666677
validation,8,8,False,current_jump,12,10,70.16666666666667,27.8,42.366666666666674
validation,8,9,False,평균_lag3,2,8,67.0,51.875,15.125
validation,8,9,False,평균_lag2,2,8,90.5,59.75,30.75
validation,8,9,False,평균_lag1,2,8,167.0,75.375,91.625
validation,8,9,False,peak_lag1,2,8,179.0,79.75,99.25
validation,8,9,False,pre_delta2,2,8,23.5,7.875,15.625
validation,8,9,False,pre_delta1,2,8,76.5,15.625,60.875
validation,8,9,False,생산량_lag1,2,8,706.0,367.25,338.75
validation,8,9,False,production_pre_delta,2,8,246.5,-95.0,341.5
validation,8,9,False,production_pre_start,2,8,0.5,0.0,0.5
validation,8,9,False,production_at_start,2,8,0.0,0.0,0.0
validation,8,9,False,current_jump,2,8,7.5,-0.125,7.625
validation,8,10,False,평균_lag3,2,8,95.5,59.75,35.75
validation,8,10,False,평균_lag2,2,8,170.5,75.375,95.125
validation,8,10,False,평균_lag1,2,8,170.5,75.25,95.25
validation,8,10,False,peak_lag1,2,8,180.5,77.75,102.75
validation,8,10,False,pre_delta2,2,8,75.0,15.625,59.375
validation,8,10,False,pre_delta1,2,8,0.0,-0.125,0.125
validation,8,10,False,생산량_lag1,2,8,1758.0,416.75,1341.25
validation,8,10,False,production_pre_delta,2,8,1083.5,49.5,1034.0
validation,8,10,False,production_pre_start,2,8,0.0,0.0,0.0
validation,8,10,False,production_at_start,2,8,0.0,0.0,0.0
validation,8,10,False,current_jump,2,8,3.5,-2.875,6.375
validation,8,11,False,평균_lag3,5,7,175.2,63.285714285714285,111.91428571428571
validation,8,11,False,평균_lag2,5,7,173.0,64.42857142857143,108.57142857142857
validation,8,11,False,평균_lag1,5,7,163.8,58.142857142857146,105.65714285714287
validation,8,11,False,peak_lag1,5,7,175.8,62.714285714285715,113.08571428571429
validation,8,11,False,pre_delta2,5,7,-2.2,1.1428571428571428,-3.342857142857143
validation,8,11,False,pre_delta1,5,7,-9.2,-6.285714285714286,-2.9142857142857137
validation,8,11,False,생산량_lag1,5,7,1308.2,414.57142857142856,893.6285714285715
validation,8,11,False,production_pre_delta,5,7,409.2,91.71428571428571,317.48571428571427
validation,8,11,False,production_pre_start,5,7,0.0,0.0,0.0
validation,8,11,False,production_at_start,5,7,0.0,0.0,0.0
validation,8,11,False,current_jump,5,7,15.2,3.857142857142857,11.342857142857142
validation,8,13,False,평균_lag3,8,14,178.375,112.42857142857143,65.94642857142857
validation,8,13,False,평균_lag2,8,14,184.625,119.5,65.125
validation,8,13,False,평균_lag1,8,14,114.875,77.21428571428571,37.66071428571429
validation,8,13,False,peak_lag1,8,14,132.5,88.57142857142857,43.92857142857143
validation,8,13,False,pre_delta2,8,14,6.25,7.071428571428571,-0.8214285714285712
validation,8,13,False,pre_delta1,8,14,-69.75,-42.285714285714285,-27.464285714285715
validation,8,13,False,생산량_lag1,8,14,123.25,552.8571428571429,-429.6071428571429
validation,8,13,False,production_pre_delta,8,14,-1323.25,-607.5,-715.75
validation,8,13,False,production_pre_start,8,14,0.0,0.0,0.0
validation,8,13,False,production_at_start,8,14,0.125,0.14285714285714285,-0.01785714285714285
validation,8,13,False,current_jump,8,14,65.125,39.5,25.625
validation,8,14,False,평균_lag3,5,9,178.6,86.66666666666667,91.93333333333332
validation,8,14,False,평균_lag2,5,9,108.6,59.77777777777778,48.822222222222216
validation,8,14,False,평균_lag1,5,9,172.8,85.55555555555556,87.24444444444445
validation,8,14,False,peak_lag1,5,9,177.8,88.22222222222223,89.57777777777778
validation,8,14,False,pre_delta2,5,9,-70.0,-26.88888888888889,-43.111111111111114
validation,8,14,False,pre_delta1,5,9,64.2,25.77777777777778,38.422222222222224
validation,8,14,False,생산량_lag1,5,9,1628.2,731.3333333333334,896.8666666666667
validation,8,14,False,production_pre_delta,5,9,235.0,645.3333333333334,-410.33333333333337
validation,8,14,False,production_pre_start,5,9,0.0,0.2222222222222222,-0.2222222222222222
validation,8,14,False,production_at_start,5,9,0.0,0.0,0.0
validation,8,14,False,current_jump,5,9,5.6,-1.7777777777777777,7.377777777777777
validation,8,16,False,평균_lag3,2,12,182.0,107.91666666666667,74.08333333333333
validation,8,16,False,평균_lag2,2,12,178.5,107.33333333333333,71.16666666666667
validation,8,16,False,평균_lag1,2,12,154.0,100.08333333333333,53.91666666666667
validation,8,16,False,peak_lag1,2,12,179.0,109.16666666666667,69.83333333333333
validation,8,16,False,pre_delta2,2,12,-3.5,-0.5833333333333334,-2.9166666666666665
validation,8,16,False,pre_delta1,2,12,-24.5,-7.25,-17.25
validation,8,16,False,생산량_lag1,2,12,1210.5,1610.5,-400.0
validation,8,16,False,production_pre_delta,2,12,-125.5,424.0,-549.5
validation,8,16,False,production_pre_start,2,12,0.0,0.0,0.0
validation,8,16,False,production_at_start,2,12,0.0,0.0,0.0
validation,8,16,False,current_jump,2,12,21.5,0.08333333333333333,21.416666666666668
validation,8,18,False,평균_lag3,1,20,153.0,128.4,24.599999999999994
validation,8,18,False,평균_lag2,1,20,182.0,130.15,51.849999999999994
validation,8,18,False,평균_lag1,1,20,151.0,105.5,45.5
validation,8,18,False,peak_lag1,1,20,177.0,124.15,52.849999999999994
validation,8,18,False,pre_delta2,1,20,29.0,1.75,27.25
validation,8,18,False,pre_delta1,1,20,-31.0,-24.65,-6.350000000000001
validation,8,18,False,생산량_lag1,1,20,251.0,754.85,-503.85
validation,8,18,False,production_pre_delta,1,20,-79.0,-904.35,825.35
validation,8,18,False,production_pre_start,1,20,0.0,0.0,0.0
validation,8,18,False,production_at_start,1,20,0.0,0.05,-0.05
validation,8,18,False,current_jump,1,20,29.0,12.95,16.05
validation,8,19,False,평균_lag3,1,20,170.0,129.95,40.05000000000001
validation,8,19,False,평균_lag2,1,20,135.0,105.8,29.200000000000003
validation,8,19,False,평균_lag1,1,20,172.0,118.05,53.95
validation,8,19,False,peak_lag1,1,20,177.0,123.65,53.349999999999994
validation,8,19,False,pre_delta2,1,20,-35.0,-24.15,-10.850000000000001
validation,8,19,False,pre_delta1,1,20,37.0,12.25,24.75
validation,8,19,False,생산량_lag1,1,20,1081.0,1029.0,52.0
validation,8,19,False,production_pre_delta,1,20,446.0,278.0,168.0
validation,8,19,False,production_pre_start,1,20,0.0,0.05,-0.05
validation,8,19,False,production_at_start,1,20,0.0,0.0,0.0
validation,8,19,False,current_jump,1,20,-11.0,-11.15,0.15000000000000036
