variable,평균,생산량,기온,풍속,습도,강수량,전기요금(계절),공장인원,인건비
평균,1.0,0.7520169945586993,0.057763348162219924,0.1371325809324426,-0.1187309301157949,-0.01403861231316625,0.05074251427002562,0.7079655992234202,-0.2508902734473265
생산량,0.7520169945586993,1.0,0.1135612211503825,0.08877518283756383,-0.08527176081578265,-0.0056870118086539915,0.1044724481475179,0.9934570623663523,-0.20968818083622684
기온,0.057763348162219924,0.1135612211503825,1.0,-0.15573733075486287,0.35224528570802444,0.1583884890830578,0.8605008886956415,0.10022232985945378,-0.19676638458282078
풍속,0.1371325809324426,0.08877518283756383,-0.15573733075486287,1.0,-0.43612948916603683,0.008536719736934833,-0.26375847712097045,0.0793562767464084,-0.3634393546419078
습도,-0.1187309301157949,-0.08527176081578265,0.35224528570802444,-0.43612948916603683,1.0,0.4574337333742373,0.5419027376570589,-0.08159046412353921,0.3034649397108773
강수량,-0.01403861231316625,-0.0056870118086539915,0.1583884890830578,0.008536719736934833,0.4574337333742373,1.0,0.20100480694787937,-0.00922525326584864,-0.05137574191711577
전기요금(계절),0.05074251427002562,0.1044724481475179,0.8605008886956415,-0.26375847712097045,0.5419027376570589,0.20100480694787937,1.0,0.09431128736895786,0.0
공장인원,0.7079655992234202,0.9934570623663523,0.10022232985945378,0.0793562767464084,-0.08159046412353921,-0.00922525326584864,0.09431128736895786,1.0,-0.18322497451482447
인건비,-0.2508902734473265,-0.20968818083622684,-0.19676638458282078,-0.3634393546419078,0.3034649397108773,-0.05137574191711577,0.0,-0.18322497451482447,1.0
