variable,population,scale,n,skew,largest_equal_width_bin_share,zero_share,pearson,spearman,within_hour_weekday_pearson
생산량,all,raw,5784,3.2719987028142277,0.8250345781466113,0.4334370677731674,0.5198146098788674,0.7520169945586993,0.283311220901944
생산량,all,sqrt,5784,1.1955247902399315,0.559820193637621,0.4334370677731674,0.691284816751353,0.7520169945586993,0.46180061940035666
생산량,all,log1p,5784,0.09630271237825497,0.4362033195020747,0.4334370677731674,0.7657880349030922,0.7520169945586993,0.5607174446458772
생산량,all,asinh,5784,0.04685660049406715,0.4362033195020747,0.4334370677731674,0.7660213762415139,0.7520169945586993,0.5633402304252275
생산량,positive,raw,3277,2.57536374340008,0.6917912725053402,0.0,0.41606465642625223,0.6095613942417623,0.027325333629265706
생산량,positive,sqrt,3277,0.788966225501619,0.25480622520598106,0.0,0.5237948141351044,0.6095613942417623,0.036591550534078
생산량,positive,log1p,3277,-0.7393066384863011,0.26365578272810497,0.0,0.5335514408367211,0.6095613942417623,0.03836570442144073
생산량,positive,asinh,3277,-0.8161936325841062,0.2792187976808056,0.0,0.5295960968239828,0.6095613942417623,0.03832595272696814
강수량,all,raw,5783,7.9952259734498865,0.9486425730589659,0.7506484523603666,-0.016080422663328126,-0.014038612313166249,0.011150474067807144
강수량,all,sqrt,5783,3.6197831407998105,0.8461006398063289,0.7506484523603666,-0.029919738444124787,-0.014038612313166249,0.004054625134088162
강수량,all,log1p,5783,2.6158951469206317,0.8293273387515131,0.7506484523603666,-0.03544155754469195,-0.014038612313166249,0.0004951954378919735
강수량,all,asinh,5783,2.480101326398378,0.821545910427114,0.7506484523603666,-0.034886887879742146,-0.014038612313166249,0.0008465545582646222
강수량,positive,raw,1442,4.025980656487659,0.7947295423023578,0.0,-0.027686381576322566,-0.08551838830314203,0.012944059598129765
강수량,positive,sqrt,1442,1.7700574435426226,0.46116504854368934,0.0,-0.06622385572058163,-0.08551838830314203,-0.009744519966426923
강수량,positive,log1p,1442,0.6270576960153105,0.33217753120665744,0.0,-0.08556056980592318,-0.08551838830314203,-0.02232491074213813
강수량,positive,asinh,1442,0.4518056390101715,0.3155339805825243,0.0,-0.08503920708769658,-0.08551838830314203,-0.022383071965933466
