period,hour,events,pre_rise,pre_production_start,current_production_start,pre_delta_mean,current_jump_mean
train,8,46,45,4,11,23.91304347826087,85.06521739130434
train,9,4,4,1,0,29.0,9.0
train,10,11,7,0,0,5.0,1.4545454545454546
train,11,20,1,0,0,-12.2,14.8
train,13,48,0,0,5,-63.416666666666664,68.70833333333333
train,14,4,4,1,0,59.0,6.0
train,18,6,0,0,0,-21.5,27.0
validation,8,31,31,4,5,27.70967741935484,68.09677419354838
validation,9,3,3,1,0,60.333333333333336,9.666666666666666
validation,10,3,2,0,0,0.6666666666666666,3.3333333333333335
validation,11,7,0,0,0,-9.857142857142858,14.142857142857142
validation,13,20,0,0,8,-75.15,67.25
validation,14,11,11,3,0,61.27272727272727,10.0
validation,15,2,1,0,0,-2.5,-8.5
validation,16,2,0,0,0,-24.5,21.5
validation,17,2,2,0,0,13.0,-27.0
validation,18,3,0,0,0,-39.0,37.0
validation,19,1,1,0,0,37.0,-11.0
