variant,period,condition,hours,weight_sum,mae,rmse,bias,under,over
B0,Apr-Jun,all,2182,2182.0,6.267081322214165,10.044473772600867,-0.11684891083339792,3.1919651165237815,3.0751162056903834
B0,Apr-Jun,non_persistent_start,2149,2149.0,6.06218212596673,9.625217306791814,-0.14224623235785025,3.102214179162291,2.9599679468044404
B0,Apr-Jun,up_start,18,18.0,17.929421275466513,23.292214864726358,-15.204980195103328,16.56720073528492,1.3622205401815946
B0,Apr-Jun,down_start,15,15.0,21.627498227360377,27.42987118980674,21.627498227360377,0.0,21.627498227360377
B0,Apr-Jun,profile_0,1200,1200.0,7.0145272971239185,11.255096236856586,1.0450738562923585,2.98472672041578,4.029800576708138
B0,Apr-Jun,profile_1,982,982.0,5.353705385460903,8.329549006313904,-1.5367137993781101,3.4452095924195065,1.908495793041396
B0,May-Jun,all,1462,1462.0,5.619073343047114,8.801355130443376,-0.7961672402230441,3.207620291635079,2.4114530514120354
B0,May-Jun,non_persistent_start,1440,1440.0,5.508561869737302,8.589426034879066,-0.8713197584189615,3.1899408140781316,2.3186210556591695
B0,May-Jun,up_start,12,12.0,10.045505318437145,12.80252979185745,-5.9588436978923625,8.002174508164755,2.043330810272392
B0,May-Jun,down_start,10,10.0,16.221007129192238,22.460252785588263,16.221007129192238,0.0,16.221007129192238
B0,May-Jun,profile_0,480,480.0,6.161971956275574,9.695319975846122,0.7188675953816958,2.721552180446939,3.440419775828635
B0,May-Jun,profile_1,982,982.0,5.353705385460903,8.329549006313904,-1.5367137993781101,3.4452095924195065,1.908495793041396
B0,4,all,720,720.0,7.582897524356148,12.18451883383767,1.2625446968994667,3.1601764137283403,4.4227211106278075
B0,4,up_start,6,6.0,33.697253189525256,36.0523547326793,-33.697253189525256,33.697253189525256,0.0
B0,4,down_start,5,5.0,32.440480423696656,35.330830588639145,32.440480423696656,0.0,32.440480423696656
B0,5,all,744,744.0,5.6003031534760215,9.322583729748235,0.6466326334425819,2.4768352600167205,3.123467893459302
B0,5,up_start,8,8.0,7.383186809130173,9.279519638735984,-2.0200802456724745,4.701633527401324,2.681553281728849
B0,5,down_start,6,6.0,23.392359182714518,28.523674652343157,23.392359182714518,0.0,23.392359182714518
B0,6,all,718,718.0,5.638523233076213,8.22648498782404,-2.291213348868205,3.964868290972209,1.673654942104004
B0,6,up_start,4,4.0,15.370142337051092,17.87443251582604,-13.836370602332138,14.603256469691615,0.766885867359477
B0,6,down_start,4,4.0,5.463979048908819,6.384149471325657,5.463979048908819,0.0,5.463979048908819
B1,Apr-Jun,all,2182,2182.0,6.391828179038777,10.273375684618394,0.17412368744114828,3.108852245798815,3.282975933239963
B1,Apr-Jun,non_persistent_start,2149,2149.0,6.193237912858278,9.833008553514826,0.1623161732991658,3.0154608697795564,3.1777770430787218
B1,Apr-Jun,up_start,18,18.0,17.344950846606398,23.777097377405347,-15.312453566626472,16.32870220661643,1.0162486399899646
B1,Apr-Jun,down_start,15,15.0,21.699446446083858,28.675475720019612,20.449639585063657,0.6249034305100982,21.074543015573756
B1,Apr-Jun,profile_0,1200,1200.0,7.394485430618559,11.796941155445701,1.5822882575172585,2.9060985865506503,4.488386844067909
B1,Apr-Jun,profile_1,982,982.0,5.166585101751875,8.02819625601165,-1.5466476812872958,3.356616391519585,1.80996871023229
B1,May-Jun,all,1462,1462.0,5.690516244267669,9.042655037501156,-0.5571468207981345,3.123831532532902,2.566684711734767
B1,May-Jun,non_persistent_start,1440,1440.0,5.596578900129101,8.844733147933054,-0.6178410417926459,3.107209970960874,2.4893689291682275
B1,May-Jun,up_start,12,12.0,8.66123812348109,11.819592068903289,-5.612492203511195,7.136865163496142,1.524372959984947
B1,May-Jun,down_start,10,10.0,15.652627545165284,22.84849777600043,14.249235461667178,0.7016960417490538,14.950931503416234
B1,May-Jun,profile_0,480,480.0,6.762392039997897,10.825834235872566,1.4672070229526077,2.6475925085226444,4.114799531475252
B1,May-Jun,profile_1,982,982.0,5.166585101751875,8.02819625601165,-1.5466476812872958,3.356616391519585,1.80996871023229
B1,4,all,720,720.0,7.815881024365667,12.402173590679734,1.659009080560359,3.078435971902654,4.737445052463013
B1,4,up_start,6,6.0,34.712376292857016,37.63835232489974,-34.712376292857016,34.712376292857016,0.0
B1,4,down_start,5,5.0,33.79308424792099,37.719239415297196,32.85044783185661,0.47131820803218716,33.3217660398888
B1,5,all,744,744.0,5.429082212359539,9.380541418811546,0.5721375926870614,2.4284723098362386,3.0006099025233004
B1,5,up_start,8,8.0,5.528190471042194,7.813837082311438,-1.3249022281898064,3.4265463496160002,2.101644121426194
B1,5,down_start,6,6.0,23.763170931435866,29.251766109872314,21.424184125605688,1.1694934029150896,22.59367752852077
B1,6,all,718,718.0,5.961417246690577,8.678666201079162,-1.727324541735441,3.84437089421301,2.1170463524775682
B1,6,up_start,4,4.0,14.927333428358878,17.233576823400124,-14.187672154153972,14.557502791256425,0.3698306371024529
B1,6,down_start,4,4.0,3.48681246575942,4.6514401780233525,3.48681246575942,0.0,3.48681246575942
B2_both,Apr-Jun,all,2182,2182.0,6.945586271717107,11.013312917644802,0.511322478505249,3.217131896605929,3.7284543751111787
B2_both,Apr-Jun,non_persistent_start,2149,2149.0,6.769054817313404,10.667654264873406,0.49287808113899584,3.1380883680872036,3.6309664492261997
B2_both,Apr-Jun,up_start,18,18.0,15.84222429571109,21.238397118150793,-13.460666406520495,14.65144535111579,1.1907789445952959
B2_both,Apr-Jun,down_start,15,15.0,21.56069367716158,28.2706980158991,19.920176469874672,0.8202586036434568,20.740435073518128
B2_both,Apr-Jun,profile_0,1200,1200.0,8.223762692278358,12.745599965156883,2.3790340761855835,2.922364308046386,5.3013983842319705
B2_both,Apr-Jun,profile_1,982,982.0,5.383659892212526,8.426094050846997,-1.7710134860735711,3.5773366891430487,1.8063232030694776
B2_both,May-Jun,all,1462,1462.0,5.928108436497636,9.275207296314475,-0.6365545228516682,3.282331479674652,2.645776956822984
B2_both,May-Jun,non_persistent_start,1440,1440.0,5.8349802254423135,9.077773101764981,-0.7008586832619143,3.267919454352114,2.5670607710902
B2_both,May-Jun,up_start,12,12.0,8.917224048071867,11.689947901156623,-6.238985639586905,7.5781048438293865,1.3391192042424815
B2_both,May-Jun,down_start,10,10.0,15.751632094574893,23.3893955991979,15.346161916306022,0.20273508913443727,15.54889700544046
B2_both,May-Jun,profile_0,480,480.0,7.041959416680923,10.806441737555842,1.6843594394064747,2.6787999886372247,4.3631594280437
B2_both,May-Jun,profile_1,982,982.0,5.383659892212526,8.426094050846997,-1.7710134860735711,3.5773366891430487,1.8063232030694776
B2_both,4,all,720,720.0,9.011631542676644,13.888763159531257,2.842150500704989,3.0847405209858274,5.9268910216908175
B2_both,4,up_start,6,6.0,29.692224790989524,32.8618132880904,-27.904027940387675,28.7981263656886,0.8940984253009248
B2_both,4,down_start,5,5.0,33.17881684233497,36.10497813220399,29.068205577011973,2.0553056326614962,31.123511209673474
B2_both,5,all,744,744.0,5.849231158367986,9.834613101726427,0.5395635034202058,2.65483382747389,3.1943973308940956
B2_both,5,up_start,8,8.0,8.441648195041548,11.982476312664291,-7.499210901296525,7.970429548169037,0.47121864687251147
B2_both,5,down_start,6,6.0,23.57255157192456,29.97612834435,22.89676794147643,0.33789181522406214,23.234659756700495
B2_both,6,all,718,718.0,6.00984199489382,8.657494881485785,-1.8552617812726628,3.9325518880832417,2.0772901068105787
B2_both,6,up_start,4,4.0,9.868375754132508,11.081749348733114,-3.718535116167665,6.793455435150086,3.0749203189824215
B2_both,6,down_start,4,4.0,4.020252878550402,4.450523616837724,4.020252878550402,0.0,4.020252878550402
B2_down,Apr-Jun,all,2182,2182.0,6.477335774181124,10.453251472382012,0.17276200235757005,3.1522868859117765,3.3250488882693467
B2_down,Apr-Jun,non_persistent_start,2149,2149.0,6.274952109261271,10.02237304054316,0.17896502368869993,3.047993542786285,3.2269585664749854
B2_down,Apr-Jun,up_start,18,18.0,18.062660152162184,23.841406460652426,-17.247155916124534,17.65490803414336,0.4077521180188231
B2_down,Apr-Jun,down_start,15,15.0,21.569779581454736,28.67526306448443,20.18797731516285,0.6909011331459418,20.878878448308797
B2_down,Apr-Jun,profile_0,1200,1200.0,7.5761911307435,12.01443472408957,1.737769510138115,2.919210810302692,4.656980320440807
B2_down,Apr-Jun,profile_1,982,982.0,5.134539004451132,8.14908110704463,-1.7396707973742567,3.4371049009126944,1.697434103538438
B2_down,May-Jun,all,1462,1462.0,5.62947454264551,9.093245377935595,-0.8212093969779889,3.225341969811749,2.40413257283376
B2_down,May-Jun,non_persistent_start,1440,1440.0,5.523289147188026,8.893561908173295,-0.8562431551495223,3.189766151168774,2.3335229960192523
B2_down,May-Jun,up_start,12,12.0,10.166102379903974,12.355320260945433,-8.942846025847503,9.554474202875738,0.6116281770282347
B2_down,May-Jun,down_start,10,10.0,15.476218083812947,22.714029224228796,13.969615734366212,0.7533011747233669,14.72291690908958
B2_down,May-Jun,profile_0,480,480.0,6.642030164534841,10.769978483875434,1.0578095513327088,2.792110306601066,3.849919857933775
B2_down,May-Jun,profile_1,982,982.0,5.134539004451132,8.14908110704463,-1.7396707973742567,3.4371049009126944,1.697434103538438
B2_down,4,all,720,720.0,8.19896510821594,12.776910628300913,2.1910761493417183,3.0039444794371106,5.195020628778829
B2_down,4,up_start,6,6.0,33.8557756966786,37.41563989249763,-33.8557756966786,33.8557756966786,0.0
B2_down,4,down_start,5,5.0,33.75690257673833,37.88083800886558,32.62470047675614,0.5661010499910916,33.19080152674724
B2_down,5,all,744,744.0,5.5097152271677805,9.61750505521328,0.06953503299431896,2.7200900970867306,2.7896251300810495
B2_down,5,up_start,8,8.0,9.117480278476101,11.474253356348799,-7.99359787250571,8.555539075490906,0.5619412029851958
B2_down,5,down_start,6,6.0,23.592354871459094,29.155097029095682,21.081350955714537,1.2555019578722781,22.336852913586814
B2_down,6,all,718,718.0,5.753570546427446,8.516020689812345,-1.7442091962807702,3.7488898713541086,2.0046806750733386
B2_down,6,up_start,4,4.0,12.263346582759716,13.951517339709788,-10.841342332531092,11.552344457645404,0.7110021251143124
B2_down,6,down_start,4,4.0,3.3020129023437264,3.8455539046831224,3.3020129023437264,0.0,3.3020129023437264
B2_up,Apr-Jun,all,2182,2182.0,6.876643528653808,10.964576006310761,0.4842612713534853,3.196191128650162,3.680452400003647
B2_up,Apr-Jun,non_persistent_start,2149,2149.0,6.681808274261766,10.559586183992373,0.46513599680677054,3.1083361387274975,3.573472135534268
B2_up,Apr-Jun,up_start,18,18.0,17.612304011395096,24.13247430340176,-14.035312711381787,15.82380836138844,1.7884956500066553
B2_up,Apr-Jun,down_start,15,15.0,21.907248395264325,28.539476836359828,20.647764384028484,0.6297420056179218,21.27750638964641
B2_up,Apr-Jun,profile_0,1200,1200.0,8.080849571703947,12.678509226358159,2.1379545721356252,2.9714474997841602,5.109402071919785
B2_up,Apr-Jun,profile_1,982,982.0,5.4051086491628055,8.408530804595516,-1.5365452061806983,3.4708269276717525,1.934281721491054
B2_up,May-Jun,all,1462,1462.0,5.9037993264495485,9.264270049836432,-0.4314088982056024,3.167604112327575,2.736195214121973
B2_up,May-Jun,non_persistent_start,1440,1440.0,5.8089537846398,9.088099044901938,-0.5152037267991771,3.1620787557194894,2.646875028920312
B2_up,May-Jun,up_start,12,12.0,8.977923145009685,10.213270999371641,-3.6124361949897192,6.295179669999702,2.6827434750099832
B2_up,May-Jun,down_start,10,10.0,15.87260876478093,23.004782496910295,15.452279175410084,0.21016479468542038,15.662443970095506
B2_up,May-Jun,profile_0,480,480.0,6.924037337065342,10.805853495205588,1.8295157985267807,2.54726076926928,4.376776567796061
B2_up,May-Jun,profile_1,982,982.0,5.4051086491628055,8.408530804595516,-1.5365452061806983,3.4708269276717525,1.934281721491054
B2_up,4,all,720,720.0,8.852057728129681,13.786346403773932,2.3435804212081885,3.254238653460747,5.597819074668935
B2_up,4,up_start,6,6.0,34.88106574416592,39.22380831841583,-34.88106574416592,34.88106574416592,0.0
B2_up,4,down_start,5,5.0,33.976527656231134,37.216463814003845,31.03873480126528,1.4688964274829246,32.50763122874821
B2_up,5,all,744,744.0,5.629239628109004,9.609621184069342,0.9924698180448875,2.3183849050320577,3.310854723076945
B2_up,5,up_start,8,8.0,7.598137779936145,8.760483771834998,-1.1088582175580726,4.353497998747109,3.2446397811890364
B2_up,5,down_start,6,6.0,23.098910625764688,29.248377459604296,23.041495147482113,0.02870773914128873,23.070202886623402
B2_up,6,all,718,718.0,6.188301297989054,8.89227460326966,-1.9068486821754698,4.0475749900822615,2.140726307906792
B2_up,6,up_start,4,4.0,11.737493875156765,12.626977535683219,-8.619592149853013,10.178543012504889,1.5589508626518764
B2_up,6,down_start,4,4.0,5.033155973305278,6.312580161561712,4.068455217302042,0.48235037800161784,4.55080559530366
B0,Apr-Jun,down_window_event_equal,45,15.0,10.35274837349217,17.21725839369171,9.641098900274468,0.35582473660885167,9.996923636883318
B0,Apr-Jun,up_window_event_equal,54,18.0,9.5649851727269,14.734071735551593,-4.202415115956324,6.8837001443416135,2.681285028385288
B0,May-Jun,down_window_event_equal,30,10.0,8.943909381745797,15.06815805530988,8.088127436509838,0.42789097261798037,8.516018409127817
B0,May-Jun,up_window_event_equal,36,12.0,6.923255469081145,9.452161166597165,-2.158744959779163,4.541000214430153,2.382255254650991
B0,Apr-Jun,daily_peak_day_equal,136,90.0,9.459479435988259,13.705749910096895,-8.137727533429894,8.798603484709076,0.660875951279182
B0,May-Jun,daily_peak_day_equal,91,60.0,8.749682021861263,11.69342822141593,-7.375163485875995,8.062422753868628,0.6872592679926335
B1,Apr-Jun,down_window_event_equal,45,15.0,10.178606402006466,17.80985613234684,8.9316707787212,0.623467811642634,9.555138590363834
B1,Apr-Jun,up_window_event_equal,54,18.0,10.166631318227374,15.42750284392469,-4.064314590240036,7.115472954233705,3.0511583639936686
B1,May-Jun,down_window_event_equal,30,10.0,8.649181010194766,15.333069883363242,7.323444100918738,0.6628684546380137,7.9863125555567525
B1,May-Jun,up_window_event_equal,36,12.0,6.4448568809658076,8.919871480160372,-3.1852187958036446,4.8150378383847245,1.6298190425810806
B1,Apr-Jun,daily_peak_day_equal,136,90.0,9.843895515687915,14.017109686561787,-7.398073535364329,8.62098452552612,1.222910990161793
B1,May-Jun,daily_peak_day_equal,91,60.0,8.744368067034314,11.356334683072717,-6.6698710913876464,7.707119579210981,1.0372484878233335
B2_both,Apr-Jun,down_window_event_equal,45,15.0,10.458102352991878,17.6005692755185,8.892874778874788,0.7826137870585439,9.675488565933335
B2_both,Apr-Jun,up_window_event_equal,54,18.0,9.373817364141381,14.071183197494696,-2.9074602618460066,6.140638812993695,3.2331785511476863
B2_both,May-Jun,down_window_event_equal,30,10.0,9.36866477788835,15.65774624197605,8.286695127281458,0.5409848253034456,8.827679952584905
B2_both,May-Jun,up_window_event_equal,36,12.0,6.1967046958801335,8.843433916538103,-2.51760936657204,4.3571570312260866,1.8395476646540463
B2_both,Apr-Jun,daily_peak_day_equal,136,90.0,10.271836226248602,13.845429624331501,-8.329609930826894,9.300723078537748,0.9711131477108541
B2_both,May-Jun,daily_peak_day_equal,91,60.0,9.494780569174612,12.292074496204345,-7.984054554968338,8.739417562071475,0.7553630071031353
B2_down,Apr-Jun,down_window_event_equal,45,15.0,9.878741096253371,17.713308191675154,8.45598211171973,0.7113794922668191,9.167361603986551
B2_down,Apr-Jun,up_window_event_equal,54,18.0,10.373638465531947,15.440054286883237,-4.6555117281432175,7.514575096837581,2.8590633686943643
B2_down,May-Jun,down_window_event_equal,30,10.0,8.355254510950932,15.127034185033766,6.759368924753756,0.7979427930985885,7.5573117178523415
B2_down,May-Jun,up_window_event_equal,36,12.0,6.900612380630537,9.106348886333912,-4.2693306514816545,5.584971516056096,1.3156408645744408
B2_down,Apr-Jun,daily_peak_day_equal,136,90.0,10.1336604003939,14.092660602360965,-7.809312963930787,8.971486682162341,1.1621737182315561
B2_down,May-Jun,daily_peak_day_equal,91,60.0,9.217480937533006,11.54411031595339,-7.686498394012527,8.451989665772768,0.7654912717602403
B2_up,Apr-Jun,down_window_event_equal,45,15.0,10.711043403718522,17.826212003764873,9.02822364455332,0.8414098795826013,9.869633524135924
B2_up,Apr-Jun,up_window_event_equal,54,18.0,10.009734650578174,15.551256795097661,-3.316681887489234,6.663208269033705,3.3465263815444706
B2_up,May-Jun,down_window_event_equal,30,10.0,9.58913513011755,15.602510074901822,8.279690559687946,0.6547222852148016,8.934412844902747
B2_up,May-Jun,up_window_event_equal,36,12.0,6.346441763136976,8.3452223895134,-1.8159460115357395,4.081193887336358,2.2652478758006183
B2_up,Apr-Jun,daily_peak_day_equal,136,90.0,10.53241333127693,14.702647491855133,-8.35478472865414,9.443599029965533,1.088814301311395
B2_up,May-Jun,daily_peak_day_equal,91,60.0,9.164117958941075,11.754208974439821,-6.95531376624493,8.059715862593004,1.1044020963480727
