month,other_weather,n,correlation
1,풍속,234,-0.4245863229917083
1,습도,234,0.7428650192289971
1,강수량,234,-0.01157714315173679
2,풍속,378,-0.26513259057373895
2,습도,378,0.27923849981752674
2,강수량,378,0.44260117219857564
3,풍속,355,0.11032649752352099
3,습도,355,-0.4633172652380728
3,강수량,355,-0.15624715832906994
4,풍속,447,0.049375906378304156
4,습도,447,-0.39140146896735367
4,강수량,447,-0.13351891351248346
5,풍속,403,0.3851063744952354
5,습도,403,-0.4827803107522523
5,강수량,403,-0.35836542642856123
6,풍속,467,-0.06886122570013539
6,습도,467,-0.6624811304699346
6,강수량,467,-0.5136018914767613
7,풍속,415,0.0978235981707226
7,습도,415,-0.7416042132128172
7,강수량,415,-0.6361789768541977
8,풍속,360,-0.05095677132522771
8,습도,360,-0.49517244558109086
8,강수량,360,-0.21800005605972117
