scope,month,variable,adjustment,weighting,n,days,correlation
weekday,1,기온,raw,date_hour,504,21,0.095996732485904
weekday,1,기온,production,date_hour,504,21,0.005005252522297053
weekday,1,기온,joint,date_hour,504,21,0.017186168412974993
weekday,1,풍속,raw,date_hour,504,21,0.0985028018746203
weekday,1,풍속,production,date_hour,504,21,0.027546657626874433
weekday,1,풍속,joint,date_hour,504,21,0.030164751615726758
weekday,1,습도,raw,date_hour,504,21,-0.0071429320748244195
weekday,1,습도,production,date_hour,504,21,-0.018224139635613854
weekday,1,습도,joint,date_hour,504,21,-0.005818800563613287
weekday,1,강수량,raw,date_hour,504,21,0.10116511778441296
weekday,1,강수량,production,date_hour,504,21,-0.04029973751521864
weekday,1,강수량,joint,date_hour,504,21,-0.03624896941696052
weekday,2,기온,raw,date_hour,480,20,-0.03808051364975454
weekday,2,기온,production,date_hour,480,20,-0.14811408707304713
weekday,2,기온,joint,date_hour,480,20,-0.12151534648480461
weekday,2,풍속,raw,date_hour,480,20,0.18708090893614251
weekday,2,풍속,production,date_hour,480,20,0.11285515700279028
weekday,2,풍속,joint,date_hour,480,20,0.09952493097799
weekday,2,습도,raw,date_hour,480,20,-0.14100427817725378
weekday,2,습도,production,date_hour,480,20,-0.002480141478636448
weekday,2,습도,joint,date_hour,480,20,0.0699394636206737
weekday,2,강수량,raw,date_hour,480,20,-0.041605525986783465
weekday,2,강수량,production,date_hour,480,20,-0.04823358123483062
weekday,2,강수량,joint,date_hour,480,20,-0.026025095857209687
weekday,3,기온,raw,date_hour,552,23,0.14579097183134937
weekday,3,기온,production,date_hour,552,23,0.028603504315159334
weekday,3,기온,joint,date_hour,552,23,0.05245869983939359
weekday,3,풍속,raw,date_hour,552,23,0.16468729415666294
weekday,3,풍속,production,date_hour,552,23,0.15710013699612807
weekday,3,풍속,joint,date_hour,552,23,0.19483441856761688
weekday,3,습도,raw,date_hour,552,23,-0.33370485738229166
weekday,3,습도,production,date_hour,552,23,0.012061488374200499
weekday,3,습도,joint,date_hour,552,23,0.1099981146865502
weekday,3,강수량,raw,date_hour,552,23,-0.1861417616244704
weekday,3,강수량,production,date_hour,552,23,-0.04321425913019991
weekday,3,강수량,joint,date_hour,552,23,-0.1215105089512475
weekday,4,기온,raw,date_hour,528,22,0.44547274239263923
weekday,4,기온,production,date_hour,528,22,0.0008360514263826541
weekday,4,기온,joint,date_hour,528,22,0.06238237906141048
weekday,4,풍속,raw,date_hour,528,22,0.2427168434234
weekday,4,풍속,production,date_hour,528,22,-0.0817401396474521
weekday,4,풍속,joint,date_hour,528,22,-0.06449581188677461
weekday,4,습도,raw,date_hour,528,22,-0.28136479356209587
weekday,4,습도,production,date_hour,528,22,0.1483858590878587
weekday,4,습도,joint,date_hour,528,22,0.14366693293662725
weekday,4,강수량,raw,date_hour,528,22,0.0387287589027223
weekday,4,강수량,production,date_hour,528,22,0.03770736166280705
weekday,4,강수량,joint,date_hour,528,22,0.0036303616101249496
weekday,5,기온,raw,date_hour,504,21,0.3000711937436919
weekday,5,기온,production,date_hour,504,21,-0.18243602628308495
weekday,5,기온,joint,date_hour,504,21,-0.2008284768047271
weekday,5,풍속,raw,date_hour,504,21,0.28613143655833523
weekday,5,풍속,production,date_hour,504,21,-0.02485971133887201
weekday,5,풍속,joint,date_hour,504,21,0.016661376785847722
weekday,5,습도,raw,date_hour,504,21,-0.10889043646642246
weekday,5,습도,production,date_hour,504,21,0.03111331543634116
weekday,5,습도,joint,date_hour,504,21,0.01948108447492583
weekday,5,강수량,raw,date_hour,504,21,0.03185351042070709
weekday,5,강수량,production,date_hour,504,21,-0.055278817705628217
weekday,5,강수량,joint,date_hour,504,21,-0.11653126623932303
weekday,6,기온,raw,date_hour,528,22,0.4613223566284229
weekday,6,기온,production,date_hour,528,22,-0.08559733265531436
weekday,6,기온,joint,date_hour,526,22,-0.02409416202731647
weekday,6,풍속,raw,date_hour,526,22,0.4115413243676353
weekday,6,풍속,production,date_hour,526,22,0.1228033569160304
weekday,6,풍속,joint,date_hour,526,22,0.1409882008194244
weekday,6,습도,raw,date_hour,528,22,-0.31400185862230207
weekday,6,습도,production,date_hour,528,22,0.15704976327987627
weekday,6,습도,joint,date_hour,526,22,0.20284132114309922
weekday,6,강수량,raw,date_hour,528,22,0.052445718636689925
weekday,6,강수량,production,date_hour,528,22,-0.033353646050223715
weekday,6,강수량,joint,date_hour,526,22,-0.19196786562544949
weekday,7,기온,raw,date_hour,480,20,0.5314994338985047
weekday,7,기온,production,date_hour,480,20,0.22664527203583812
weekday,7,기온,joint,date_hour,480,20,0.04383920323243649
weekday,7,풍속,raw,date_hour,480,20,0.4217671802210373
weekday,7,풍속,production,date_hour,480,20,-0.018859477472727315
weekday,7,풍속,joint,date_hour,480,20,-0.08418220210920285
weekday,7,습도,raw,date_hour,480,20,-0.5799643811188586
weekday,7,습도,production,date_hour,480,20,-0.26813354174425225
weekday,7,습도,joint,date_hour,480,20,-0.14660836509268232
weekday,7,강수량,raw,date_hour,480,20,0.033722148656305566
weekday,7,강수량,production,date_hour,480,20,-0.20318397736874858
weekday,7,강수량,joint,date_hour,480,20,0.018561761817567413
weekday,8,기온,raw,date_hour,528,22,-0.003843888125547795
weekday,8,기온,production,date_hour,528,22,-0.02355187978493056
weekday,8,기온,joint,date_hour,528,22,0.03682602426639202
weekday,8,풍속,raw,date_hour,528,22,0.19592623718534463
weekday,8,풍속,production,date_hour,528,22,-0.05423886019805525
weekday,8,풍속,joint,date_hour,528,22,-0.04413376397428604
weekday,8,습도,raw,date_hour,528,22,-0.1193163571046217
weekday,8,습도,production,date_hour,528,22,0.12838091382395295
weekday,8,습도,joint,date_hour,528,22,0.07386001870131867
weekday,8,강수량,raw,date_hour,528,22,0.2836974286431094
weekday,8,강수량,production,date_hour,528,22,0.10842746447819977
weekday,8,강수량,joint,date_hour,528,22,0.06840649791639543
weekday_positive,1,기온,raw,date_hour,235,12,0.2539769324125427
weekday_positive,1,기온,production,date_hour,234,12,0.27619784776685313
weekday_positive,1,기온,joint,date_hour,234,12,0.3326627347239131
weekday_positive,1,풍속,raw,date_hour,235,12,0.21808206515903664
weekday_positive,1,풍속,production,date_hour,234,12,-0.05782605548926412
weekday_positive,1,풍속,joint,date_hour,234,12,-0.030606241162603742
weekday_positive,1,습도,raw,date_hour,235,12,-0.15261806071041492
weekday_positive,1,습도,production,date_hour,234,12,0.0761835292180394
weekday_positive,1,습도,joint,date_hour,234,12,-0.19771186914820385
weekday_positive,1,강수량,raw,date_hour,235,12,0.04632851865339461
weekday_positive,1,강수량,production,date_hour,234,12,-0.013202687281935735
weekday_positive,1,강수량,joint,date_hour,234,12,0.05688614417175163
weekday_positive,2,기온,raw,date_hour,378,18,0.04452315875356964
weekday_positive,2,기온,production,date_hour,378,18,-0.1835475974547115
weekday_positive,2,기온,joint,date_hour,378,18,-0.1280133128467739
weekday_positive,2,풍속,raw,date_hour,378,18,0.15507607765266193
weekday_positive,2,풍속,production,date_hour,378,18,0.1084049630936883
weekday_positive,2,풍속,joint,date_hour,378,18,0.08658674210436033
weekday_positive,2,습도,raw,date_hour,378,18,-0.07145810850251492
weekday_positive,2,습도,production,date_hour,378,18,-0.0015367363707867762
weekday_positive,2,습도,joint,date_hour,378,18,0.09062642995384977
weekday_positive,2,강수량,raw,date_hour,378,18,-0.04673259060898186
weekday_positive,2,강수량,production,date_hour,378,18,-0.10200957728610684
weekday_positive,2,강수량,joint,date_hour,378,18,-0.07440203440777253
weekday_positive,3,기온,raw,date_hour,355,17,0.3471622425165551
weekday_positive,3,기온,production,date_hour,355,17,0.2674137191717882
weekday_positive,3,기온,joint,date_hour,355,17,0.237006882069759
weekday_positive,3,풍속,raw,date_hour,355,17,0.32964639886946295
weekday_positive,3,풍속,production,date_hour,355,17,0.15281530333068064
weekday_positive,3,풍속,joint,date_hour,355,17,0.11490512047354429
weekday_positive,3,습도,raw,date_hour,355,17,-0.3229382159292908
weekday_positive,3,습도,production,date_hour,355,17,-0.13204326308634926
weekday_positive,3,습도,joint,date_hour,355,17,-0.002169944339414541
weekday_positive,3,강수량,raw,date_hour,355,17,0.0063235343791245196
weekday_positive,3,강수량,production,date_hour,355,17,0.031304075071356297
weekday_positive,3,강수량,joint,date_hour,355,17,0.05692377812880604
weekday_positive,4,기온,raw,date_hour,447,22,0.38778922422283135
weekday_positive,4,기온,production,date_hour,447,22,-0.06068149531611867
weekday_positive,4,기온,joint,date_hour,447,22,-0.030347614943080123
weekday_positive,4,풍속,raw,date_hour,447,22,0.2517525267865149
weekday_positive,4,풍속,production,date_hour,447,22,-0.04854980198674535
weekday_positive,4,풍속,joint,date_hour,447,22,-0.03977300764265791
weekday_positive,4,습도,raw,date_hour,447,22,-0.30674489861539966
weekday_positive,4,습도,production,date_hour,447,22,0.08375776530526165
weekday_positive,4,습도,joint,date_hour,447,22,0.05068332802218276
weekday_positive,4,강수량,raw,date_hour,447,22,0.053448275323042915
weekday_positive,4,강수량,production,date_hour,447,22,0.043762882524869214
weekday_positive,4,강수량,joint,date_hour,447,22,0.02281863982852449
weekday_positive,5,기온,raw,date_hour,403,21,0.4199526216163616
weekday_positive,5,기온,production,date_hour,403,21,-0.18938994574673462
weekday_positive,5,기온,joint,date_hour,403,21,-0.23101271460256542
weekday_positive,5,풍속,raw,date_hour,403,21,0.2556291468639655
weekday_positive,5,풍속,production,date_hour,403,21,0.0036869051930136097
weekday_positive,5,풍속,joint,date_hour,403,21,0.06013552030439326
weekday_positive,5,습도,raw,date_hour,403,21,-0.2524525109141798
weekday_positive,5,습도,production,date_hour,403,21,-0.01510202423276061
weekday_positive,5,습도,joint,date_hour,403,21,-0.10885979588556244
weekday_positive,5,강수량,raw,date_hour,403,21,0.04277492180767017
weekday_positive,5,강수량,production,date_hour,403,21,0.02073202149313099
weekday_positive,5,강수량,joint,date_hour,403,21,0.03973938806464199
weekday_positive,6,기온,raw,date_hour,469,22,0.502645070904567
weekday_positive,6,기온,production,date_hour,469,22,-0.02117172420454408
weekday_positive,6,기온,joint,date_hour,467,22,0.06888883108801348
weekday_positive,6,풍속,raw,date_hour,467,22,0.40843793074920476
weekday_positive,6,풍속,production,date_hour,467,22,0.1690967692279077
weekday_positive,6,풍속,joint,date_hour,467,22,0.1900196462638699
weekday_positive,6,습도,raw,date_hour,469,22,-0.31553526518295466
weekday_positive,6,습도,production,date_hour,469,22,0.15296826228287996
weekday_positive,6,습도,joint,date_hour,467,22,0.27145383847125193
weekday_positive,6,강수량,raw,date_hour,469,22,-0.029412596899283074
weekday_positive,6,강수량,production,date_hour,469,22,-0.07635642378245422
weekday_positive,6,강수량,joint,date_hour,467,22,-0.24713171826592428
weekday_positive,7,기온,raw,date_hour,415,20,0.5403184667127348
weekday_positive,7,기온,production,date_hour,415,20,0.30676532276421253
weekday_positive,7,기온,joint,date_hour,415,20,0.06102154938332593
weekday_positive,7,풍속,raw,date_hour,415,20,0.4288704694548175
weekday_positive,7,풍속,production,date_hour,415,20,0.04165289377166793
weekday_positive,7,풍속,joint,date_hour,415,20,-0.029076562552129457
weekday_positive,7,습도,raw,date_hour,415,20,-0.5954289973587459
weekday_positive,7,습도,production,date_hour,415,20,-0.35757092523931966
weekday_positive,7,습도,joint,date_hour,415,20,-0.15118057261405676
weekday_positive,7,강수량,raw,date_hour,415,20,0.0026637516431908988
weekday_positive,7,강수량,production,date_hour,415,20,-0.29960399191131226
weekday_positive,7,강수량,joint,date_hour,415,20,-0.02130664706814898
weekday_positive,8,기온,raw,date_hour,360,17,0.5968406926684783
weekday_positive,8,기온,production,date_hour,360,17,0.26988883855325524
weekday_positive,8,기온,joint,date_hour,360,17,0.3022420241456792
weekday_positive,8,풍속,raw,date_hour,360,17,0.12081682567867669
weekday_positive,8,풍속,production,date_hour,360,17,-0.17559128798621151
weekday_positive,8,풍속,joint,date_hour,360,17,-0.09877302718542465
weekday_positive,8,습도,raw,date_hour,360,17,-0.43875680328926936
weekday_positive,8,습도,production,date_hour,360,17,0.033501320336181396
weekday_positive,8,습도,joint,date_hour,360,17,0.1316378995565486
weekday_positive,8,강수량,raw,date_hour,360,17,0.1557279737439986
weekday_positive,8,강수량,production,date_hour,360,17,-0.011905710725837985
weekday_positive,8,강수량,joint,date_hour,360,17,-0.005821369435931846
weekday_zero,1,기온,raw,date_hour,269,20,-0.2378663714412224
weekday_zero,1,기온,production,date_hour,269,20,-0.07142030399304639
weekday_zero,1,기온,joint,date_hour,269,20,-0.12339428018491644
weekday_zero,1,풍속,raw,date_hour,269,20,-0.14131909551299526
weekday_zero,1,풍속,production,date_hour,269,20,-0.03650547407694172
weekday_zero,1,풍속,joint,date_hour,269,20,-0.029457391337581594
weekday_zero,1,습도,raw,date_hour,269,20,0.17247746790646865
weekday_zero,1,습도,production,date_hour,269,20,0.032802384938484794
weekday_zero,1,습도,joint,date_hour,269,20,0.11279029105087873
weekday_zero,1,강수량,raw,date_hour,269,20,-0.07192382297675678
weekday_zero,1,강수량,production,date_hour,269,20,-0.03776234933626907
weekday_zero,1,강수량,joint,date_hour,269,20,-0.0751080334790965
weekday_zero,2,기온,raw,date_hour,102,13,-0.016616519336714184
weekday_zero,2,기온,production,date_hour,90,13,-0.009322881120020023
weekday_zero,2,기온,joint,date_hour,90,13,-0.045606909532352115
weekday_zero,2,풍속,raw,date_hour,102,13,0.14834862623919653
weekday_zero,2,풍속,production,date_hour,90,13,0.06564027625478794
weekday_zero,2,풍속,joint,date_hour,90,13,0.018037092229774777
weekday_zero,2,습도,raw,date_hour,102,13,-0.017792808447193238
weekday_zero,2,습도,production,date_hour,90,13,-0.01747478651353078
weekday_zero,2,습도,joint,date_hour,90,13,-0.05486619539844335
weekday_zero,2,강수량,raw,date_hour,102,13,0.03132508023084445
weekday_zero,2,강수량,production,date_hour,90,13,0.09910389843657819
weekday_zero,2,강수량,joint,date_hour,90,13,0.11913045929830633
weekday_zero,3,기온,raw,date_hour,197,20,-0.26511428607785414
weekday_zero,3,기온,production,date_hour,197,20,-0.040999269206613204
weekday_zero,3,기온,joint,date_hour,197,20,0.12296871017634745
weekday_zero,3,풍속,raw,date_hour,197,20,0.04310637993295709
weekday_zero,3,풍속,production,date_hour,197,20,0.2320207402476975
weekday_zero,3,풍속,joint,date_hour,197,20,0.37974592639138044
weekday_zero,3,습도,raw,date_hour,197,20,0.16614586710701987
weekday_zero,3,습도,production,date_hour,197,20,0.16546077041222212
weekday_zero,3,습도,joint,date_hour,197,20,0.3800209234397631
weekday_zero,3,강수량,raw,date_hour,197,20,-0.07890038823702865
weekday_zero,3,강수량,production,date_hour,197,20,0.005879652402131878
weekday_zero,3,강수량,joint,date_hour,197,20,-0.33906553194429684
weekday_zero,4,기온,raw,date_hour,81,21,0.41311570738259423
weekday_zero,4,기온,production,date_hour,67,21,0.18582353027384246
weekday_zero,4,기온,joint,date_hour,67,21,0.3376076830543139
weekday_zero,4,풍속,raw,date_hour,81,21,-0.06731106459960001
weekday_zero,4,풍속,production,date_hour,67,21,-0.4153458436935456
weekday_zero,4,풍속,joint,date_hour,67,21,-0.42535838154954003
weekday_zero,4,습도,raw,date_hour,81,21,0.3124473754553
weekday_zero,4,습도,production,date_hour,67,21,0.41816212679130244
weekday_zero,4,습도,joint,date_hour,67,21,0.3465230692006435
weekday_zero,4,강수량,raw,date_hour,81,21,-0.010894479775361798
weekday_zero,4,강수량,production,date_hour,67,21,0.06172718431529766
weekday_zero,4,강수량,joint,date_hour,67,21,0.12066590856685697
weekday_zero,5,기온,raw,date_hour,101,17,-0.1913869785741621
weekday_zero,5,기온,production,date_hour,78,17,-0.23402303906262287
weekday_zero,5,기온,joint,date_hour,78,17,-0.20865621986570781
weekday_zero,5,풍속,raw,date_hour,101,17,0.1491740589427728
weekday_zero,5,풍속,production,date_hour,78,17,0.3001098226296174
weekday_zero,5,풍속,joint,date_hour,78,17,0.3059966512704103
weekday_zero,5,습도,raw,date_hour,101,17,-0.012592035219123917
weekday_zero,5,습도,production,date_hour,78,17,-0.06128937874057252
weekday_zero,5,습도,joint,date_hour,78,17,0.09702103535908728
weekday_zero,5,강수량,raw,date_hour,101,17,0.017339206944741135
weekday_zero,5,강수량,production,date_hour,78,17,-0.1181497396068874
weekday_zero,5,강수량,joint,date_hour,78,17,-0.2283437421213435
weekday_zero,6,기온,raw,date_hour,59,19,-0.23882738325294914
weekday_zero,6,기온,production,date_hour,53,18,-0.44843599604685624
weekday_zero,6,기온,joint,date_hour,53,18,-0.38263907574902406
weekday_zero,6,풍속,raw,date_hour,59,19,0.10334982813667697
weekday_zero,6,풍속,production,date_hour,53,18,-0.049995765726920376
weekday_zero,6,풍속,joint,date_hour,53,18,0.06823516696852652
weekday_zero,6,습도,raw,date_hour,59,19,0.07695796502185416
weekday_zero,6,습도,production,date_hour,53,18,0.17667461747083565
weekday_zero,6,습도,joint,date_hour,53,18,0.041268411364911405
weekday_zero,6,강수량,raw,date_hour,59,19,0.31795577894764643
weekday_zero,6,강수량,production,date_hour,53,18,0.3306822756279367
weekday_zero,6,강수량,joint,date_hour,53,18,0.19866972549788647
weekday_zero,7,기온,raw,date_hour,65,16,0.4483139560665227
weekday_zero,7,기온,production,date_hour,58,15,0.0613233261354055
weekday_zero,7,기온,joint,date_hour,58,15,0.2678992646710047
weekday_zero,7,풍속,raw,date_hour,65,16,0.09591227337112837
weekday_zero,7,풍속,production,date_hour,58,15,-0.014135324241369464
weekday_zero,7,풍속,joint,date_hour,58,15,0.1412429123324386
weekday_zero,7,습도,raw,date_hour,65,16,-0.41212072692731067
weekday_zero,7,습도,production,date_hour,58,15,0.11026889544229408
weekday_zero,7,습도,joint,date_hour,58,15,0.031166011514615243
weekday_zero,7,강수량,raw,date_hour,65,16,0.27135465299676936
weekday_zero,7,강수량,production,date_hour,58,15,0.16051899931024552
weekday_zero,7,강수량,joint,date_hour,58,15,0.28570124918860773
weekday_zero,8,기온,raw,date_hour,168,17,-0.02522241659322044
weekday_zero,8,기온,production,date_hour,168,17,-0.29899595359698594
weekday_zero,8,기온,joint,date_hour,168,17,-0.24050830251729263
weekday_zero,8,풍속,raw,date_hour,168,17,0.1683083863005417
weekday_zero,8,풍속,production,date_hour,168,17,0.1462641080716392
weekday_zero,8,풍속,joint,date_hour,168,17,0.09693378281215648
weekday_zero,8,습도,raw,date_hour,168,17,-0.03034365339147694
weekday_zero,8,습도,production,date_hour,168,17,0.13664302020384153
weekday_zero,8,습도,joint,date_hour,168,17,-0.007799118250454303
weekday_zero,8,강수량,raw,date_hour,168,17,0.24270877543642
weekday_zero,8,강수량,production,date_hour,168,17,0.15836445945473837
weekday_zero,8,강수량,joint,date_hour,168,17,-0.006002350328592091
all_positive,1,기온,raw,date_hour,262,17,0.25190833075656177
all_positive,1,기온,production,date_hour,257,16,0.2643557971694829
all_positive,1,기온,joint,date_hour,257,16,0.32445901253389553
all_positive,1,풍속,raw,date_hour,262,17,0.18700431619761432
all_positive,1,풍속,production,date_hour,257,16,-0.05866817695797971
all_positive,1,풍속,joint,date_hour,257,16,-0.04351748801808886
all_positive,1,습도,raw,date_hour,262,17,-0.13918017133634272
all_positive,1,습도,production,date_hour,257,16,0.07011090785871293
all_positive,1,습도,joint,date_hour,257,16,-0.2049484984084112
all_positive,1,강수량,raw,date_hour,262,17,0.07747483765559492
all_positive,1,강수량,production,date_hour,257,16,-0.006176086576411214
all_positive,1,강수량,joint,date_hour,257,16,0.0640589364374085
all_positive,2,기온,raw,date_hour,402,21,-0.00022901747991509508
all_positive,2,기온,production,date_hour,399,21,-0.18900148734800654
all_positive,2,기온,joint,date_hour,399,21,-0.1441624628192072
all_positive,2,풍속,raw,date_hour,402,21,0.1328878446667804
all_positive,2,풍속,production,date_hour,399,21,0.10168802428848168
all_positive,2,풍속,joint,date_hour,399,21,0.08083896503668901
all_positive,2,습도,raw,date_hour,402,21,-0.09490108527741813
all_positive,2,습도,production,date_hour,399,21,-0.00042528403440522184
all_positive,2,습도,joint,date_hour,399,21,0.09309484722827208
all_positive,2,강수량,raw,date_hour,402,21,-0.035581518064058154
all_positive,2,강수량,production,date_hour,399,21,-0.10374364103635335
all_positive,2,강수량,joint,date_hour,399,21,-0.07163944806199639
all_positive,3,기온,raw,date_hour,386,21,0.3422691276033404
all_positive,3,기온,production,date_hour,382,21,0.2626180295050581
all_positive,3,기온,joint,date_hour,382,21,0.23155500932167297
all_positive,3,풍속,raw,date_hour,386,21,0.2993233486662613
all_positive,3,풍속,production,date_hour,382,21,0.1364256626063372
all_positive,3,풍속,joint,date_hour,382,21,0.10144819493792845
all_positive,3,습도,raw,date_hour,386,21,-0.3820462090709118
all_positive,3,습도,production,date_hour,382,21,-0.13364948218458564
all_positive,3,습도,joint,date_hour,382,21,-0.008300585752116453
all_positive,3,강수량,raw,date_hour,386,21,0.006023540669877632
all_positive,3,강수량,production,date_hour,382,21,0.01906205515723427
all_positive,3,강수량,joint,date_hour,382,21,0.049785035761992856
all_positive,4,기온,raw,date_hour,470,26,0.4122636993594489
all_positive,4,기온,production,date_hour,463,26,-0.05325907724339265
all_positive,4,기온,joint,date_hour,463,26,-0.025313052013506684
all_positive,4,풍속,raw,date_hour,470,26,0.2681071001716171
all_positive,4,풍속,production,date_hour,463,26,-0.05018032553184381
all_positive,4,풍속,joint,date_hour,463,26,-0.041857937435238496
all_positive,4,습도,raw,date_hour,470,26,-0.34433391376674083
all_positive,4,습도,production,date_hour,463,26,0.07690906537231397
all_positive,4,습도,joint,date_hour,463,26,0.044773548570364065
all_positive,4,강수량,raw,date_hour,470,26,0.05895552157792868
all_positive,4,강수량,production,date_hour,463,26,0.044892218724164344
all_positive,4,강수량,joint,date_hour,463,26,0.02638632404370067
all_positive,5,기온,raw,date_hour,436,26,0.4573333622238081
all_positive,5,기온,production,date_hour,436,26,-0.18388113568316744
all_positive,5,기온,joint,date_hour,436,26,-0.23018812434805846
all_positive,5,풍속,raw,date_hour,436,26,0.28647323968744154
all_positive,5,풍속,production,date_hour,436,26,0.013284976522975018
all_positive,5,풍속,joint,date_hour,436,26,0.05236462809682523
all_positive,5,습도,raw,date_hour,436,26,-0.2759678073404955
all_positive,5,습도,production,date_hour,436,26,-0.04718762099202007
all_positive,5,습도,joint,date_hour,436,26,-0.13654434300898002
all_positive,5,강수량,raw,date_hour,436,26,0.059639498148987384
all_positive,5,강수량,production,date_hour,436,26,0.021684110271066075
all_positive,5,강수량,joint,date_hour,436,26,0.057742930260003565
all_positive,6,기온,raw,date_hour,497,26,0.4963267880410276
all_positive,6,기온,production,date_hour,495,26,-0.021452115402808482
all_positive,6,기온,joint,date_hour,493,26,0.056535430493555375
all_positive,6,풍속,raw,date_hour,495,26,0.40390704819378725
all_positive,6,풍속,production,date_hour,493,26,0.1623181121721685
all_positive,6,풍속,joint,date_hour,493,26,0.18686222037102285
all_positive,6,습도,raw,date_hour,497,26,-0.30986706263136954
all_positive,6,습도,production,date_hour,495,26,0.15690342168190446
all_positive,6,습도,joint,date_hour,493,26,0.2796833916569108
all_positive,6,강수량,raw,date_hour,497,26,-0.010938395484706973
all_positive,6,강수량,production,date_hour,495,26,-0.0743461446700234
all_positive,6,강수량,joint,date_hour,493,26,-0.2513320614752355
all_positive,7,기온,raw,date_hour,441,24,0.5475275559402147
all_positive,7,기온,production,date_hour,439,24,0.2853182338511397
all_positive,7,기온,joint,date_hour,439,24,0.047334364482757345
all_positive,7,풍속,raw,date_hour,441,24,0.4357853722390332
all_positive,7,풍속,production,date_hour,439,24,0.04131277523549765
all_positive,7,풍속,joint,date_hour,439,24,-0.030840182797397055
all_positive,7,습도,raw,date_hour,441,24,-0.5975291809988081
all_positive,7,습도,production,date_hour,439,24,-0.3472353682998679
all_positive,7,습도,joint,date_hour,439,24,-0.154421250319493
all_positive,7,강수량,raw,date_hour,441,24,0.05092174504732536
all_positive,7,강수량,production,date_hour,439,24,-0.29447289818582967
all_positive,7,강수량,joint,date_hour,439,24,-0.028008864214969002
all_positive,8,기온,raw,date_hour,383,20,0.5990690302778842
all_positive,8,기온,production,date_hour,381,20,0.2579327393945681
all_positive,8,기온,joint,date_hour,381,20,0.28633757714795344
all_positive,8,풍속,raw,date_hour,383,20,0.10698761379315731
all_positive,8,풍속,production,date_hour,381,20,-0.17421852397629342
all_positive,8,풍속,joint,date_hour,381,20,-0.10449626276216718
all_positive,8,습도,raw,date_hour,383,20,-0.4765755515259399
all_positive,8,습도,production,date_hour,381,20,0.035474870036249995
all_positive,8,습도,joint,date_hour,381,20,0.12024675347654823
all_positive,8,강수량,raw,date_hour,383,20,0.12846383323324648
all_positive,8,강수량,production,date_hour,381,20,-0.014387845900126688
all_positive,8,강수량,joint,date_hour,381,20,-0.00798716852930239
