timestamp,month,distance,included
2021-06-01 00:00:00,6,2.141080485343577,False
2021-06-01 03:00:00,6,2.177369985095163,False
2021-06-01 04:00:00,6,1.9959224863372333,False
2021-06-01 05:00:00,6,1.959632986585647,False
2021-06-01 06:00:00,6,1.7781854878277166,False
2021-06-01 07:00:00,6,1.5967379890697864,False
2021-06-01 08:00:00,6,1.3966290072618301,False
2021-06-01 09:00:00,6,1.4878694898150278,False
2021-06-01 10:00:00,6,1.4573520075775621,False
2021-06-01 11:00:00,6,1.3359060069460986,False
2021-06-01 12:00:00,6,1.415290490311856,False
2021-06-01 13:00:00,6,1.2701324913055123,False
2021-06-01 14:00:00,6,1.5552390364626343,False
2021-06-01 15:00:00,6,1.5180750078932939,False
2021-06-01 16:00:00,6,1.3966290072618304,False
2021-06-01 17:00:00,6,1.415290490311856,False
2021-06-01 18:00:00,6,1.6395210085247574,False
2021-06-01 19:00:00,6,1.487869489815028,False
2021-06-01 20:00:00,6,1.3790009905602707,False
2021-06-01 21:00:00,6,1.1975534918023403,False
2021-06-01 22:00:00,6,1.3427114908086841,False
2021-06-01 23:00:00,6,1.2751830066303669,False
2021-06-02 01:00:00,6,1.0886849925475819,False
2021-06-02 02:00:00,6,1.340778598378103,False
2021-06-02 03:00:00,6,1.1405086267392655,False
2021-06-02 04:00:00,6,1.342711490808684,False
2021-06-02 06:00:00,6,1.2751830066303669,False
2021-06-02 07:00:00,6,1.1249744922991685,False
2021-06-02 08:00:00,6,1.3359060069460984,False
2021-06-02 09:00:00,6,0.9715680050517079,True
2021-06-02 10:00:00,6,1.0930140056831714,False
2021-06-02 11:00:00,6,1.270132491305512,False
2021-06-02 12:00:00,6,1.2441912291701074,False
2021-06-02 13:00:00,6,1.3359060069460984,False
2021-06-02 14:00:00,6,1.2751830066303667,False
2021-06-02 15:00:00,6,1.1975534918023403,False
2021-06-02 16:00:00,6,1.0368260243084229,False
2021-06-02 17:00:00,6,0.7620794947833078,True
2021-06-02 18:00:00,6,0.689500495280136,True
2021-06-02 19:00:00,6,0.8709479940380651,True
2021-06-02 21:00:00,6,0.9435269935412381,True
2021-06-02 22:00:00,6,1.0886849925475819,False
2021-06-02 23:00:00,6,1.487869489815029,False
2021-06-03 01:00:00,6,1.2701324913055123,False
2021-06-03 02:00:00,6,1.4515564340317921,False
2021-06-03 03:00:00,6,1.3790009905602694,False
2021-06-03 04:00:00,6,1.342711490808684,False
2021-06-03 05:00:00,6,1.01610599304441,False
2021-06-03 06:00:00,6,1.1975534918023403,False
2021-06-03 07:00:00,6,1.3790009905602707,False
2021-06-03 08:00:00,6,1.4878694898150293,False
2021-06-03 09:00:00,6,1.9233434868340602,False
2021-06-03 10:00:00,6,1.415290490311856,False
2021-06-03 11:00:00,6,1.4152904903118573,False
2021-06-03 12:00:00,6,2.1773699850951638,False
2021-06-03 13:00:00,6,1.1249744922991671,False
2021-06-03 14:00:00,6,1.0523954927959966,False
2021-06-03 15:00:00,6,1.01610599304441,False
2021-06-03 16:00:00,6,1.5552390364626345,False
2021-06-03 17:00:00,6,1.4878694898150293,False
2021-06-03 18:00:00,6,1.2409845859321573,False
2021-06-03 19:00:00,6,1.140508626739265,False
2021-06-03 20:00:00,6,1.451556434031792,False
2021-06-03 21:00:00,6,0.9072374937896516,True
2021-06-03 22:00:00,6,0.9435269935412383,True
2021-06-03 23:00:00,6,1.0886849925475819,False
2021-06-04 00:00:00,6,inf,False
2021-06-04 01:00:00,6,1.2338429915539268,False
2021-06-04 02:00:00,6,1.3064219910570976,False
2021-06-04 03:00:00,6,1.5241589895666146,False
2021-06-04 04:00:00,6,1.5241589895666146,False
2021-06-04 05:00:00,6,1.8144749875793031,False
2021-06-04 06:00:00,6,1.6693169885729593,False
2021-06-04 07:00:00,6,1.1975534918023392,False
2021-06-04 08:00:00,6,1.4152904903118573,False
2021-06-04 09:00:00,6,1.5180750078932939,False
2021-06-04 10:00:00,6,1.5241589895666143,False
2021-06-04 11:00:00,6,1.5787980082090254,False
2021-06-04 12:00:00,6,1.4573520075775621,False
2021-06-04 13:00:00,6,1.6285405034343425,False
2021-06-04 14:00:00,6,1.7609670091562208,False
2021-06-04 15:00:00,6,1.1537370059989032,False
2021-06-04 16:00:00,6,1.0322910053674397,False
2021-06-04 17:00:00,6,1.6589216388934767,False
2021-06-04 18:00:00,6,1.882413009787684,False
2021-06-04 19:00:00,6,2.0038590104191476,False
2021-06-04 20:00:00,6,1.5787980082090256,False
2021-06-04 21:00:00,6,1.2751830066303669,False
2021-06-04 22:00:00,6,1.5180750078932939,False
2021-06-07 08:00:00,6,1.3966290072618301,False
2021-06-07 09:00:00,6,1.700244008840489,False
2021-06-07 10:00:00,6,1.2144600063146351,False
2021-06-07 11:00:00,6,0.7803767487155875,True
2021-06-07 12:00:00,6,0.9691051321559032,True
2021-06-07 13:00:00,6,0.7630192142004333,True
2021-06-07 14:00:00,6,0.8709479940380662,True
2021-06-07 15:00:00,6,0.45839247719679965,True
2021-06-07 16:00:00,6,0.4147304097233693,True
2021-06-07 17:00:00,6,0.971568005051708,True
2021-06-07 18:00:00,6,0.8948805451625581,True
2021-06-07 19:00:00,6,0.47176349677061924,True
2021-06-07 20:00:00,6,0.6312980642189092,True
2021-06-07 21:00:00,6,0.9715680050517082,True
2021-06-07 22:00:00,6,0.7620794947833078,True
2021-06-07 23:00:00,6,1.690646774728377,False
2021-06-08 00:00:00,6,0.971568005051708,False
2021-06-08 01:00:00,6,1.03229100536744,False
2021-06-08 02:00:00,6,1.0930140056831716,False
2021-06-08 03:00:00,6,1.0368260243084229,False
2021-06-08 04:00:00,6,0.6679530034730493,True
2021-06-08 05:00:00,6,0.8501220044202445,False
2021-06-08 06:00:00,6,1.03229100536744,False
2021-06-08 07:00:00,6,1.2751830066303669,False
2021-06-08 08:00:00,6,0.8501220044202444,True
2021-06-08 09:00:00,6,0.8501220044202444,True
2021-06-08 10:00:00,6,0.8294608194467387,True
2021-06-08 11:00:00,6,0.6072300031573175,True
2021-06-08 12:00:00,6,1.5180750078932939,False
2021-06-08 13:00:00,6,0.9715680050517082,True
2021-06-08 14:00:00,6,0.6679530034730494,True
2021-06-08 15:00:00,6,1.03229100536744,False
2021-06-08 16:00:00,6,1.3478738316009498,False
2021-06-08 17:00:00,6,1.5552390364626345,False
2021-06-08 18:00:00,6,1.6395210085247571,False
2021-06-08 19:00:00,6,1.6395210085247571,False
2021-06-08 20:00:00,6,1.700244008840489,False
2021-06-08 21:00:00,6,1.5180750078932939,False
2021-06-08 22:00:00,6,1.5967379890697875,False
2021-06-08 23:00:00,6,1.4573520075775621,False
2021-06-09 00:00:00,6,2.1551760729168636,False
2021-06-09 01:00:00,6,1.2144600063146351,False
2021-06-09 02:00:00,6,1.2751830066303669,False
2021-06-09 03:00:00,6,1.0523954927959966,False
2021-06-09 04:00:00,6,1.1537370059989034,False
2021-06-09 06:00:00,6,1.0930140056831714,False
2021-06-09 07:00:00,6,1.0886849925475819,False
2021-06-09 08:00:00,6,1.3359060069460984,False
2021-06-09 09:00:00,6,1.1537370059989032,False
2021-06-09 10:00:00,6,1.2751830066303669,False
2021-06-09 11:00:00,6,0.9108450047359764,True
2021-06-09 13:00:00,6,0.8657596141239182,True
2021-06-09 14:00:00,6,0.9331434218775805,True
2021-06-09 15:00:00,6,0.6895004952801347,True
2021-06-09 16:00:00,6,0.6169214957769626,True
2021-06-09 17:00:00,6,1.0463742229374022,False
2021-06-09 18:00:00,6,1.0523954927959953,False
2021-06-09 19:00:00,6,1.3064219910570976,False
2021-06-09 20:00:00,6,1.2338429915539268,False
2021-06-09 21:00:00,6,1.1249744922991685,False
2021-06-09 22:00:00,6,1.3064219910570976,False
2021-06-09 23:00:00,6,1.0886849925475819,False
2021-06-10 03:00:00,6,1.3064219910570976,False
2021-06-10 04:00:00,6,1.0368260243084229,False
2021-06-10 05:00:00,6,1.2441912291701076,False
2021-06-10 06:00:00,6,1.0930140056831714,False
2021-06-10 07:00:00,6,1.01610599304441,False
2021-06-10 08:00:00,6,1.2338429915539255,False
2021-06-10 09:00:00,6,2.099510772263674,False
2021-06-10 10:00:00,6,0.7893990041045127,True
2021-06-10 11:00:00,6,0.31104780729252673,True
2021-06-10 12:00:00,6,0.9715680050517079,True
2021-06-10 13:00:00,6,0.6220956145850538,True
2021-06-10 14:00:00,6,1.1530135077212997,False
2021-06-10 15:00:00,6,0.9331434218775806,True
2021-06-10 16:00:00,6,1.2441912291701072,False
2021-06-10 17:00:00,6,0.8294608194467382,True
2021-06-10 18:00:00,6,1.01610599304441,False
2021-06-10 19:00:00,6,0.8294608194467381,True
2021-06-10 20:00:00,6,0.5369912023348828,True
2021-06-10 21:00:00,6,0.7286760037887811,True
2021-06-10 22:00:00,6,0.4857840025258541,True
2021-06-10 23:00:00,6,0.8294608194467383,True
2021-06-11 00:00:00,6,0.7257782170158961,False
2021-06-11 01:00:00,6,1.34787383160095,False
2021-06-11 02:00:00,6,0.7257782170158961,True
2021-06-11 03:00:00,6,1.1741151062859563,False
2021-06-11 05:00:00,6,1.1320056949821677,False
2021-06-11 06:00:00,6,0.5443424962737909,False
2021-06-11 07:00:00,6,1.4515799900634425,False
2021-06-11 08:00:00,6,1.5241589895666143,False
2021-06-11 09:00:00,6,0.8294608194467381,True
2021-06-11 10:00:00,6,0.7257782170158957,True
2021-06-11 11:00:00,6,0.8709479940380663,True
2021-06-11 12:00:00,6,1.5604484893182011,False
2021-06-11 13:00:00,6,0.6734945066164861,True
2021-06-11 14:00:00,6,1.1072224589920254,False
2021-06-11 15:00:00,6,0.5443424962737909,True
2021-06-11 16:00:00,6,0.4354739970190325,True
2021-06-11 17:00:00,6,0.7289595073567318,True
2021-06-11 18:00:00,6,0.3991844972674459,True
2021-06-11 19:00:00,6,0.41473040972336905,True
2021-06-11 20:00:00,6,1.270132491305512,False
2021-06-11 21:00:00,6,1.3064219910570976,False
2021-06-11 22:00:00,6,0.7620794947833078,True
2021-06-11 23:00:00,6,0.5806319960253775,True
2021-06-14 08:00:00,6,0.7106601319046588,True
2021-06-14 09:00:00,6,0.4717634967706177,True
2021-06-14 10:00:00,6,0.8460171577174088,True
2021-06-14 11:00:00,6,0.4103763049288819,True
2021-06-14 13:00:00,6,1.0886849925475819,False
2021-06-14 14:00:00,6,0.9072374937896517,True
2021-06-14 15:00:00,6,0.9072374937896515,True
2021-06-14 16:00:00,6,1.2701324913055123,False
2021-06-14 17:00:00,6,1.2441912291701076,False
2021-06-14 18:00:00,6,0.8757786407984794,True
2021-06-14 19:00:00,6,1.3064219910570976,False
2021-06-14 20:00:00,6,0.7136330285170258,True
2021-06-14 21:00:00,6,0.6220956145850536,True
2021-06-14 23:00:00,6,0.7257899950317213,True
2021-06-15 00:00:00,6,0.4717634967706191,False
2021-06-15 02:00:00,6,0.2903159980126875,True
2021-06-15 03:00:00,6,0.655423051387424,False
2021-06-15 04:00:00,6,0.7257782170158961,True
2021-06-15 06:00:00,6,0.6220956145850536,False
2021-06-15 07:00:00,6,0.544342496273791,False
2021-06-15 08:00:00,6,0.6169214957769629,True
2021-06-15 09:00:00,6,0.9072374937896517,True
2021-06-15 10:00:00,6,1.1405086267392652,False
2021-06-15 11:00:00,6,1.6589216388934764,False
2021-06-15 12:00:00,6,1.451556434031792,False
2021-06-15 13:00:00,6,1.4515799900634425,False
2021-06-15 14:00:00,6,1.633027488821373,False
2021-06-15 15:00:00,6,1.6330274888213727,False
2021-06-15 16:00:00,6,0.8294608194467381,True
2021-06-15 17:00:00,6,0.5806319960253775,True
2021-06-15 18:00:00,6,0.7339032993702046,True
2021-06-15 19:00:00,6,0.7620794947833078,True
2021-06-15 20:00:00,6,1.0368260243084229,False
2021-06-15 21:00:00,6,0.8346584942864798,True
2021-06-15 22:00:00,6,1.1249744922991685,False
2021-06-15 23:00:00,6,1.1975534918023403,False
2021-06-16 00:00:00,6,inf,False
2021-06-16 01:00:00,6,1.4152904903118573,False
2021-06-16 02:00:00,6,1.5241589895666143,False
2021-06-16 03:00:00,6,1.6693169885729595,False
2021-06-16 04:00:00,6,1.1975534918023403,False
2021-06-16 05:00:00,6,1.4515799900634425,False
2021-06-16 06:00:00,6,1.140508626739265,False
2021-06-16 07:00:00,6,1.5552390364626345,False
2021-06-16 08:00:00,6,1.4515564340317921,False
2021-06-16 09:00:00,6,1.0368260243084229,False
2021-06-16 10:00:00,6,0.7620794947833065,True
2021-06-16 11:00:00,6,1.01610599304441,False
2021-06-16 12:00:00,6,1.5967379890697861,False
2021-06-16 13:00:00,6,1.3478738316009495,False
2021-06-16 14:00:00,6,1.0886849925475819,False
2021-06-16 15:00:00,6,1.3003940558080747,False
2021-06-16 16:00:00,6,1.3478738316009498,False
2021-06-16 17:00:00,6,1.3427114908086855,False
2021-06-16 18:00:00,6,1.4515799900634425,False
2021-06-16 19:00:00,6,1.4515564340317917,False
2021-06-16 20:00:00,6,1.0886849925475819,False
2021-06-16 21:00:00,6,1.0248302731946688,False
2021-06-16 22:00:00,6,1.1249744922991685,False
2021-06-17 01:00:00,6,1.7418959880761313,False
2021-06-17 02:00:00,6,1.74189598807613,False
2021-06-17 03:00:00,6,1.7781854878277166,False
2021-06-17 04:00:00,6,1.8507644873308897,False
2021-06-17 05:00:00,6,1.8144749875793031,False
2021-06-17 06:00:00,6,1.5967379890697875,False
2021-06-17 07:00:00,6,1.415290490311856,False
2021-06-17 08:00:00,6,1.555239036462634,False
2021-06-17 09:00:00,6,1.0161059930444087,False
2021-06-17 10:00:00,6,1.4515799900634425,False
2021-06-17 11:00:00,6,0.9798164932928235,True
2021-06-17 12:00:00,6,1.7418959880761313,False
2021-06-17 13:00:00,6,0.7257899950317213,True
2021-06-17 14:00:00,6,1.34787383160095,False
2021-06-17 15:00:00,6,0.7893990041045127,True
2021-06-17 16:00:00,6,1.2701324913055123,False
2021-06-17 17:00:00,6,0.9798164932928235,True
2021-06-17 18:00:00,6,1.0523954927959953,False
2021-06-17 19:00:00,6,1.01610599304441,False
2021-06-17 20:00:00,6,1.1249744922991685,False
2021-06-17 21:00:00,6,2.1410804853435783,False
2021-06-17 22:00:00,6,1.1612639920507537,False
2021-06-17 23:00:00,6,1.1612639920507537,False
2021-06-18 00:00:00,6,inf,False
2021-06-18 01:00:00,6,1.5552390364626345,False
2021-06-18 02:00:00,6,1.3064219910570976,False
2021-06-18 03:00:00,6,1.4818844972254102,False
2021-06-18 06:00:00,6,1.762604241324319,False
2021-06-18 07:00:00,6,1.1249744922991671,False
2021-06-18 08:00:00,6,1.0161059930444087,False
2021-06-18 09:00:00,6,1.3064219910570976,False
2021-06-18 10:00:00,6,0.5184130121542113,True
2021-06-18 11:00:00,6,0.725778217015896,True
2021-06-18 12:00:00,6,0.8501220044202445,True
2021-06-18 13:00:00,6,0.5443424962737908,True
2021-06-18 14:00:00,6,0.3110478072925269,True
2021-06-18 15:00:00,6,0.7257899950317213,True
2021-06-18 16:00:00,6,0.6679530034730492,True
2021-06-18 17:00:00,6,0.48578400252585396,True
2021-06-18 18:00:00,6,0.7257782170158961,True
2021-06-18 19:00:00,6,0.8346584942864798,True
2021-06-18 20:00:00,6,0.7257782170158961,True
2021-06-18 21:00:00,6,0.9072374937896516,True
2021-06-18 22:00:00,6,0.4108719644386152,True
2021-06-18 23:00:00,6,0.7620794947833065,True
2021-06-21 08:00:00,6,1.1537370059989032,False
2021-06-21 09:00:00,6,1.3966290072618304,False
2021-06-21 10:00:00,6,1.2751830066303669,False
2021-06-21 11:00:00,6,1.1537370059989034,False
2021-06-21 12:00:00,6,0.8709479940380664,True
2021-06-21 13:00:00,6,1.2338429915539255,False
2021-06-21 14:00:00,6,1.6589216388934769,False
2021-06-21 15:00:00,6,1.5967379890697861,False
2021-06-21 16:00:00,6,1.3064219910570989,False
2021-06-21 17:00:00,6,1.5967379890697864,False
2021-06-21 18:00:00,6,1.140508626739265,False
2021-06-21 19:00:00,6,1.4515564340317921,False
2021-06-21 20:00:00,6,1.4515799900634425,False
2021-06-21 21:00:00,6,1.161263992050755,False
2021-06-21 22:00:00,6,0.9108450047359763,True
2021-06-21 23:00:00,6,1.3427114908086855,False
2021-06-22 00:00:00,6,1.2338429915539257,False
2021-06-22 01:00:00,6,1.161263992050754,False
2021-06-22 03:00:00,6,1.487869489815028,False
2021-06-22 04:00:00,6,1.0824062075448206,False
2021-06-22 05:00:00,6,0.8346584942864796,False
2021-06-22 06:00:00,6,1.270132491305512,False
2021-06-22 07:00:00,6,1.161263992050754,False
2021-06-22 08:00:00,6,1.0886849925475819,False
2021-06-22 09:00:00,6,1.1249744922991685,False
2021-06-22 10:00:00,6,1.4152904903118573,False
2021-06-22 11:00:00,6,2.03221198608882,False
2021-06-22 12:00:00,6,0.9798164932928235,True
2021-06-22 13:00:00,6,1.1249744922991671,False
2021-06-22 14:00:00,6,1.3427114908086841,False
2021-06-22 15:00:00,6,1.741895988076131,False
2021-06-22 16:00:00,6,1.9959224863372336,False
2021-06-22 17:00:00,6,0.9798164932928235,True
2021-06-22 18:00:00,6,0.9798164932928235,True
2021-06-22 19:00:00,6,0.8346584942864796,True
2021-06-22 20:00:00,6,1.1249744922991671,False
2021-06-22 21:00:00,6,0.8346584942864798,True
2021-06-22 22:00:00,6,0.9072374937896516,True
2021-06-22 23:00:00,6,1.1249744922991685,False
2021-06-23 00:00:00,6,1.1249744922991671,False
2021-06-23 01:00:00,6,1.01610599304441,False
2021-06-23 02:00:00,6,0.9435269935412381,True
2021-06-23 03:00:00,6,1.2701324913055123,False
2021-06-23 04:00:00,6,1.0667529976812584,False
2021-06-23 05:00:00,6,1.1249744922991671,False
2021-06-23 06:00:00,6,1.2762745701578488,False
2021-06-23 07:00:00,6,1.3064219910570989,False
2021-06-23 08:00:00,6,1.5241589895666157,False
2021-06-23 09:00:00,6,1.415290490311856,False
2021-06-23 10:00:00,6,1.8662868437551612,False
2021-06-23 11:00:00,6,2.3951069836046806,False
2021-06-23 12:00:00,6,2.019914868672526,False
2021-06-23 13:00:00,6,1.5967379890697861,False
2021-06-23 14:00:00,6,1.7626042413243186,False
2021-06-23 15:00:00,6,1.5967379890697861,False
2021-06-23 16:00:00,6,1.8144749875793034,False
2021-06-23 17:00:00,6,1.5552390364626345,False
2021-06-23 18:00:00,6,1.1612639920507537,False
2021-06-23 19:00:00,6,0.9798164932928235,True
2021-06-23 20:00:00,6,1.5604484893182011,False
2021-06-23 21:00:00,6,0.9798164932928235,True
2021-06-23 22:00:00,6,0.7983689945348931,True
2021-06-23 23:00:00,6,1.3478738316009498,False
2021-06-24 00:00:00,6,0.9072374937896516,False
2021-06-24 01:00:00,6,0.9430613889114388,False
2021-06-24 02:00:00,6,1.0161059930444087,False
2021-06-24 03:00:00,6,1.0523954927959953,False
2021-06-24 04:00:00,6,0.7983689945348932,True
2021-06-24 05:00:00,6,1.270132491305512,False
2021-06-24 06:00:00,6,1.0161059930444087,False
2021-06-24 07:00:00,6,1.161263992050754,False
2021-06-24 08:00:00,6,1.1975534918023403,False
2021-06-24 09:00:00,6,1.1975534918023403,False
2021-06-24 10:00:00,6,1.633027488821373,False
2021-06-24 11:00:00,6,1.1612639920507537,False
2021-06-24 12:00:00,6,1.197553491802339,False
2021-06-24 13:00:00,6,0.6240413578215739,True
2021-06-24 14:00:00,6,0.7257899950317214,True
2021-06-24 15:00:00,6,1.1737089938776222,False
2021-06-24 16:00:00,6,1.01610599304441,False
2021-06-24 17:00:00,6,0.5465070028415857,True
2021-06-24 18:00:00,6,0.6532109955285494,True
2021-06-24 19:00:00,6,0.5997202050629951,True
2021-06-24 20:00:00,6,0.8239954970794476,True
2021-06-24 21:00:00,6,1.1249744922991685,False
2021-06-24 23:00:00,6,0.7257899950317213,True
2021-06-25 01:00:00,6,1.1405086267392655,False
2021-06-25 02:00:00,6,1.1405086267392655,False
2021-06-25 03:00:00,6,0.7091907702743593,False
2021-06-25 04:00:00,6,0.7076735667540743,True
2021-06-25 05:00:00,6,1.01610599304441,False
2021-06-25 06:00:00,6,1.1249744922991671,False
2021-06-25 07:00:00,6,0.5465070028415858,False
2021-06-25 08:00:00,6,0.6072300031573176,True
2021-06-25 09:00:00,6,0.5184130121542114,True
2021-06-25 10:00:00,6,0.689500495280136,True
2021-06-25 11:00:00,6,0.471763496770619,True
2021-06-25 12:00:00,6,0.9331434218775805,True
2021-06-25 13:00:00,6,0.6679530034730493,True
2021-06-25 14:00:00,6,0.9050888098735481,True
2021-06-25 15:00:00,6,0.4147304097233691,True
2021-06-25 16:00:00,6,0.5443424962737908,True
2021-06-25 17:00:00,6,0.7162056131705364,True
2021-06-25 18:00:00,6,0.725778217015896,True
2021-06-25 19:00:00,6,0.8294608194467382,True
2021-06-25 20:00:00,6,0.7983689945348931,True
2021-06-25 21:00:00,6,0.9193342523909169,True
2021-06-25 22:00:00,6,0.8294608194467384,True
2021-06-25 23:00:00,6,0.4250610022101222,True
2021-06-28 08:00:00,6,0.725778217015896,True
2021-06-28 09:00:00,6,0.6072300031573176,True
2021-06-28 10:00:00,6,0.6679530034730493,True
2021-06-28 11:00:00,6,0.5465070028415858,True
2021-06-28 12:00:00,6,1.7626042413243193,False
2021-06-28 13:00:00,6,0.3110478072925267,True
2021-06-28 14:00:00,6,0.7257782170158957,True
2021-06-28 15:00:00,6,0.7286760037887811,True
2021-06-28 16:00:00,6,0.6220956145850538,True
2021-06-28 17:00:00,6,1.211502272904366,False
2021-06-28 18:00:00,6,0.4147304097233694,True
2021-06-28 19:00:00,6,0.7257899950317213,True
2021-06-28 21:00:00,6,0.435432425994494,True
2021-06-28 22:00:00,6,0.8346584942864796,True
2021-06-28 23:00:00,6,0.7257899950317213,True
2021-06-29 01:00:00,6,0.3036150015786587,False
2021-06-29 02:00:00,6,0.4250610022101222,True
2021-06-29 03:00:00,6,0.8294608194467384,False
2021-06-29 04:00:00,6,0.9331434218775806,True
2021-06-29 05:00:00,6,0.5080529965222056,False
2021-06-29 06:00:00,6,0.5465070028415857,False
2021-06-29 07:00:00,6,0.7257782170158961,False
2021-06-29 08:00:00,6,0.6532109955285494,True
2021-06-29 09:00:00,6,0.5465070028415858,True
2021-06-29 10:00:00,6,0.544342496273791,True
2021-06-29 11:00:00,6,0.6072300031573176,True
2021-06-29 12:00:00,6,0.5465070028415858,True
2021-06-29 13:00:00,6,0.8294608194467381,True
2021-06-29 14:00:00,6,1.0580772419272142,False
2021-06-29 15:00:00,6,0.7257782170158962,True
2021-06-29 16:00:00,6,1.0368260243084229,False
2021-06-29 17:00:00,6,0.9214605285152115,True
2021-06-29 18:00:00,6,0.9072374937896516,True
2021-06-29 19:00:00,6,0.7257899950317213,True
2021-06-29 20:00:00,6,1.3478738316009498,False
2021-06-29 21:00:00,6,1.1249744922991685,False
2021-06-29 22:00:00,6,0.7257782170158961,True
2021-06-29 23:00:00,6,0.36289499751586063,True
2021-06-30 01:00:00,6,0.9072374937896515,False
2021-06-30 02:00:00,6,0.4250610022101222,True
2021-06-30 03:00:00,6,0.5369912023348828,False
2021-06-30 04:00:00,6,0.3643380018943905,True
2021-06-30 05:00:00,6,0.24289200126292698,False
2021-06-30 07:00:00,6,0.36433800189439053,False
2021-06-30 08:00:00,6,0.5080529965222057,True
2021-06-30 09:00:00,6,0.8294608194467383,True
2021-06-30 10:00:00,6,0.8709479940380662,True
2021-06-30 11:00:00,6,0.9072374937896515,True
2021-06-30 12:00:00,6,0.7893990041045127,True
2021-06-30 13:00:00,6,0.7620794947833065,True
2021-06-30 14:00:00,6,1.0523954927959953,False
2021-06-30 15:00:00,6,1.451556434031792,False
2021-06-30 16:00:00,6,1.1405086267392652,False
2021-06-30 17:00:00,6,1.653517996546509,False
2021-06-30 18:00:00,6,0.9435269935412369,True
2021-06-30 19:00:00,6,0.8346584942864783,True
2021-06-30 20:00:00,6,1.7781854878277166,False
2021-06-30 21:00:00,6,0.3036150015786587,True
2021-06-30 22:00:00,6,0.6426997045039038,True
2021-08-09 07:00:00,8,2.5889605788637686,False
2021-08-09 08:00:00,8,1.4152904903118573,False
2021-08-09 09:00:00,8,1.6693169885729595,False
2021-08-09 10:00:00,8,1.762604241324319,False
2021-08-09 11:00:00,8,1.1975534918023403,False
2021-08-09 12:00:00,8,1.5180750078932939,False
2021-08-09 13:00:00,8,1.5241589895666146,False
2021-08-09 14:00:00,8,1.270132491305512,False
2021-08-09 15:00:00,8,1.7418959880761316,False
2021-08-09 16:00:00,8,1.5967379890697875,False
2021-08-09 17:00:00,8,1.6589216388934767,False
2021-08-09 20:00:00,8,1.4074603528126575,False
2021-08-09 21:00:00,8,1.3790009905602707,False
2021-08-09 22:00:00,8,0.4108719644386152,True
2021-08-09 23:00:00,8,0.5806319960253775,True
2021-08-10 01:00:00,8,1.2338429915539268,False
2021-08-10 02:00:00,8,0.7257782170158961,True
2021-08-10 03:00:00,8,1.4515564340317921,False
2021-08-10 04:00:00,8,1.1975534918023403,False
2021-08-10 05:00:00,8,1.8144749875793031,False
2021-08-10 06:00:00,8,0.5443424962737909,False
2021-08-10 07:00:00,8,1.3427114908086841,False
2021-08-10 08:00:00,8,1.3064219910570976,False
2021-08-10 09:00:00,8,1.3064219910570976,False
2021-08-10 10:00:00,8,0.8346584942864798,True
2021-08-10 11:00:00,8,1.1249744922991685,False
2021-08-10 13:00:00,8,0.5443424962737908,True
2021-08-10 14:00:00,8,0.9331434218775807,True
2021-08-10 15:00:00,8,0.8346584942864783,True
2021-08-10 16:00:00,8,1.0523954927959953,False
2021-08-10 17:00:00,8,0.9798164932928235,True
2021-08-10 18:00:00,8,0.9545149174145107,True
2021-08-10 19:00:00,8,0.8346584942864798,True
2021-08-10 20:00:00,8,0.8346584942864783,True
2021-08-10 21:00:00,8,0.9798164932928234,True
2021-08-10 22:00:00,8,1.1267565611578578,False
2021-08-11 01:00:00,8,0.8709479940380649,False
2021-08-11 02:00:00,8,0.6940068596263599,True
2021-08-11 03:00:00,8,0.8294608194467384,False
2021-08-11 04:00:00,8,0.8346584942864796,True
2021-08-11 05:00:00,8,1.0948690904326428,False
2021-08-11 06:00:00,8,0.8470846629305011,False
2021-08-11 07:00:00,8,1.233842991553927,False
2021-08-11 08:00:00,8,0.943526993541238,True
2021-08-11 09:00:00,8,0.7893990041045128,True
2021-08-11 10:00:00,8,1.0523954927959964,False
2021-08-11 11:00:00,8,0.7286760037887811,True
2021-08-11 12:00:00,8,0.9798164932928235,True
2021-08-11 13:00:00,8,0.9435269935412369,True
2021-08-11 14:00:00,8,1.1249744922991671,False
2021-08-11 15:00:00,8,1.0930140056831714,False
2021-08-11 16:00:00,8,0.725789995031721,True
2021-08-11 17:00:00,8,0.7162056131705364,True
2021-08-11 18:00:00,8,0.9072374937896516,True
2021-08-11 19:00:00,8,0.7257899950317213,True
2021-08-11 20:00:00,8,0.7983689945348931,True
2021-08-11 21:00:00,8,0.5806319960253776,True
2021-08-11 22:00:00,8,0.4857840025258541,True
2021-08-11 23:00:00,8,0.36289499751586063,True
2021-08-12 01:00:00,8,0.3036150015786587,False
2021-08-12 02:00:00,8,0.2903159980126875,True
2021-08-12 03:00:00,8,0.5369912023348828,False
2021-08-12 04:00:00,8,0.3643380018943905,True
2021-08-12 05:00:00,8,0.9473412468348474,False
2021-08-12 06:00:00,8,0.6220956145850536,False
2021-08-12 07:00:00,8,0.5465070028415857,False
2021-08-12 08:00:00,8,0.7286760037887811,True
2021-08-12 09:00:00,8,1.0523954927959964,False
2021-08-12 10:00:00,8,0.9331434218775806,True
2021-08-12 11:00:00,8,0.7983689945348931,True
2021-08-12 12:00:00,8,0.7893990041045127,True
2021-08-12 13:00:00,8,0.7620794947833065,True
2021-08-12 14:00:00,8,1.0368260243084229,False
2021-08-12 15:00:00,8,0.7286760037887811,True
2021-08-12 16:00:00,8,0.9331434218775805,True
2021-08-12 17:00:00,8,0.8501220044202445,True
2021-08-12 18:00:00,8,1.01610599304441,False
2021-08-12 19:00:00,8,0.971568005051708,True
2021-08-12 20:00:00,8,0.9798164932928235,True
2021-08-12 23:00:00,8,1.0161059930444087,False
2021-08-13 00:00:00,8,1.214460006314635,False
2021-08-13 01:00:00,8,0.9798164932928235,False
2021-08-13 02:00:00,8,0.9072374937896516,True
2021-08-13 03:00:00,8,1.4341037704446955,False
2021-08-13 04:00:00,8,1.7626042413243188,False
2021-08-13 06:00:00,8,1.3084439545747746,False
2021-08-13 07:00:00,8,1.7056064883245448,False
2021-08-13 08:00:00,8,1.5241589895666143,False
2021-08-13 09:00:00,8,1.959632986585647,False
2021-08-13 10:00:00,8,0.5184130121542113,True
2021-08-13 11:00:00,8,0.725778217015896,True
2021-08-13 12:00:00,8,1.3478738316009498,False
2021-08-13 13:00:00,8,1.6589216388934767,False
2021-08-13 14:00:00,8,2.073652048616846,False
2021-08-13 15:00:00,8,1.7609670091562208,False
2021-08-13 16:00:00,8,1.0886849925475819,False
2021-08-13 17:00:00,8,1.0886849925475819,False
2021-08-13 18:00:00,8,1.4152904903118562,False
2021-08-13 19:00:00,8,1.4515799900634425,False
2021-08-13 21:00:00,8,1.2338429915539268,False
2021-08-13 22:00:00,8,1.6395210085247574,False
2021-08-13 23:00:00,8,1.0523954927959953,False
2021-08-16 07:00:00,8,2.1261254652274286,False
2021-08-16 08:00:00,8,1.4515564340317921,False
2021-08-16 09:00:00,8,1.8507644873308884,False
2021-08-16 10:00:00,8,1.5241589895666143,False
2021-08-16 11:00:00,8,1.6589216388934764,False
2021-08-16 13:00:00,8,1.8216900094719526,False
2021-08-16 14:00:00,8,1.7609670091562208,False
2021-08-16 15:00:00,8,1.5552390364626343,False
2021-08-16 16:00:00,8,1.0322910053674397,False
2021-08-16 18:00:00,8,2.159459684701954,False
2021-08-16 19:00:00,8,2.3745386553528074,False
2021-08-16 20:00:00,8,0.7257782170158961,True
2021-08-16 21:00:00,8,1.2751830066303669,False
2021-08-16 22:00:00,8,1.140508626739265,False
2021-08-16 23:00:00,8,0.7620794947833065,True
2021-08-17 00:00:00,8,0.7257782170158961,False
2021-08-17 01:00:00,8,0.7257782170158963,False
2021-08-17 02:00:00,8,1.3478738316009498,False
2021-08-17 03:00:00,8,1.1741151062859563,False
2021-08-17 04:00:00,8,1.6693169885729593,False
2021-08-17 05:00:00,8,1.1320056949821677,False
2021-08-17 06:00:00,8,0.6532109955285494,False
2021-08-17 07:00:00,8,1.1249744922991671,False
2021-08-17 08:00:00,8,1.0161059930444087,False
2021-08-17 09:00:00,8,0.8294608194467381,True
2021-08-17 10:00:00,8,0.7257782170158957,True
2021-08-17 11:00:00,8,0.8709479940380663,True
2021-08-17 13:00:00,8,0.6734945066164861,True
2021-08-17 14:00:00,8,1.0886849925475819,False
2021-08-17 15:00:00,8,1.3003940558080747,False
2021-08-17 16:00:00,8,1.4878694898150293,False
2021-08-17 17:00:00,8,1.2701324913055123,False
2021-08-17 18:00:00,8,1.4515799900634425,False
2021-08-17 19:00:00,8,0.7620794947833078,True
2021-08-17 20:00:00,8,1.0368260243084226,False
2021-08-17 21:00:00,8,1.0248302731946688,False
2021-08-17 22:00:00,8,0.9072374937896516,True
2021-08-17 23:00:00,8,1.0368260243084229,False
2021-08-18 00:00:00,8,1.5335559305885058,False
2021-08-18 01:00:00,8,1.9699694461860038,False
2021-08-18 02:00:00,8,1.2441912291701076,False
2021-08-18 03:00:00,8,0.9331434218775807,False
2021-08-18 04:00:00,8,0.6679530034730493,True
2021-08-18 05:00:00,8,1.3530509081634587,False
2021-08-18 06:00:00,8,1.270132491305512,False
2021-08-18 07:00:00,8,0.8294608194467387,False
2021-08-18 08:00:00,8,0.6169214957769629,True
2021-08-18 09:00:00,8,0.6679530034730493,True
2021-08-18 10:00:00,8,0.8294608194467382,True
2021-08-18 11:00:00,8,1.233842991553927,False
2021-08-18 12:00:00,8,1.5967379890697861,False
2021-08-18 13:00:00,8,1.3790009905602707,False
2021-08-18 14:00:00,8,1.8870539870824752,False
2021-08-18 15:00:00,8,1.633027488821373,False
2021-08-18 16:00:00,8,0.9331434218775806,True
2021-08-18 17:00:00,8,1.3064219910570976,False
2021-08-18 18:00:00,8,1.5241589895666143,False
2021-08-18 19:00:00,8,1.1249744922991671,False
2021-08-18 20:00:00,8,0.8294608194467384,True
2021-08-18 21:00:00,8,1.3064219910570989,False
2021-08-18 22:00:00,8,1.161263992050754,False
2021-08-18 23:00:00,8,1.3478738316009498,False
2021-08-19 00:00:00,8,1.036826024308423,False
2021-08-19 01:00:00,8,1.5967379890697875,False
2021-08-19 02:00:00,8,1.9699694461860033,False
2021-08-19 03:00:00,8,1.3790009905602707,False
2021-08-19 04:00:00,8,0.9763858324109126,True
2021-08-19 05:00:00,8,0.9331434218775805,False
2021-08-19 06:00:00,8,1.03229100536744,False
2021-08-19 07:00:00,8,1.3427114908086841,False
2021-08-19 08:00:00,8,0.7475809039834602,True
2021-08-19 09:00:00,8,0.5465070028415858,True
2021-08-19 10:00:00,8,0.6679530034730493,True
2021-08-19 11:00:00,8,0.4103763049288819,True
2021-08-19 12:00:00,8,0.5465070028415858,True
2021-08-19 13:00:00,8,0.3110478072925267,True
2021-08-19 14:00:00,8,0.7257782170158957,True
2021-08-19 15:00:00,8,0.4147304097233691,True
2021-08-19 16:00:00,8,0.6220956145850538,True
2021-08-19 17:00:00,8,0.5465070028415857,True
2021-08-19 18:00:00,8,0.4147304097233694,True
2021-08-19 19:00:00,8,0.5997202050629951,True
2021-08-19 20:00:00,8,0.7136330285170258,True
2021-08-19 21:00:00,8,0.3036150015786587,True
2021-08-19 22:00:00,8,0.6426997045039038,True
2021-08-19 23:00:00,8,0.4250610022101222,True
2021-08-20 00:00:00,8,0.4717634967706191,False
2021-08-20 01:00:00,8,0.4226065737018967,False
2021-08-20 02:00:00,8,0.4250610022101222,True
2021-08-20 03:00:00,8,0.7091907702743593,False
2021-08-20 04:00:00,8,0.4413334964424608,True
2021-08-20 05:00:00,8,0.725778217015896,False
2021-08-20 06:00:00,8,0.5465070028415857,False
2021-08-20 07:00:00,8,0.5806319960253776,False
2021-08-20 08:00:00,8,0.5080529965222057,True
2021-08-20 09:00:00,8,0.725778217015896,True
2021-08-20 10:00:00,8,0.6532109955285493,True
2021-08-20 11:00:00,8,0.8624033356075798,True
2021-08-20 12:00:00,8,1.6143853438836244,False
2021-08-20 13:00:00,8,0.6072300031573176,True
2021-08-20 14:00:00,8,0.7257899950317213,True
2021-08-20 15:00:00,8,1.1537370059989032,False
2021-08-20 16:00:00,8,1.2701324913055125,False
2021-08-20 17:00:00,8,1.4515799900634425,False
2021-08-20 18:00:00,8,1.140508626739265,False
2021-08-20 19:00:00,8,1.1975534918023403,False
2021-08-20 20:00:00,8,1.0886849925475819,False
2021-08-20 21:00:00,8,1.1249744922991685,False
2021-08-20 22:00:00,8,0.9331434218775808,True
2021-08-20 23:00:00,8,1.1729704773096512,False
2021-08-23 08:00:00,8,1.8870539870824752,False
2021-08-23 09:00:00,8,1.9233434868340615,False
2021-08-23 10:00:00,8,1.1975534918023403,False
2021-08-23 11:00:00,8,1.1249744922991685,False
2021-08-23 12:00:00,8,0.9108450047359763,True
2021-08-23 13:00:00,8,1.1612639920507537,False
2021-08-23 14:00:00,8,1.0523954927959966,False
2021-08-23 15:00:00,8,0.5443424962737909,True
2021-08-23 16:00:00,8,0.4354739970190325,True
2021-08-23 17:00:00,8,0.48578400252585396,True
2021-08-23 18:00:00,8,0.3991844972674459,True
2021-08-23 19:00:00,8,0.41473040972336905,True
2021-08-23 20:00:00,8,1.0368260243084229,False
2021-08-23 21:00:00,8,0.8346584942864798,True
2021-08-23 22:00:00,8,1.140508626739265,False
2021-08-23 23:00:00,8,1.8507644873308884,False
2021-08-24 01:00:00,8,2.2136594848467506,False
2021-08-24 02:00:00,8,2.2136594848467492,False
2021-08-24 03:00:00,8,2.2810172534785305,False
2021-08-24 04:00:00,8,2.2136594848467506,False
2021-08-24 05:00:00,8,1.6531913298179894,False
2021-08-24 06:00:00,8,2.0736520486168457,False
2021-08-24 07:00:00,8,1.4515799900634425,False
2021-08-24 08:00:00,8,1.9233434868340615,False
2021-08-24 09:00:00,8,1.5241589895666143,False
2021-08-24 10:00:00,8,0.8346584942864798,True
2021-08-24 11:00:00,8,1.4515564340317924,False
2021-08-24 12:00:00,8,1.161263992050755,False
2021-08-24 13:00:00,8,1.866286843755161,False
2021-08-24 14:00:00,8,1.5552390364626345,False
2021-08-24 15:00:00,8,2.125305011050611,False
2021-08-24 16:00:00,8,2.0322119860888197,False
2021-08-24 17:00:00,8,2.03221198608882,False
2021-08-24 18:00:00,8,1.8870539870824765,False
2021-08-24 19:00:00,8,2.286238484349922,False
2021-08-24 21:00:00,8,2.0685014858404056,False
2021-08-24 22:00:00,8,2.032211986088819,False
2021-08-24 23:00:00,8,1.7781854878277166,False
2021-08-25 01:00:00,8,1.5604484893181996,False
2021-08-25 02:00:00,8,1.633027488821373,False
2021-08-25 03:00:00,8,1.2701324913055123,False
2021-08-25 04:00:00,8,1.1249744922991685,False
2021-08-25 05:00:00,8,1.0322910053674397,False
2021-08-25 06:00:00,8,1.415290490311856,False
2021-08-25 07:00:00,8,2.1773699850951638,False
2021-08-25 08:00:00,8,2.1410804853435783,False
2021-08-25 09:00:00,8,1.9233434868340615,False
2021-08-25 10:00:00,8,1.1249744922991685,False
2021-08-25 11:00:00,8,1.1249744922991685,False
2021-08-25 12:00:00,8,0.8501220044202445,True
2021-08-25 13:00:00,8,1.2144600063146351,False
2021-08-25 14:00:00,8,0.971568005051708,True
2021-08-25 15:00:00,8,0.9798164932928235,True
2021-08-25 16:00:00,8,1.2441912291701076,False
2021-08-25 17:00:00,8,1.5475861127992252,False
2021-08-25 18:00:00,8,1.8870539870824752,False
2021-08-25 19:00:00,8,1.3790009905602707,False
2021-08-25 20:00:00,8,1.1249744922991674,False
2021-08-25 21:00:00,8,1.3790009905602707,False
2021-08-25 22:00:00,8,1.2338429915539257,False
2021-08-25 23:00:00,8,1.1405086267392655,False
2021-08-26 00:00:00,8,1.2338429915539268,False
2021-08-26 01:00:00,8,1.451556434031792,False
2021-08-26 02:00:00,8,1.01610599304441,False
2021-08-26 03:00:00,8,0.9331434218775808,False
2021-08-26 04:00:00,8,1.2441912291701076,False
2021-08-26 05:00:00,8,1.0322910053674397,False
2021-08-26 06:00:00,8,1.6693169885729593,False
2021-08-26 07:00:00,8,1.3064219910570989,False
2021-08-26 08:00:00,8,0.8501220044202444,True
2021-08-26 09:00:00,8,0.9435269935412383,True
2021-08-26 10:00:00,8,1.2441912291701076,False
2021-08-26 11:00:00,8,0.9798164932928235,True
2021-08-26 12:00:00,8,1.415290490311857,False
2021-08-26 13:00:00,8,1.4515799900634425,False
2021-08-26 14:00:00,8,0.8709479940380662,True
2021-08-26 15:00:00,8,1.088684992547582,False
2021-08-26 16:00:00,8,1.5967379890697877,False
2021-08-26 17:00:00,8,1.5967379890697877,False
2021-08-26 18:00:00,8,1.4152904903118575,False
2021-08-26 19:00:00,8,1.0523954927959966,False
2021-08-26 20:00:00,8,1.342711490808684,False
2021-08-26 21:00:00,8,1.1249744922991685,False
2021-08-26 22:00:00,8,0.7620794947833078,True
2021-08-26 23:00:00,8,0.8294608194467383,True
2021-08-27 01:00:00,8,0.6895004952801347,False
2021-08-27 02:00:00,8,1.1943753179560717,False
2021-08-27 03:00:00,8,1.0170003238815957,False
2021-08-27 04:00:00,8,0.6385985397171186,True
2021-08-27 05:00:00,8,0.24289200126292698,False
2021-08-27 06:00:00,8,0.9072374937896516,False
2021-08-27 07:00:00,8,1.0161059930444098,False
2021-08-27 08:00:00,8,0.7274284316947046,True
2021-08-27 09:00:00,8,0.8294608194467384,True
2021-08-27 10:00:00,8,0.689500495280136,True
2021-08-27 11:00:00,8,0.7257899950317213,True
2021-08-27 12:00:00,8,1.1975534918023403,False
2021-08-27 13:00:00,8,1.2338429915539257,False
2021-08-27 14:00:00,8,1.3064219910570973,False
2021-08-27 15:00:00,8,2.1410804853435774,False
2021-08-27 16:00:00,8,2.104790985591992,False
2021-08-27 17:00:00,8,2.0685014858404065,False
2021-08-27 18:00:00,8,1.9699694461860031,False
2021-08-27 19:00:00,8,1.560448489318201,False
2021-08-27 20:00:00,8,1.3478738316009498,False
2021-08-27 21:00:00,8,0.6220956145850536,True
2021-08-27 22:00:00,8,0.7620794947833078,True
2021-08-27 23:00:00,8,1.0368260243084229,False
2021-08-30 08:00:00,8,0.6532109955285493,True
2021-08-30 09:00:00,8,0.4717634967706177,True
2021-08-30 10:00:00,8,0.544342496273791,True
2021-08-30 11:00:00,8,0.31104780729252673,True
2021-08-30 12:00:00,8,0.9331434218775806,True
2021-08-30 13:00:00,8,0.7630192142004333,True
2021-08-30 14:00:00,8,0.6679530034730494,True
2021-08-30 15:00:00,8,0.45839247719679965,True
2021-08-30 16:00:00,8,0.4147304097233693,True
2021-08-30 17:00:00,8,1.0463742229374022,False
2021-08-30 18:00:00,8,0.7257899950317213,True
2021-08-30 19:00:00,8,0.47176349677061924,True
2021-08-30 20:00:00,8,0.5369912023348828,True
2021-08-30 21:00:00,8,0.870947994038065,True
2021-08-30 22:00:00,8,0.5373930438422676,True
2021-08-30 23:00:00,8,0.7257899950317213,True
2021-08-31 00:00:00,8,0.9331434218775805,False
2021-08-31 01:00:00,8,0.9072374937896515,False
2021-08-31 02:00:00,8,0.6169214957769628,True
2021-08-31 03:00:00,8,1.0971617832528526,False
2021-08-31 04:00:00,8,0.7620794947833065,True
2021-08-31 05:00:00,8,0.7620794947833078,False
2021-08-31 06:00:00,8,0.7983689945348931,False
2021-08-31 07:00:00,8,0.36433800189439053,False
2021-08-31 08:00:00,8,0.6072300031573176,True
2021-08-31 09:00:00,8,1.1975534918023403,False
2021-08-31 10:00:00,8,0.9331434218775806,True
2021-08-31 11:00:00,8,0.8709479940380662,True
2021-08-31 12:00:00,8,1.4573520075775621,False
2021-08-31 13:00:00,8,0.7656971864057753,True
2021-08-31 14:00:00,8,0.3110478072925269,True
2021-08-31 15:00:00,8,0.7257899950317213,True
2021-08-31 16:00:00,8,0.7983689945348933,True
2021-08-31 17:00:00,8,0.8346584942864796,True
2021-08-31 18:00:00,8,0.8294608194467384,True
2021-08-31 19:00:00,8,0.9072374937896516,True
2021-08-31 20:00:00,8,0.9072374937896517,True
2021-08-31 21:00:00,8,0.9072374937896516,True
2021-08-31 22:00:00,8,1.3790009905602707,False
2021-08-31 23:00:00,8,1.2441912291701076,False
