month,week,hours,dates,peak_mean,mean_target,production_median,temperature_mean,humidity_mean,wind_mean,wet_hours
6,2021-05-31,13,3,126.0,116.92307692307692,140.0,19.36923076923077,84.84615384615384,1.0307692307692309,1
6,2021-06-07,34,5,137.3235294117647,128.91176470588235,705.5,22.929411764705883,76.97058823529412,1.2264705882352942,9
6,2021-06-14,35,4,168.8,158.22857142857143,982.0,21.805714285714288,89.8,1.7514285714285713,17
6,2021-06-21,43,5,143.37209302325581,131.8372093023256,606.0,20.79767441860465,82.27906976744185,1.5627906976744186,1
6,2021-06-28,40,3,159.775,148.05,782.5,23.057499999999997,79.675,2.0524999999999998,0
7,2021-06-28,35,2,149.8,138.4,676.0,22.537142857142857,84.51428571428572,1.98,0
7,2021-07-05,42,5,149.73809523809524,139.47619047619048,742.5,23.16190476190476,95.19047619047619,1.0738095238095238,33
7,2021-07-12,11,2,161.27272727272728,148.63636363636363,1304.0,26.672727272727272,83.0,1.7545454545454546,0
7,2021-07-19,21,5,154.85714285714286,142.76190476190476,568.0,26.723809523809525,82.23809523809524,1.4476190476190476,0
7,2021-07-26,28,5,153.07142857142858,142.64285714285714,203.5,26.571428571428573,82.25,1.407142857142857,0
