period,date,high_hours,onsets,excess_sum,daily_peak,mean_of_record_peaks,exact_daily_mean,production_record_sum,week
Jan-Jun,2021-01-01,0,0,0.0,116,49.708333333333336,46.177083333333336,0,2020-12-28/2021-01-03
Jan-Jun,2021-01-02,0,0,0.0,116,49.791666666666664,46.260416666666664,0,2020-12-28/2021-01-03
Jan-Jun,2021-01-03,0,0,0.0,27,23.958333333333332,22.770833333333332,0,2020-12-28/2021-01-03
Jan-Jun,2021-01-04,0,0,0.0,173,131.33333333333334,121.44791666666667,13672,2021-01-04/2021-01-10
Jan-Jun,2021-01-05,0,0,0.0,26,23.125,21.9375,0,2021-01-04/2021-01-10
Jan-Jun,2021-01-06,0,0,0.0,26,23.125,21.9375,0,2021-01-04/2021-01-10
Jan-Jun,2021-01-07,2,2,0.0,182,112.375,104.25,16805,2021-01-04/2021-01-10
Jan-Jun,2021-01-08,0,0,0.0,180,136.04166666666666,125.42708333333333,21783,2021-01-04/2021-01-10
Jan-Jun,2021-01-09,0,0,0.0,181,93.29166666666667,85.79166666666667,667,2021-01-04/2021-01-10
Jan-Jun,2021-01-10,0,0,0.0,177,77.04166666666667,73.14583333333333,0,2021-01-04/2021-01-10
Jan-Jun,2021-01-11,0,0,0.0,175,135.5,127.20833333333333,11267,2021-01-11/2021-01-17
Jan-Jun,2021-01-12,0,0,0.0,26,23.125,21.9375,0,2021-01-11/2021-01-17
Jan-Jun,2021-01-13,0,0,0.0,26,23.125,21.9375,0,2021-01-11/2021-01-17
Jan-Jun,2021-01-14,7,4,56.0,204,123.04166666666667,112.25,17561,2021-01-11/2021-01-17
Jan-Jun,2021-01-15,4,3,31.0,198,147.83333333333334,137.82291666666666,14345,2021-01-11/2021-01-17
Jan-Jun,2021-01-16,1,1,3.0,185,85.29166666666667,79.47916666666667,699,2021-01-11/2021-01-17
Jan-Jun,2021-01-17,5,3,46.0,197,149.375,140.35416666666666,24,2021-01-11/2021-01-17
Jan-Jun,2021-01-18,2,2,7.0,186,144.08333333333334,133.5,15145,2021-01-18/2021-01-24
Jan-Jun,2021-01-19,0,0,0.0,26,23.125,21.9375,0,2021-01-18/2021-01-24
Jan-Jun,2021-01-20,0,0,0.0,26,23.125,21.9375,0,2021-01-18/2021-01-24
Jan-Jun,2021-01-21,7,2,105.0,208,122.66666666666667,112.41666666666667,17215,2021-01-18/2021-01-24
Jan-Jun,2021-01-22,2,2,11.0,189,146.16666666666666,133.82291666666666,15307,2021-01-18/2021-01-24
Jan-Jun,2021-01-23,0,0,0.0,174,139.16666666666666,128.92708333333334,3180,2021-01-18/2021-01-24
Jan-Jun,2021-01-24,2,2,14.0,190,147.58333333333334,135.80208333333334,0,2021-01-18/2021-01-24
Jan-Jun,2021-01-25,5,2,11.0,186,146.25,134.9375,14441,2021-01-25/2021-01-31
Jan-Jun,2021-01-26,0,0,0.0,26,23.125,21.9375,0,2021-01-25/2021-01-31
Jan-Jun,2021-01-27,0,0,0.0,26,23.125,21.9375,0,2021-01-25/2021-01-31
Jan-Jun,2021-01-28,8,3,63.0,198,121.79166666666667,112.07291666666667,13830,2021-01-25/2021-01-31
Jan-Jun,2021-01-29,5,3,72.0,222,148.33333333333334,137.88541666666666,16340,2021-01-25/2021-01-31
Jan-Jun,2021-01-30,3,2,18.0,193,142.20833333333334,131.63541666666666,1532,2021-01-25/2021-01-31
Jan-Jun,2021-01-31,0,0,0.0,26,23.125,21.9375,0,2021-01-25/2021-01-31
Jan-Jun,2021-02-01,4,1,20.0,195,139.16666666666666,128.67708333333334,20368,2021-02-01/2021-02-07
Jan-Jun,2021-02-02,3,2,19.0,191,139.54166666666666,129.32291666666666,20128,2021-02-01/2021-02-07
Jan-Jun,2021-02-03,0,0,0.0,181,136.375,127.27083333333333,14536,2021-02-01/2021-02-07
Jan-Jun,2021-02-04,0,0,0.0,173,131.33333333333334,121.44791666666667,14411,2021-02-01/2021-02-07
Jan-Jun,2021-02-05,0,0,0.0,116,49.791666666666664,46.260416666666664,19048,2021-02-01/2021-02-07
Jan-Jun,2021-02-06,0,0,0.0,113,51.208333333333336,47.177083333333336,2871,2021-02-01/2021-02-07
Jan-Jun,2021-02-07,0,0,0.0,27,23.833333333333332,22.739583333333332,0,2021-02-01/2021-02-07
Jan-Jun,2021-02-08,0,0,0.0,180,136.04166666666666,125.42708333333333,15707,2021-02-08/2021-02-14
Jan-Jun,2021-02-09,0,0,0.0,181,136.0,126.86458333333333,15164,2021-02-08/2021-02-14
Jan-Jun,2021-02-10,0,0,0.0,177,133.29166666666666,126.07291666666667,7576,2021-02-08/2021-02-14
Jan-Jun,2021-02-11,0,0,0.0,175,135.5,127.20833333333333,0,2021-02-08/2021-02-14
Jan-Jun,2021-02-12,0,0,0.0,113,51.208333333333336,47.177083333333336,0,2021-02-08/2021-02-14
Jan-Jun,2021-02-13,0,0,0.0,113,51.208333333333336,47.177083333333336,0,2021-02-08/2021-02-14
Jan-Jun,2021-02-14,0,0,0.0,27,23.833333333333332,22.739583333333332,0,2021-02-08/2021-02-14
Jan-Jun,2021-02-15,4,3,31.0,198,147.83333333333334,137.82291666666666,15827,2021-02-15/2021-02-21
Jan-Jun,2021-02-16,4,1,28.0,193,145.625,135.32291666666666,19266,2021-02-15/2021-02-21
Jan-Jun,2021-02-17,5,3,46.0,197,149.375,140.35416666666666,19628,2021-02-15/2021-02-21
Jan-Jun,2021-02-18,2,2,7.0,186,144.08333333333334,133.5,16183,2021-02-15/2021-02-21
Jan-Jun,2021-02-19,0,0,0.0,119,50.125,46.3125,20786,2021-02-15/2021-02-21
Jan-Jun,2021-02-20,0,0,0.0,113,51.208333333333336,47.177083333333336,2428,2021-02-15/2021-02-21
Jan-Jun,2021-02-21,0,0,0.0,27,23.833333333333332,22.739583333333332,0,2021-02-15/2021-02-21
Jan-Jun,2021-02-22,2,2,11.0,189,146.16666666666666,133.82291666666666,20273,2021-02-22/2021-02-28
Jan-Jun,2021-02-23,0,0,0.0,174,139.16666666666666,128.92708333333334,20049,2021-02-22/2021-02-28
Jan-Jun,2021-02-24,2,2,14.0,190,147.58333333333334,135.80208333333334,14979,2021-02-22/2021-02-28
Jan-Jun,2021-02-25,5,2,11.0,186,146.25,134.9375,19571,2021-02-22/2021-02-28
Jan-Jun,2021-02-26,0,0,0.0,131,54.291666666666664,50.177083333333336,16936,2021-02-22/2021-02-28
Jan-Jun,2021-02-27,0,0,0.0,113,51.208333333333336,47.177083333333336,2365,2021-02-22/2021-02-28
Jan-Jun,2021-02-28,0,0,0.0,27,23.833333333333332,22.739583333333332,0,2021-02-22/2021-02-28
Jan-Jun,2021-03-01,4,1,20.0,195,139.16666666666666,128.67708333333334,0,2021-03-01/2021-03-07
Jan-Jun,2021-03-02,3,2,19.0,191,139.54166666666666,129.32291666666666,18267,2021-03-01/2021-03-07
Jan-Jun,2021-03-03,0,0,0.0,181,136.375,127.27083333333333,17220,2021-03-01/2021-03-07
Jan-Jun,2021-03-04,0,0,0.0,173,131.33333333333334,121.44791666666667,14500,2021-03-01/2021-03-07
Jan-Jun,2021-03-05,0,0,0.0,26,23.125,21.9375,0,2021-03-01/2021-03-07
Jan-Jun,2021-03-06,0,0,0.0,116,49.791666666666664,46.260416666666664,2362,2021-03-01/2021-03-07
Jan-Jun,2021-03-07,2,2,0.0,182,112.33333333333333,104.23958333333333,0,2021-03-01/2021-03-07
Jan-Jun,2021-03-08,0,0,0.0,180,136.04166666666666,125.42708333333333,14362,2021-03-08/2021-03-14
Jan-Jun,2021-03-09,0,0,0.0,181,136.0,126.86458333333333,17492,2021-03-08/2021-03-14
Jan-Jun,2021-03-10,0,0,0.0,177,133.29166666666666,126.07291666666667,13519,2021-03-08/2021-03-14
Jan-Jun,2021-03-11,0,0,0.0,175,135.5,127.20833333333333,17899,2021-03-08/2021-03-14
Jan-Jun,2021-03-12,0,0,0.0,26,23.125,21.9375,0,2021-03-08/2021-03-14
Jan-Jun,2021-03-13,0,0,0.0,116,49.791666666666664,46.260416666666664,1610,2021-03-08/2021-03-14
Jan-Jun,2021-03-14,7,4,56.0,204,123.04166666666667,112.25,0,2021-03-08/2021-03-14
Jan-Jun,2021-03-15,4,3,31.0,198,147.83333333333334,137.82291666666666,16373,2021-03-15/2021-03-21
Jan-Jun,2021-03-16,4,1,28.0,193,145.625,135.32291666666666,19441,2021-03-15/2021-03-21
Jan-Jun,2021-03-17,5,3,46.0,197,149.375,140.35416666666666,15807,2021-03-15/2021-03-21
Jan-Jun,2021-03-18,2,2,7.0,186,144.08333333333334,133.5,15939,2021-03-15/2021-03-21
Jan-Jun,2021-03-19,0,0,0.0,26,23.125,21.9375,0,2021-03-15/2021-03-21
Jan-Jun,2021-03-20,0,0,0.0,116,49.791666666666664,46.260416666666664,1297,2021-03-15/2021-03-21
Jan-Jun,2021-03-21,7,2,105.0,208,119.5,111.0,0,2021-03-15/2021-03-21
Jan-Jun,2021-03-22,2,2,11.0,189,146.16666666666666,133.82291666666666,20869,2021-03-22/2021-03-28
Jan-Jun,2021-03-23,0,0,0.0,174,139.16666666666666,128.92708333333334,21418,2021-03-22/2021-03-28
Jan-Jun,2021-03-24,2,2,14.0,190,147.58333333333334,135.80208333333334,16284,2021-03-22/2021-03-28
Jan-Jun,2021-03-25,5,2,11.0,186,146.25,134.9375,18867,2021-03-22/2021-03-28
Jan-Jun,2021-03-26,0,0,0.0,26,23.125,21.9375,0,2021-03-22/2021-03-28
Jan-Jun,2021-03-27,0,0,0.0,116,49.791666666666664,46.260416666666664,1967,2021-03-22/2021-03-28
Jan-Jun,2021-03-28,8,3,63.0,198,118.83333333333333,110.54166666666667,0,2021-03-22/2021-03-28
Jan-Jun,2021-03-29,5,3,72.0,222,148.33333333333334,137.88541666666666,15502,2021-03-29/2021-04-04
Jan-Jun,2021-03-30,3,2,18.0,193,142.20833333333334,131.63541666666666,24212,2021-03-29/2021-04-04
Jan-Jun,2021-03-31,0,0,0.0,26,23.125,21.9375,0,2021-03-29/2021-04-04
Jan-Jun,2021-04-01,2,2,2.0,184,110.5,101.02083333333333,14821,2021-03-29/2021-04-04
Jan-Jun,2021-04-02,0,0,0.0,181,140.91666666666666,130.59375,2134,2021-03-29/2021-04-04
Jan-Jun,2021-04-03,0,0,0.0,118,49.041666666666664,45.520833333333336,56,2021-03-29/2021-04-04
Jan-Jun,2021-04-04,0,0,0.0,26,22.791666666666668,21.53125,0,2021-03-29/2021-04-04
Jan-Jun,2021-04-05,2,2,2.0,184,110.5,101.02083333333333,17709,2021-04-05/2021-04-11
Jan-Jun,2021-04-06,0,0,0.0,181,140.91666666666666,130.59375,18060,2021-04-05/2021-04-11
Jan-Jun,2021-04-07,2,1,22.0,199,113.45833333333333,103.47916666666667,16556,2021-04-05/2021-04-11
Jan-Jun,2021-04-08,0,0,0.0,181,129.25,119.71875,15068,2021-04-05/2021-04-11
Jan-Jun,2021-04-09,1,1,2.0,184,112.04166666666667,102.67708333333333,15895,2021-04-05/2021-04-11
Jan-Jun,2021-04-10,0,0,0.0,115,50.083333333333336,45.729166666666664,3055,2021-04-05/2021-04-11
Jan-Jun,2021-04-11,0,0,0.0,25,21.875,20.572916666666668,0,2021-04-05/2021-04-11
Jan-Jun,2021-04-12,1,1,0.0,182,133.5,123.47916666666667,16126,2021-04-12/2021-04-18
Jan-Jun,2021-04-13,1,1,0.0,182,133.5,123.47916666666667,20850,2021-04-12/2021-04-18
Jan-Jun,2021-04-14,1,1,0.0,182,133.5,123.47916666666667,17711,2021-04-12/2021-04-18
Jan-Jun,2021-04-15,1,1,0.0,182,133.5,123.47916666666667,16202,2021-04-12/2021-04-18
Jan-Jun,2021-04-16,1,1,0.0,182,133.5,123.47916666666667,19753,2021-04-12/2021-04-18
Jan-Jun,2021-04-17,0,0,0.0,115,50.083333333333336,45.729166666666664,2978,2021-04-12/2021-04-18
Jan-Jun,2021-04-18,0,0,0.0,25,21.875,20.572916666666668,0,2021-04-12/2021-04-18
Jan-Jun,2021-04-19,0,0,0.0,172,108.20833333333333,99.17708333333333,14814,2021-04-19/2021-04-25
Jan-Jun,2021-04-20,0,0,0.0,172,108.20833333333333,99.17708333333333,15647,2021-04-19/2021-04-25
Jan-Jun,2021-04-21,0,0,0.0,174,133.08333333333334,122.42708333333333,15654,2021-04-19/2021-04-25
Jan-Jun,2021-04-22,0,0,0.0,174,133.08333333333334,122.42708333333333,17361,2021-04-19/2021-04-25
Jan-Jun,2021-04-23,0,0,0.0,174,133.08333333333334,122.42708333333333,13853,2021-04-19/2021-04-25
Jan-Jun,2021-04-24,0,0,0.0,112,47.083333333333336,43.010416666666664,2904,2021-04-19/2021-04-25
Jan-Jun,2021-04-25,0,0,0.0,25,21.875,20.572916666666668,0,2021-04-19/2021-04-25
Jan-Jun,2021-04-26,0,0,0.0,176,129.41666666666666,118.54166666666667,14427,2021-04-26/2021-05-02
Jan-Jun,2021-04-27,0,0,0.0,176,129.41666666666666,118.54166666666667,26142,2021-04-26/2021-05-02
Jan-Jun,2021-04-28,0,0,0.0,175,131.33333333333334,121.34375,18926,2021-04-26/2021-05-02
Jan-Jun,2021-04-29,0,0,0.0,175,131.33333333333334,121.34375,20601,2021-04-26/2021-05-02
Jan-Jun,2021-04-30,0,0,0.0,174,133.08333333333334,122.42708333333333,15617,2021-04-26/2021-05-02
Jan-Jun,2021-05-01,0,0,0.0,118,49.041666666666664,45.520833333333336,2792,2021-04-26/2021-05-02
Jan-Jun,2021-05-02,0,0,0.0,26,22.791666666666668,21.53125,0,2021-04-26/2021-05-02
Jan-Jun,2021-05-03,2,2,2.0,184,110.5,101.02083333333333,14606,2021-05-03/2021-05-09
Jan-Jun,2021-05-04,0,0,0.0,181,140.91666666666666,130.59375,16356,2021-05-03/2021-05-09
Jan-Jun,2021-05-05,0,0,0.0,120,49.5,45.708333333333336,2190,2021-05-03/2021-05-09
Jan-Jun,2021-05-06,2,1,22.0,199,113.45833333333333,103.47916666666667,21648,2021-05-03/2021-05-09
Jan-Jun,2021-05-07,0,0,0.0,181,129.25,119.71875,15641,2021-05-03/2021-05-09
Jan-Jun,2021-05-08,0,0,0.0,115,50.083333333333336,45.729166666666664,2848,2021-05-03/2021-05-09
Jan-Jun,2021-05-09,1,1,2.0,184,112.04166666666667,102.67708333333333,0,2021-05-03/2021-05-09
Jan-Jun,2021-05-10,1,1,2.0,184,112.04166666666667,102.67708333333333,16646,2021-05-10/2021-05-16
Jan-Jun,2021-05-11,1,1,3.0,185,136.75,127.19791666666667,22088,2021-05-10/2021-05-16
Jan-Jun,2021-05-12,2,2,3.0,184,138.41666666666666,126.03125,20189,2021-05-10/2021-05-16
Jan-Jun,2021-05-13,0,0,0.0,176,132.33333333333334,122.0,17668,2021-05-10/2021-05-16
Jan-Jun,2021-05-14,0,0,0.0,157,126.95833333333333,117.09375,17374,2021-05-10/2021-05-16
Jan-Jun,2021-05-15,0,0,0.0,105,45.625,42.322916666666664,742,2021-05-10/2021-05-16
Jan-Jun,2021-05-16,0,0,0.0,25,21.875,20.572916666666668,0,2021-05-10/2021-05-16
Jan-Jun,2021-05-17,3,2,15.0,192,109.66666666666667,99.91666666666667,13391,2021-05-17/2021-05-23
Jan-Jun,2021-05-18,1,1,0.0,182,133.5,123.47916666666667,23411,2021-05-17/2021-05-23
Jan-Jun,2021-05-19,0,0,0.0,108,46.458333333333336,41.864583333333336,2990,2021-05-17/2021-05-23
Jan-Jun,2021-05-20,0,0,0.0,181,105.0,96.94791666666667,15890,2021-05-17/2021-05-23
Jan-Jun,2021-05-21,0,0,0.0,160,125.33333333333333,116.58333333333333,24516,2021-05-17/2021-05-23
Jan-Jun,2021-05-22,0,0,0.0,112,47.083333333333336,43.010416666666664,2543,2021-05-17/2021-05-23
Jan-Jun,2021-05-23,0,0,0.0,25,22.375,21.15625,0,2021-05-17/2021-05-23
Jan-Jun,2021-05-24,0,0,0.0,172,108.20833333333333,99.17708333333333,16585,2021-05-24/2021-05-30
Jan-Jun,2021-05-25,0,0,0.0,174,133.08333333333334,122.42708333333333,22021,2021-05-24/2021-05-30
Jan-Jun,2021-05-26,0,0,0.0,166,129.66666666666666,119.375,19944,2021-05-24/2021-05-30
Jan-Jun,2021-05-27,0,0,0.0,176,129.41666666666666,118.54166666666667,20617,2021-05-24/2021-05-30
Jan-Jun,2021-05-28,0,0,0.0,175,131.33333333333334,121.34375,18873,2021-05-24/2021-05-30
Jan-Jun,2021-05-29,0,0,0.0,107,47.708333333333336,43.770833333333336,3071,2021-05-24/2021-05-30
Jan-Jun,2021-05-30,0,0,0.0,26,23.125,21.9375,0,2021-05-24/2021-05-30
Jan-Jun,2021-05-31,0,0,0.0,172,109.04166666666667,100.77083333333333,17276,2021-05-31/2021-06-06
Jan-Jun,2021-06-01,4,1,20.0,195,139.16666666666666,128.67708333333334,17704,2021-05-31/2021-06-06
Jan-Jun,2021-06-02,3,2,19.0,191,139.54166666666666,129.32291666666666,23620,2021-05-31/2021-06-06
Jan-Jun,2021-06-03,0,0,0.0,181,136.375,127.27083333333333,22814,2021-05-31/2021-06-06
Jan-Jun,2021-06-04,0,0,0.0,173,131.33333333333334,121.44791666666667,16443,2021-05-31/2021-06-06
Jan-Jun,2021-06-05,0,0,0.0,116,49.791666666666664,46.260416666666664,1321,2021-05-31/2021-06-06
Jan-Jun,2021-06-06,0,0,0.0,27,23.958333333333332,22.770833333333332,0,2021-05-31/2021-06-06
Jan-Jun,2021-06-07,2,2,0.0,182,112.375,104.25,16624,2021-06-07/2021-06-13
Jan-Jun,2021-06-08,0,0,0.0,180,136.04166666666666,125.42708333333333,17157,2021-06-07/2021-06-13
Jan-Jun,2021-06-09,0,0,0.0,181,136.0,126.86458333333333,16670,2021-06-07/2021-06-13
Jan-Jun,2021-06-10,0,0,0.0,177,133.29166666666666,126.07291666666667,13267,2021-06-07/2021-06-13
Jan-Jun,2021-06-11,0,0,0.0,175,135.5,127.20833333333333,16121,2021-06-07/2021-06-13
Jan-Jun,2021-06-12,0,0,0.0,113,51.208333333333336,47.177083333333336,2422,2021-06-07/2021-06-13
Jan-Jun,2021-06-13,0,0,0.0,27,23.833333333333332,22.739583333333332,0,2021-06-07/2021-06-13
Jan-Jun,2021-06-14,7,4,56.0,204,123.04166666666667,112.25,13133,2021-06-14/2021-06-20
Jan-Jun,2021-06-15,4,3,31.0,198,147.83333333333334,137.82291666666666,21534,2021-06-14/2021-06-20
Jan-Jun,2021-06-16,4,1,28.0,193,145.625,135.32291666666666,16985,2021-06-14/2021-06-20
Jan-Jun,2021-06-17,5,3,46.0,197,149.375,140.35416666666666,16681,2021-06-14/2021-06-20
Jan-Jun,2021-06-18,2,2,7.0,186,144.08333333333334,133.5,16376,2021-06-14/2021-06-20
Jan-Jun,2021-06-19,0,0,0.0,119,50.125,46.3125,1559,2021-06-14/2021-06-20
Jan-Jun,2021-06-20,0,0,0.0,28,24.0,22.854166666666668,0,2021-06-14/2021-06-20
Jan-Jun,2021-06-21,7,2,105.0,208,122.66666666666667,112.41666666666667,15640,2021-06-21/2021-06-27
Jan-Jun,2021-06-22,2,2,11.0,189,146.16666666666666,133.82291666666666,19284,2021-06-21/2021-06-27
Jan-Jun,2021-06-23,0,0,0.0,174,139.16666666666666,128.92708333333334,18895,2021-06-21/2021-06-27
Jan-Jun,2021-06-24,2,2,14.0,190,147.58333333333334,135.80208333333334,17643,2021-06-21/2021-06-27
Jan-Jun,2021-06-25,5,2,11.0,186,146.25,134.9375,17958,2021-06-21/2021-06-27
Jan-Jun,2021-06-26,0,0,0.0,131,54.291666666666664,50.177083333333336,3813,2021-06-21/2021-06-27
Jan-Jun,2021-06-27,0,0,0.0,31,25.25,24.1875,0,2021-06-21/2021-06-27
Jan-Jun,2021-06-28,8,3,63.0,198,121.79166666666667,112.07291666666667,17807,2021-06-28/2021-07-04
Jan-Jun,2021-06-29,5,3,72.0,222,148.33333333333334,137.88541666666666,21196,2021-06-28/2021-07-04
Jan-Jun,2021-06-30,3,2,18.0,193,142.20833333333334,131.63541666666666,18575,2021-06-28/2021-07-04
Jul-Aug,2021-07-01,8,2,80.0,206,149.16666666666666,138.78125,18353,2021-06-28/2021-07-04
Jul-Aug,2021-07-02,3,3,10.0,187,141.70833333333334,131.63541666666666,19849,2021-06-28/2021-07-04
Jul-Aug,2021-07-03,0,0,0.0,112,49.708333333333336,45.3125,1735,2021-06-28/2021-07-04
Jul-Aug,2021-07-04,0,0,0.0,28,24.625,23.25,0,2021-06-28/2021-07-04
Jul-Aug,2021-07-05,4,3,8.0,185,115.33333333333333,105.59375,15715,2021-07-05/2021-07-11
Jul-Aug,2021-07-06,4,3,17.0,193,142.29166666666666,132.97916666666666,16581,2021-07-05/2021-07-11
Jul-Aug,2021-07-07,6,2,37.0,203,145.45833333333334,134.70833333333334,19407,2021-07-05/2021-07-11
Jul-Aug,2021-07-08,8,2,81.0,201,146.33333333333334,136.22916666666666,19519,2021-07-05/2021-07-11
Jul-Aug,2021-07-09,4,2,26.0,192,140.66666666666666,131.38541666666666,16527,2021-07-05/2021-07-11
Jul-Aug,2021-07-10,0,0,0.0,106,50.083333333333336,46.083333333333336,487,2021-07-05/2021-07-11
Jul-Aug,2021-07-11,0,0,0.0,28,24.625,23.354166666666668,0,2021-07-05/2021-07-11
Jul-Aug,2021-07-12,6,2,53.0,198,122.83333333333333,111.70833333333333,17043,2021-07-12/2021-07-18
Jul-Aug,2021-07-14,5,2,35.0,195,141.04166666666666,131.19791666666666,17253,2021-07-12/2021-07-18
Jul-Aug,2021-07-16,5,2,47.0,197,143.91666666666666,132.0625,24412,2021-07-12/2021-07-18
Jul-Aug,2021-07-17,0,0,0.0,110,49.083333333333336,44.03125,1867,2021-07-12/2021-07-18
Jul-Aug,2021-07-18,0,0,0.0,28,24.708333333333332,23.510416666666668,0,2021-07-12/2021-07-18
Jul-Aug,2021-07-19,10,2,145.0,222,127.16666666666667,114.3125,13584,2021-07-19/2021-07-25
Jul-Aug,2021-07-20,9,3,120.0,201,151.375,140.36458333333334,23473,2021-07-19/2021-07-25
Jul-Aug,2021-07-21,8,2,165.0,214,152.125,140.65625,19461,2021-07-19/2021-07-25
Jul-Aug,2021-07-22,6,2,73.0,213,144.91666666666666,135.10416666666666,15801,2021-07-19/2021-07-25
Jul-Aug,2021-07-23,8,2,109.0,206,146.58333333333334,135.92708333333334,23560,2021-07-19/2021-07-25
Jul-Aug,2021-07-24,0,0,0.0,104,48.333333333333336,44.854166666666664,2319,2021-07-19/2021-07-25
Jul-Aug,2021-07-25,0,0,0.0,29,25.541666666666668,24.395833333333332,0,2021-07-19/2021-07-25
Jul-Aug,2021-07-26,6,3,108.0,217,123.29166666666667,111.40625,24022,2021-07-26/2021-08-01
Jul-Aug,2021-07-27,9,2,147.0,211,155.45833333333334,145.0625,20776,2021-07-26/2021-08-01
Jul-Aug,2021-07-28,9,3,154.0,212,157.0,145.58333333333334,24285,2021-07-26/2021-08-01
Jul-Aug,2021-07-29,7,2,142.0,211,153.91666666666666,142.8125,25698,2021-07-26/2021-08-01
Jul-Aug,2021-07-30,9,3,154.0,212,157.0,145.58333333333334,12688,2021-07-26/2021-08-01
Jul-Aug,2021-07-31,0,0,0.0,28,22.416666666666668,21.364583333333332,0,2021-07-26/2021-08-01
Jul-Aug,2021-08-01,0,0,0.0,28,22.833333333333332,21.40625,0,2021-07-26/2021-08-01
Jul-Aug,2021-08-02,0,0,0.0,26,22.708333333333332,21.385416666666668,0,2021-08-02/2021-08-08
Jul-Aug,2021-08-03,0,0,0.0,26,22.833333333333332,21.520833333333332,0,2021-08-02/2021-08-08
Jul-Aug,2021-08-04,0,0,0.0,26,22.583333333333332,21.3125,0,2021-08-02/2021-08-08
Jul-Aug,2021-08-05,0,0,0.0,26,22.75,21.416666666666668,0,2021-08-02/2021-08-08
Jul-Aug,2021-08-06,0,0,0.0,27,22.75,21.75,0,2021-08-02/2021-08-08
Jul-Aug,2021-08-07,0,0,0.0,26,22.666666666666668,21.5,0,2021-08-02/2021-08-08
Jul-Aug,2021-08-08,0,0,0.0,26,22.375,21.260416666666668,0,2021-08-02/2021-08-08
Jul-Aug,2021-08-09,8,2,114.0,215,116.75,107.59375,20689,2021-08-09/2021-08-15
Jul-Aug,2021-08-10,6,3,51.0,195,142.33333333333334,132.79166666666666,17425,2021-08-09/2021-08-15
Jul-Aug,2021-08-11,8,4,128.0,218,150.79166666666666,138.89583333333334,19587,2021-08-09/2021-08-15
Jul-Aug,2021-08-12,8,3,77.0,199,148.29166666666666,137.28125,22339,2021-08-09/2021-08-15
Jul-Aug,2021-08-13,8,2,123.0,207,151.625,139.21875,17668,2021-08-09/2021-08-15
Jul-Aug,2021-08-14,0,0,0.0,108,46.25,42.8125,1529,2021-08-09/2021-08-15
Jul-Aug,2021-08-15,0,0,0.0,28,23.166666666666668,21.947916666666668,0,2021-08-09/2021-08-15
Jul-Aug,2021-08-16,2,1,9.0,190,98.95833333333333,91.38541666666667,10238,2021-08-16/2021-08-22
Jul-Aug,2021-08-17,0,0,0.0,173,133.41666666666666,124.48958333333333,29279,2021-08-16/2021-08-22
Jul-Aug,2021-08-18,5,2,16.0,188,141.16666666666666,129.40625,20063,2021-08-16/2021-08-22
Jul-Aug,2021-08-19,5,3,14.0,188,143.08333333333334,132.83333333333334,25976,2021-08-16/2021-08-22
Jul-Aug,2021-08-20,2,2,13.0,193,140.66666666666666,130.39583333333334,25213,2021-08-16/2021-08-22
Jul-Aug,2021-08-21,0,0,0.0,110,48.416666666666664,44.885416666666664,3794,2021-08-16/2021-08-22
Jul-Aug,2021-08-22,0,0,0.0,27,23.916666666666668,22.666666666666668,0,2021-08-16/2021-08-22
Jul-Aug,2021-08-23,6,2,47.0,196,118.20833333333333,108.52083333333333,16580,2021-08-23/2021-08-29
Jul-Aug,2021-08-24,6,3,64.0,201,145.25,136.15625,16955,2021-08-23/2021-08-29
Jul-Aug,2021-08-25,4,3,11.0,189,144.20833333333334,133.96875,22076,2021-08-23/2021-08-29
Jul-Aug,2021-08-26,8,2,103.0,202,147.83333333333334,138.25,20064,2021-08-23/2021-08-29
Jul-Aug,2021-08-27,3,2,11.0,190,138.16666666666666,128.85416666666666,25769,2021-08-23/2021-08-29
Jul-Aug,2021-08-28,0,0,0.0,119,51.416666666666664,46.1875,1799,2021-08-23/2021-08-29
Jul-Aug,2021-08-29,0,0,0.0,41,12.791666666666666,11.364583333333334,0,2021-08-23/2021-08-29
Jul-Aug,2021-08-30,2,2,5.0,186,117.0,107.77083333333333,10719,2021-08-30/2021-09-05
Jul-Aug,2021-08-31,5,2,15.0,187,144.79166666666666,134.66666666666666,16443,2021-08-30/2021-09-05
