hour,reference_weight,earlier_n,later_n,earlier_high,later_high,contribution,profile_weighted
0,0.041666666666666664,181,60,0,0,0.0,False
1,0.041666666666666664,181,60,0,0,0.0,False
2,0.041666666666666664,181,60,0,0,0.0,False
3,0.041666666666666664,181,60,0,0,0.0,False
4,0.041666666666666664,181,60,0,0,0.0,False
5,0.041666666666666664,181,60,0,0,0.0,False
6,0.041666666666666664,181,60,0,0,0.0,False
7,0.041666666666666664,181,60,0,0,0.0,False
8,0.041666666666666664,181,60,46,31,0.011246955302730658,False
9,0.041666666666666664,181,60,36,30,0.012849077568512095,False
10,0.041666666666666664,181,60,23,27,0.013727360725093042,False
11,0.041666666666666664,181,60,39,33,0.0142768289480149,False
12,0.041666666666666664,181,60,0,0,0.0,False
13,0.041666666666666664,181,60,48,20,0.003052672423269739,False
14,0.041666666666666664,181,60,24,30,0.015602803224630882,False
15,0.041666666666666664,181,60,13,23,0.01319996224946529,False
16,0.041666666666666664,181,60,0,14,0.009854771784232365,False
17,0.041666666666666664,181,60,0,5,0.0035195613515115586,False
18,0.041666666666666664,181,60,6,6,0.002841275614603801,False
19,0.041666666666666664,181,60,0,1,0.0007039122703023117,False
20,0.041666666666666664,181,60,0,0,0.0,False
21,0.041666666666666664,181,60,0,0,0.0,False
22,0.041666666666666664,181,60,0,0,0.0,False
23,0.041666666666666664,181,60,0,0,0.0,False
0,0.041666666666666664,181,60,0,0,0.0,True
1,0.041666666666666664,181,60,0,0,0.0,True
2,0.041666666666666664,181,60,0,0,0.0,True
3,0.041666666666666664,181,60,0,0,0.0,True
4,0.041666666666666664,181,60,0,0,0.0,True
5,0.041666666666666664,181,60,0,0,0.0,True
6,0.041666666666666664,181,60,0,0,0.0,True
7,0.041666666666666664,181,60,0,0,0.0,True
8,0.041666666666666664,181,60,46,31,0.00881696040823843,True
9,0.041666666666666664,181,60,36,30,0.011200106798211422,True
10,0.041666666666666664,181,60,23,27,0.012274399601209332,True
11,0.041666666666666664,181,60,39,33,0.012617430285433738,True
12,0.041666666666666664,181,60,0,0,0.0,True
13,0.041666666666666664,181,60,48,20,0.00181839255372368,True
14,0.041666666666666664,181,60,24,30,0.014365637088847034,True
15,0.041666666666666664,181,60,13,23,0.011439811715124787,True
16,0.041666666666666664,181,60,0,14,0.009646137135974535,True
17,0.041666666666666664,181,60,0,5,0.0027560391817070097,True
18,0.041666666666666664,181,60,6,6,0.0015927636853897199,True
19,0.041666666666666664,181,60,0,1,0.0006890097954267524,True
20,0.041666666666666664,181,60,0,0,0.0,True
21,0.041666666666666664,181,60,0,0,0.0,True
22,0.041666666666666664,181,60,0,0,0.0,True
23,0.041666666666666664,181,60,0,0,0.0,True
