month,lag_hours,n,pearson
0,1,5781,0.9015622948307109
1,1,743,0.8659608147597145
2,1,672,0.9196185644789202
3,1,744,0.8971831920197783
4,1,720,0.8807345813797361
5,1,744,0.8943668341457223
6,1,720,0.8989424480256618
7,1,694,0.903013327960649
8,1,744,0.9343501010852151
0,24,5712,0.367399023127287
1,24,720,0.22730881071457515
2,24,672,0.40669173006857984
3,24,744,0.25404231736722166
4,24,720,0.3576795046557443
5,24,744,0.1510302129576105
6,24,720,0.4218885642077516
7,24,648,0.38501539380681277
8,24,744,0.6030363453137317
0,168,5568,0.7251579925345915
1,168,576,0.6888721496814779
2,168,672,0.7027258293334859
3,168,744,0.8473461144571797
4,168,720,0.6893125850063296
5,168,744,0.6255292350302406
6,168,720,0.9858523123655308
7,168,648,0.9813221879509152
8,168,744,0.3553846881062407
